"Molecule ChEMBL ID";"Molecule Name";"Molecule Max Phase";"Molecular Weight";"#RO5 Violations";"AlogP";"Compound Key";"Smiles";"Standard Type";"Standard Relation";"Standard Value";"Standard Units";"pChEMBL Value";"Data Validity Comment";"Comment";"Uo Units";"Ligand Efficiency BEI";"Ligand Efficiency LE";"Ligand Efficiency LLE";"Ligand Efficiency SEI";"Potential Duplicate";"Assay ChEMBL ID";"Assay Description";"Assay Type";"BAO Format ID";"BAO Label";"Assay Organism";"Assay Tissue ChEMBL ID";"Assay Tissue Name";"Assay Cell Type";"Assay Subcellular Fraction";"Assay Parameters";"Assay Variant Accession";"Assay Variant Mutation";"Target ChEMBL ID";"Target Name";"Target Organism";"Target Type";"Document ChEMBL ID";"Source ID";"Source Description";"Document Journal";"Document Year";"Cell ChEMBL ID";"Properties";"Action Type";"Standard Text Value";"Value"
"CHEMBL311253";"";"None";"732.83";"2";"6.17";"38";"CCCc1nc(CC)c(C(=O)OCCN2C(=O)c3ccccc3C2=O)n1Cc1ccc(-c2ccccc2S(=O)(=O)NC(=O)OCCC(C)C)cc1F";"IC50";"'='";"0.2";"nM";"9.70";"";"";"UO_0000065";"13.23";"0.25";"3.53";"6.30";"0";"CHEMBL648492";"Binding affinity for Angiotensin II receptor, type 1";"B";"BAO_0000357";"single protein format";"None";"None";"None";"None";"None";"";"";"";"CHEMBL227";"Type-1 angiotensin II receptor";"Homo sapiens";"SINGLE PROTEIN";"CHEMBL1150518";"1";"Scientific Literature";"Bioorg Med Chem Lett";"1994";"None";"";"";"";"0.2"
"CHEMBL1824002";"";"None";"521.58";"1";"4.95";"6d";"CCOC(=O)c1cn(Cc2ccc(-c3ccccc3-c3nnn[nH]3)cc2)nc1N(C(C)=O)c1ccc(C)cc1";"IC50";"'='";"3900.0";"nM";"5.41";"";"";"UO_0000065";"10.37";"0.19";"0.46";"4.55";"0";"CHEMBL1826049";"Displacement of [125I][Sar1,Ile8]-AT-II from human recombinant AT1 receptor expressed in HEK293 cells after 120 mins by liquid scintillation counting";"B";"BAO_0000219";"cell-based format";"Homo sapiens";"None";"None";"HEK293";"None";"";"";"";"CHEMBL227";"Type-1 angiotensin II receptor";"Homo sapiens";"SINGLE PROTEIN";"CHEMBL1821571";"1";"Scientific Literature";"Eur J Med Chem";"2011";"CHEMBL3307715";"";"";"";"3.9"
"CHEMBL1824000";"";"None";"521.58";"1";"4.95";"6b";"CCOC(=O)c1cn(Cc2ccc(-c3ccccc3-c3nnn[nH]3)cc2)nc1N(C(C)=O)c1cccc(C)c1";"IC50";"'='";"1600.0";"nM";"5.80";"";"";"UO_0000065";"11.11";"0.20";"0.85";"4.87";"0";"CHEMBL1826049";"Displacement of [125I][Sar1,Ile8]-AT-II from human recombinant AT1 receptor expressed in HEK293 cells after 120 mins by liquid scintillation counting";"B";"BAO_0000219";"cell-based format";"Homo sapiens";"None";"None";"HEK293";"None";"";"";"";"CHEMBL227";"Type-1 angiotensin II receptor";"Homo sapiens";"SINGLE PROTEIN";"CHEMBL1821571";"1";"Scientific Literature";"Eur J Med Chem";"2011";"CHEMBL3307715";"";"";"";"1.6"
"CHEMBL432162";"TASOSARTAN";"2.0";"411.47";"0";"3.42";"tasosartan";"Cc1nc(C)c2c(n1)N(Cc1ccc(-c3ccccc3-c3nnn[nH]3)cc1)C(=O)CC2";"IC50";"'='";"32.0";"nM";"7.50";"";"";"UO_0000065";"18.21";"0.33";"4.07";"7.45";"0";"CHEMBL650308";"Compound was tested for inhibition against Angiotensin II receptor, type 1";"B";"BAO_0000357";"single protein format";"None";"None";"None";"None";"None";"";"";"";"CHEMBL227";"Type-1 angiotensin II receptor";"Homo sapiens";"SINGLE PROTEIN";"CHEMBL1145001";"1";"Scientific Literature";"J Med Chem";"2003";"None";"";"";"";"32.0"
"CHEMBL432162";"TASOSARTAN";"2.0";"411.47";"0";"3.42";"1 (Tasosartan)";"Cc1nc(C)c2c(n1)N(Cc1ccc(-c3ccccc3-c3nnn[nH]3)cc1)C(=O)CC2";"IC50";"'='";"38.0";"nM";"7.42";"";"";"UO_0000065";"18.03";"0.33";"4.00";"7.38";"0";"CHEMBL649492";"Compound was tested in vitro for inhibitory activity against human Angiotensin II receptor in cultured preadipocytes";"B";"BAO_0000219";"cell-based format";"None";"None";"None";"None";"None";"";"";"";"CHEMBL227";"Type-1 angiotensin II receptor";"Homo sapiens";"SINGLE PROTEIN";"CHEMBL1135844";"1";"Scientific Literature";"Bioorg Med Chem Lett";"2002";"None";"";"";"";"38.0"
"CHEMBL308703";"";"None";"563.67";"1";"4.15";"12j (XH148)";"CCCc1nc(CN2CCN(c3ccccn3)CC2)c(C(=O)O)n1Cc1ccc(-c2ccccc2-c2nn[nH]n2)cc1";"IC50";"'='";"4.2";"nM";"8.38";"";"";"UO_0000065";"14.86";"0.27";"4.23";"6.50";"0";"CHEMBL647574";"In vitro binding affinity of compound against Angiotensin II receptor, type 1";"B";"BAO_0000357";"single protein format";"None";"None";"None";"None";"None";"";"";"";"CHEMBL227";"Type-1 angiotensin II receptor";"Homo sapiens";"SINGLE PROTEIN";"CHEMBL1127975";"1";"Scientific Literature";"Bioorg Med Chem Lett";"1994";"None";"";"";"";"4.2"
"CHEMBL72819";"";"None";"678.82";"2";"5.09";"18b";"CCCc1nc(CN2CCN(c3ccccn3)CC2)c(C(=O)O)n1Cc1ccc(-c2ccccc2S(=O)(=O)NC(=O)c2ccccc2)cc1";"IC50";"'='";"6.0";"nM";"8.22";"";"";"UO_0000065";"12.11";"0.23";"3.13";"5.97";"0";"CHEMBL647574";"In vitro binding affinity of compound against Angiotensin II receptor, type 1";"B";"BAO_0000357";"single protein format";"None";"None";"None";"None";"None";"";"";"";"CHEMBL227";"Type-1 angiotensin II receptor";"Homo sapiens";"SINGLE PROTEIN";"CHEMBL1127975";"1";"Scientific Literature";"Bioorg Med Chem Lett";"1994";"None";"";"";"";"6.0"
"CHEMBL1824004";"";"None";"479.54";"1";"5.01";"8";"CCOC(=O)c1cn(Cc2ccc(-c3ccccc3-c3nnn[nH]3)cc2)nc1Nc1cccc(C)c1";"IC50";"'='";"2300.0";"nM";"5.64";"";"";"UO_0000065";"11.76";"0.21";"0.63";"5.10";"0";"CHEMBL1826049";"Displacement of [125I][Sar1,Ile8]-AT-II from human recombinant AT1 receptor expressed in HEK293 cells after 120 mins by liquid scintillation counting";"B";"BAO_0000219";"cell-based format";"Homo sapiens";"None";"None";"HEK293";"None";"";"";"";"CHEMBL227";"Type-1 angiotensin II receptor";"Homo sapiens";"SINGLE PROTEIN";"CHEMBL1821571";"1";"Scientific Literature";"Eur J Med Chem";"2011";"CHEMBL3307715";"";"";"";"2.3"
"CHEMBL71286";"";"None";"703.86";"2";"8.16";"31";"CCCOC(=O)NS(=O)(=O)c1ccccc1-c1ccc(Cn2c(CCC)nc(CC)c2C(=O)OCc2ccccc2-c2ccsc2)c(F)c1";"IC50";"'='";"0.3";"nM";"9.52";"";"";"UO_0000065";"13.53";"0.27";"1.36";"8.17";"0";"CHEMBL648492";"Binding affinity for Angiotensin II receptor, type 1";"B";"BAO_0000357";"single protein format";"None";"None";"None";"None";"None";"";"";"";"CHEMBL227";"Type-1 angiotensin II receptor";"Homo sapiens";"SINGLE PROTEIN";"CHEMBL1150518";"1";"Scientific Literature";"Bioorg Med Chem Lett";"1994";"None";"";"";"";"0.3"
"CHEMBL70161";"";"None";"705.85";"2";"7.53";"46";"CCCc1nc(CC)c(C(=O)OCCCC(=O)c2ccccc2)n1Cc1ccc(-c2ccccc2S(=O)(=O)NC(=O)OCCC(C)C)cc1F";"IC50";"'='";"0.1";"nM";"10.00";"";"";"UO_0000065";"14.17";"0.27";"2.47";"7.48";"0";"CHEMBL648492";"Binding affinity for Angiotensin II receptor, type 1";"B";"BAO_0000357";"single protein format";"None";"None";"None";"None";"None";"";"";"";"CHEMBL227";"Type-1 angiotensin II receptor";"Homo sapiens";"SINGLE PROTEIN";"CHEMBL1150518";"1";"Scientific Literature";"Bioorg Med Chem Lett";"1994";"None";"";"";"";"0.1"
"CHEMBL306923";"";"None";"582.71";"2";"7.32";"15";"CCCc1nc(CC)c(C(=O)OCc2ccc(-c3ccccc3)cc2)n1Cc1ccc(-c2ccccc2-c2nn[nH]n2)cc1";"IC50";"'='";"3.0";"nM";"8.52";"";"";"UO_0000065";"14.63";"0.26";"1.20";"8.65";"0";"CHEMBL648492";"Binding affinity for Angiotensin II receptor, type 1";"B";"BAO_0000357";"single protein format";"None";"None";"None";"None";"None";"";"";"";"CHEMBL227";"Type-1 angiotensin II receptor";"Homo sapiens";"SINGLE PROTEIN";"CHEMBL1150518";"1";"Scientific Literature";"Bioorg Med Chem Lett";"1994";"None";"";"";"";"3.0"
"CHEMBL70100";"";"None";"769.92";"2";"8.36";"17";"CCCc1nc(CC)c(C(=O)OCc2ccccc2C(=O)c2ccccc2)n1Cc1ccc(-c2ccccc2S(=O)(=O)NC(=O)OCCc2ccccc2)cc1";"IC50";"'='";"0.74";"nM";"9.13";"";"";"UO_0000065";"11.86";"0.22";"0.77";"6.83";"0";"CHEMBL648492";"Binding affinity for Angiotensin II receptor, type 1";"B";"BAO_0000357";"single protein format";"None";"None";"None";"None";"None";"";"";"";"CHEMBL227";"Type-1 angiotensin II receptor";"Homo sapiens";"SINGLE PROTEIN";"CHEMBL1150518";"1";"Scientific Literature";"Bioorg Med Chem Lett";"1994";"None";"";"";"";"0.74"
"CHEMBL2337683";"";"None";"703.65";"2";"5.40";"30";"CCCCc1n(Cc2ccc(-c3ccccc3-c3nn[nH]n3)cc2)c(CO)c[n+]1Cc1ccc(-c2ccccc2-c2nn[nH]n2)cc1.[Br-]";"IC50";"'='";"416.87";"nM";"6.38";"";"";"UO_0000065";"10.23";"0.19";"0.98";"4.62";"0";"CHEMBL2345156";"Displacement of [125I-Sar1-Ile8]-ANG2 from human Angiotensin 2 type-1 receptor expressed in HEK293 cells after 1 hr by gamma counting analysis";"B";"BAO_0000219";"cell-based format";"Homo sapiens";"None";"None";"HEK293";"None";"";"";"";"CHEMBL227";"Type-1 angiotensin II receptor";"Homo sapiens";"SINGLE PROTEIN";"CHEMBL2331233";"1";"Scientific Literature";"Eur J Med Chem";"2013";"CHEMBL3307715";"";"";"";"6.38"
"CHEMBL2337681";"";"None";"782.54";"2";"6.16";"23d";"CCCCc1c(Br)[n+](Cc2ccc(-c3ccccc3-c3nn[nH]n3)cc2)c(CO)n1Cc1ccc(-c2ccccc2-c2nn[nH]n2)cc1.[Br-]";"IC50";"'='";"42.66";"nM";"7.37";"";"";"UO_0000065";"10.49";"0.21";"1.21";"5.34";"0";"CHEMBL2345156";"Displacement of [125I-Sar1-Ile8]-ANG2 from human Angiotensin 2 type-1 receptor expressed in HEK293 cells after 1 hr by gamma counting analysis";"B";"BAO_0000219";"cell-based format";"Homo sapiens";"None";"None";"HEK293";"None";"";"";"";"CHEMBL227";"Type-1 angiotensin II receptor";"Homo sapiens";"SINGLE PROTEIN";"CHEMBL2331233";"1";"Scientific Literature";"Eur J Med Chem";"2013";"CHEMBL3307715";"";"";"";"7.37"
"CHEMBL2337679";"";"None";"752.52";"2";"6.67";"19d";"CCCCc1c(Br)[n+](Cc2ccc(-c3ccccc3-c3nn[nH]n3)cc2)cn1Cc1ccc(-c2ccccc2-c2nn[nH]n2)cc1.[Br-]";"IC50";"'='";"707.95";"nM";"6.15";"";"";"UO_0000065";"9.14";"0.18";"-0.52";"5.22";"0";"CHEMBL2345156";"Displacement of [125I-Sar1-Ile8]-ANG2 from human Angiotensin 2 type-1 receptor expressed in HEK293 cells after 1 hr by gamma counting analysis";"B";"BAO_0000219";"cell-based format";"Homo sapiens";"None";"None";"HEK293";"None";"";"";"";"CHEMBL227";"Type-1 angiotensin II receptor";"Homo sapiens";"SINGLE PROTEIN";"CHEMBL2331233";"1";"Scientific Literature";"Eur J Med Chem";"2013";"CHEMBL3307715";"";"";"";"6.15"
"CHEMBL123671";"";"None";"535.67";"2";"5.34";"70";"CCCCc1ncc(/C=C2/C(=O)N(CCCC)C(=O)N2Cc2csc(C)n2)n1Cc1ccc(C(=O)O)cc1";"IC50";"'='";"1.2";"nM";"8.92";"";"";"UO_0000065";"16.65";"0.32";"3.58";"8.21";"0";"CHEMBL3056799";"Antagonist activity at angiotensin 2 type-1 receptor (unknown origin)";"B";"BAO_0000357";"single protein format";"Homo sapiens";"None";"None";"None";"None";"";"";"";"CHEMBL227";"Type-1 angiotensin II receptor";"Homo sapiens";"SINGLE PROTEIN";"CHEMBL3045634";"1";"Scientific Literature";"Med Chem Res";"2010";"None";"";"";"";"1.2"
"CHEMBL122443";"";"None";"536.66";"1";"4.62";"68";"CCCCc1ncc(/C=C2/C(=O)N(CCCC)C(=O)N2Cc2csc(N)n2)n1Cc1ccc(C(=O)O)cc1";"IC50";"'='";"0.6";"nM";"9.22";"";"";"UO_0000065";"17.18";"0.33";"4.60";"6.85";"0";"CHEMBL3056799";"Antagonist activity at angiotensin 2 type-1 receptor (unknown origin)";"B";"BAO_0000357";"single protein format";"Homo sapiens";"None";"None";"None";"None";"";"";"";"CHEMBL227";"Type-1 angiotensin II receptor";"Homo sapiens";"SINGLE PROTEIN";"CHEMBL3045634";"1";"Scientific Literature";"Med Chem Res";"2010";"None";"";"";"";"0.6"
"CHEMBL2322449";"";"None";"527.63";"2";"5.50";"12n";"CCc1nc2ccn(Cc3cccc(C)c3)c(=O)c2n1[C@H]1CCc2cc(-c3ccccc3-c3nnn[nH]3)ccc21";"IC50";"'='";"36.9";"nM";"7.43";"";"";"UO_0000065";"14.09";"0.25";"1.93";"7.88";"0";"CHEMBL2327554";"Displacement of [125I]Tyr4-Sar1,Ile8-Angiotensin II from human Angiotensin 1 receptor after";"B";"BAO_0000357";"single protein format";"Homo sapiens";"None";"None";"None";"None";"";"";"";"CHEMBL227";"Type-1 angiotensin II receptor";"Homo sapiens";"SINGLE PROTEIN";"CHEMBL2321681";"1";"Scientific Literature";"Bioorg Med Chem Lett";"2013";"None";"";"";"";"36.9"
"CHEMBL1987579";"";"None";"386.84";"0";"4.71";"SID22412602";"O=C(N/N=C/c1ccccn1)c1cc(-c2ccc(Cl)cc2)nc2ccccc12";"IC50";"'='";"4903.0";"nM";"5.31";"";"Active";"UO_0000065";"";"";"";"";"0";"CHEMBL1614336";"PUBCHEM_BIOASSAY: Dose Response screen for antagonists of Angiotensin II Receptor Type 1 to assess selectivity of uHTS small molecule antagonists hits of the APJ receptor. (Class of assay: confirmatory) [Related pubchem assays: 2569, 2521 ]";"F";"BAO_0000019";"assay format";"Homo sapiens";"None";"None";"None";"None";"";"";"";"CHEMBL227";"Type-1 angiotensin II receptor";"Homo sapiens";"SINGLE PROTEIN";"CHEMBL1201862";"7";"PubChem BioAssays";"";"";"None";"";"";"";"4.903"
"CHEMBL1371002";"";"None";"444.51";"0";"2.86";"SID56324959";"CC(=O)Nc1cccc(C(=O)OCC(=O)c2ccc(S(=O)(=O)N3CCCCC3)cc2)c1";"IC50";"'='";"17984.0";"nM";"4.75";"";"Active";"UO_0000065";"";"";"";"";"0";"CHEMBL1614336";"PUBCHEM_BIOASSAY: Dose Response screen for antagonists of Angiotensin II Receptor Type 1 to assess selectivity of uHTS small molecule antagonists hits of the APJ receptor. (Class of assay: confirmatory) [Related pubchem assays: 2569, 2521 ]";"F";"BAO_0000019";"assay format";"Homo sapiens";"None";"None";"None";"None";"";"";"";"CHEMBL227";"Type-1 angiotensin II receptor";"Homo sapiens";"SINGLE PROTEIN";"CHEMBL1201862";"7";"PubChem BioAssays";"";"";"None";"";"";"";"17.984"
"CHEMBL1394750";"";"None";"640.75";"2";"6.38";"SID85272419";"CCC[C@@H](CN1CCC[C@H]1CN1C(N)=NC[C@H]1CC(C)C)N1C[C@@H](Cc2ccccc2)N(CCc2ccc(Cl)c(Cl)c2)C1=N";"IC50";"'>'";"40000.0";"nM";"";"";"Not Active";"UO_0000065";"";"";"";"";"0";"CHEMBL1614336";"PUBCHEM_BIOASSAY: Dose Response screen for antagonists of Angiotensin II Receptor Type 1 to assess selectivity of uHTS small molecule antagonists hits of the APJ receptor. (Class of assay: confirmatory) [Related pubchem assays: 2569, 2521 ]";"F";"BAO_0000019";"assay format";"Homo sapiens";"None";"None";"None";"None";"";"";"";"CHEMBL227";"Type-1 angiotensin II receptor";"Homo sapiens";"SINGLE PROTEIN";"CHEMBL1201862";"7";"PubChem BioAssays";"";"";"None";"";"";"";"40.0"
"CHEMBL1567702";"";"None";"345.20";"0";"3.84";"SID47201332";"COc1ccc(N=C2C(=O)Nc3ccc(C)c(Br)c32)cc1";"IC50";"'='";"3937.0";"nM";"5.41";"";"Active";"UO_0000065";"";"";"";"";"0";"CHEMBL1614336";"PUBCHEM_BIOASSAY: Dose Response screen for antagonists of Angiotensin II Receptor Type 1 to assess selectivity of uHTS small molecule antagonists hits of the APJ receptor. (Class of assay: confirmatory) [Related pubchem assays: 2569, 2521 ]";"F";"BAO_0000019";"assay format";"Homo sapiens";"None";"None";"None";"None";"";"";"";"CHEMBL227";"Type-1 angiotensin II receptor";"Homo sapiens";"SINGLE PROTEIN";"CHEMBL1201862";"7";"PubChem BioAssays";"";"";"None";"";"";"";"3.937"
"CHEMBL1341609";"";"None";"358.42";"0";"0.38";"SID3717466";"Cn1c(=O)c(C(=S)NC(=O)C2CC2)c(N)n(Cc2ccccc2)c1=O";"IC50";"'>'";"40000.0";"nM";"";"";"Not Active";"UO_0000065";"";"";"";"";"0";"CHEMBL1614336";"PUBCHEM_BIOASSAY: Dose Response screen for antagonists of Angiotensin II Receptor Type 1 to assess selectivity of uHTS small molecule antagonists hits of the APJ receptor. (Class of assay: confirmatory) [Related pubchem assays: 2569, 2521 ]";"F";"BAO_0000019";"assay format";"Homo sapiens";"None";"None";"None";"None";"";"";"";"CHEMBL227";"Type-1 angiotensin II receptor";"Homo sapiens";"SINGLE PROTEIN";"CHEMBL1201862";"7";"PubChem BioAssays";"";"";"None";"";"";"";"40.0"
"CHEMBL261693";"";"None";"272.31";"0";"3.66";"SID7975750";"Cc1ccc(-c2cc3c(nn2)-c2ccccc2C3=O)cc1";"IC50";"'='";"2893.0";"nM";"5.54";"";"Active";"UO_0000065";"";"";"";"";"0";"CHEMBL1614336";"PUBCHEM_BIOASSAY: Dose Response screen for antagonists of Angiotensin II Receptor Type 1 to assess selectivity of uHTS small molecule antagonists hits of the APJ receptor. (Class of assay: confirmatory) [Related pubchem assays: 2569, 2521 ]";"F";"BAO_0000019";"assay format";"Homo sapiens";"None";"None";"None";"None";"";"";"";"CHEMBL227";"Type-1 angiotensin II receptor";"Homo sapiens";"SINGLE PROTEIN";"CHEMBL1201862";"7";"PubChem BioAssays";"";"";"None";"";"";"";"2.893"
"CHEMBL1530670";"";"None";"297.27";"0";"2.16";"SID24816925";"O=C1Nc2ccc([N+](=O)[O-])cc2C1=Nc1cccc(CO)c1";"IC50";"'>'";"40000.0";"nM";"";"";"Not Active";"UO_0000065";"";"";"";"";"0";"CHEMBL1614336";"PUBCHEM_BIOASSAY: Dose Response screen for antagonists of Angiotensin II Receptor Type 1 to assess selectivity of uHTS small molecule antagonists hits of the APJ receptor. (Class of assay: confirmatory) [Related pubchem assays: 2569, 2521 ]";"F";"BAO_0000019";"assay format";"Homo sapiens";"None";"None";"None";"None";"";"";"";"CHEMBL227";"Type-1 angiotensin II receptor";"Homo sapiens";"SINGLE PROTEIN";"CHEMBL1201862";"7";"PubChem BioAssays";"";"";"None";"";"";"";"40.0"
"CHEMBL1299266";"";"None";"247.25";"0";"1.17";"SID14719042";"CC(C)OC(=O)CN1C(=O)C(=O)c2ccccc21";"IC50";"'='";"5321.0";"nM";"5.27";"";"Active";"UO_0000065";"";"";"";"";"0";"CHEMBL1614336";"PUBCHEM_BIOASSAY: Dose Response screen for antagonists of Angiotensin II Receptor Type 1 to assess selectivity of uHTS small molecule antagonists hits of the APJ receptor. (Class of assay: confirmatory) [Related pubchem assays: 2569, 2521 ]";"F";"BAO_0000019";"assay format";"Homo sapiens";"None";"None";"None";"None";"";"";"";"CHEMBL227";"Type-1 angiotensin II receptor";"Homo sapiens";"SINGLE PROTEIN";"CHEMBL1201862";"7";"PubChem BioAssays";"";"";"None";"";"";"";"5.321"
"CHEMBL1299557";"";"None";"378.36";"0";"1.30";"SID17507674";"O=C(CNS(=O)(=O)c1ccccc1)OCC(=O)c1cccc([N+](=O)[O-])c1";"IC50";"'='";"38101.0";"nM";"4.42";"";"Not Active";"UO_0000065";"";"";"";"";"0";"CHEMBL1614336";"PUBCHEM_BIOASSAY: Dose Response screen for antagonists of Angiotensin II Receptor Type 1 to assess selectivity of uHTS small molecule antagonists hits of the APJ receptor. (Class of assay: confirmatory) [Related pubchem assays: 2569, 2521 ]";"F";"BAO_0000019";"assay format";"Homo sapiens";"None";"None";"None";"None";"";"";"";"CHEMBL227";"Type-1 angiotensin II receptor";"Homo sapiens";"SINGLE PROTEIN";"CHEMBL1201862";"7";"PubChem BioAssays";"";"";"None";"";"";"";"38.101"
"CHEMBL1328306";"";"None";"310.17";"0";"3.12";"SID24783706";"Br.O=C(CNc1ccc(F)cc1)c1ccccc1";"IC50";"'='";"7063.0";"nM";"5.15";"";"Active";"UO_0000065";"";"";"";"";"0";"CHEMBL1614336";"PUBCHEM_BIOASSAY: Dose Response screen for antagonists of Angiotensin II Receptor Type 1 to assess selectivity of uHTS small molecule antagonists hits of the APJ receptor. (Class of assay: confirmatory) [Related pubchem assays: 2569, 2521 ]";"F";"BAO_0000019";"assay format";"Homo sapiens";"None";"None";"None";"None";"";"";"";"CHEMBL227";"Type-1 angiotensin II receptor";"Homo sapiens";"SINGLE PROTEIN";"CHEMBL1201862";"7";"PubChem BioAssays";"";"";"None";"";"";"";"7.063"
"CHEMBL1575784";"";"None";"301.26";"0";"1.73";"SID24795714";"Cc1ccc(C(=O)COC(=O)c2cnccn2)cc1[N+](=O)[O-]";"IC50";"'='";"38500.0";"nM";"4.42";"";"Not Active";"UO_0000065";"";"";"";"";"0";"CHEMBL1614336";"PUBCHEM_BIOASSAY: Dose Response screen for antagonists of Angiotensin II Receptor Type 1 to assess selectivity of uHTS small molecule antagonists hits of the APJ receptor. (Class of assay: confirmatory) [Related pubchem assays: 2569, 2521 ]";"F";"BAO_0000019";"assay format";"Homo sapiens";"None";"None";"None";"None";"";"";"";"CHEMBL227";"Type-1 angiotensin II receptor";"Homo sapiens";"SINGLE PROTEIN";"CHEMBL1201862";"7";"PubChem BioAssays";"";"";"None";"";"";"";"38.5"
"CHEMBL28918";"";"None";"583.70";"2";"6.03";"7";"CCCCC(=O)N(Cc1ccccc1)c1ccc2ncn(Cc3ccc(-c4ccccc4-c4nnnn4C)cc3)c(=O)c2c1";"IC50";"'='";"5.7";"nM";"8.24";"";"";"UO_0000065";"14.12";"0.26";"2.21";"8.34";"0";"CHEMBL652866";"Binding affinity against AT1 receptor in human adrenal tissue";"B";"BAO_0000221";"tissue-based format";"Homo sapiens";"CHEMBL3638272";"Adrenal tissue";"None";"None";"";"";"";"CHEMBL227";"Type-1 angiotensin II receptor";"Homo sapiens";"SINGLE PROTEIN";"CHEMBL1128754";"1";"Scientific Literature";"Bioorg Med Chem Lett";"1995";"None";"";"";"";"5.7"
"CHEMBL1312377";"";"None";"359.37";"0";"2.04";"SID24812198";"CC(=O)C1=C(c2cccc([N+](=O)[O-])c2)N(C(C)=O)n2c(C)nnc2S1";"IC50";"'='";"8724.0";"nM";"5.06";"";"Active";"UO_0000065";"";"";"";"";"0";"CHEMBL1614336";"PUBCHEM_BIOASSAY: Dose Response screen for antagonists of Angiotensin II Receptor Type 1 to assess selectivity of uHTS small molecule antagonists hits of the APJ receptor. (Class of assay: confirmatory) [Related pubchem assays: 2569, 2521 ]";"F";"BAO_0000019";"assay format";"Homo sapiens";"None";"None";"None";"None";"";"";"";"CHEMBL227";"Type-1 angiotensin II receptor";"Homo sapiens";"SINGLE PROTEIN";"CHEMBL1201862";"7";"PubChem BioAssays";"";"";"None";"";"";"";"8.724"
"CHEMBL339004";"";"None";"752.70";"2";"7.19";"7b";"CCCCNC(=O)c1ccc(Cl)c(-n2nc(CCCC)n(Cc3ccc(-c4ccccc4S(=O)(=O)NC(=O)c4ccccc4Cl)cc3F)c2=O)c1";"IC50";"'='";"0.55";"nM";"9.26";"";"";"UO_0000065";"12.30";"0.25";"2.07";"7.01";"0";"CHEMBL650312";"In vitro inhibitory activity against angiotensin II receptor type 1, in human adrenal membrane preparations.";"B";"BAO_0000249";"cell membrane format";"None";"None";"None";"None";"None";"";"";"";"CHEMBL227";"Type-1 angiotensin II receptor";"Homo sapiens";"SINGLE PROTEIN";"CHEMBL1128554";"1";"Scientific Literature";"J Med Chem";"1995";"None";"";"";"";"0.55"
"CHEMBL1017";"TELMISARTAN";"4.0";"514.63";"2";"7.26";"1";"CCCc1nc2c(C)cc(-c3nc4ccccc4n3C)cc2n1Cc1ccc(-c2ccccc2C(=O)O)cc1";"IC50";"'='";"0.49";"nM";"9.31";"";"";"UO_0000065";"18.09";"0.33";"2.05";"12.76";"1";"CHEMBL2327554";"Displacement of [125I]Tyr4-Sar1,Ile8-Angiotensin II from human Angiotensin 1 receptor after";"B";"BAO_0000357";"single protein format";"Homo sapiens";"None";"None";"None";"None";"";"";"";"CHEMBL227";"Type-1 angiotensin II receptor";"Homo sapiens";"SINGLE PROTEIN";"CHEMBL2321681";"1";"Scientific Literature";"Bioorg Med Chem Lett";"2013";"None";"";"";"";"0.49"
"CHEMBL2322172";"";"None";"514.59";"1";"4.59";"12q";"CCc1nc2ccn(Cc3cccnc3)c(=O)c2n1[C@H]1CCc2cc(-c3ccccc3-c3nnn[nH]3)ccc21";"IC50";"'='";"45.2";"nM";"7.34";"";"";"UO_0000065";"14.27";"0.26";"2.75";"6.85";"0";"CHEMBL2327554";"Displacement of [125I]Tyr4-Sar1,Ile8-Angiotensin II from human Angiotensin 1 receptor after";"B";"BAO_0000357";"single protein format";"Homo sapiens";"None";"None";"None";"None";"";"";"";"CHEMBL227";"Type-1 angiotensin II receptor";"Homo sapiens";"SINGLE PROTEIN";"CHEMBL2321681";"1";"Scientific Literature";"Bioorg Med Chem Lett";"2013";"None";"";"";"";"45.2"
"CHEMBL2322445";"";"None";"538.62";"2";"5.06";"12j";"CCc1nc2ccn(Cc3ccccc3C#N)c(=O)c2n1[C@H]1CCc2cc(-c3ccccc3-c3nnn[nH]3)ccc21";"IC50";"'='";"13.5";"nM";"7.87";"";"";"UO_0000065";"14.61";"0.26";"2.81";"6.67";"0";"CHEMBL2327554";"Displacement of [125I]Tyr4-Sar1,Ile8-Angiotensin II from human Angiotensin 1 receptor after";"B";"BAO_0000357";"single protein format";"Homo sapiens";"None";"None";"None";"None";"";"";"";"CHEMBL227";"Type-1 angiotensin II receptor";"Homo sapiens";"SINGLE PROTEIN";"CHEMBL2321681";"1";"Scientific Literature";"Bioorg Med Chem Lett";"2013";"None";"";"";"";"13.5"
"CHEMBL3736156";"";"None";"260.15";"None";"None";"3";"CB1C=Cc2c(cccc2OCC(O)CN(C)C)N1";"IC50";"'>'";"5011.87";"nM";"";"";"";"UO_0000065";"";"";"";"";"0";"CHEMBL3738642";"Antagonist activity at human wild-type AGTR1 receptor expressed in CHO-K1 cells assessed as angiotensin-2-induced calcium by FDSS assay";"F";"BAO_0000219";"cell-based format";"Homo sapiens";"None";"None";"CHO-K1";"None";"";"";"";"CHEMBL227";"Type-1 angiotensin II receptor";"Homo sapiens";"SINGLE PROTEIN";"CHEMBL3734721";"1";"Scientific Literature";"J Med Chem";"2015";"CHEMBL3307512";"";"";"";"5.3"
"CHEMBL73283";"";"None";"773.95";"2";"8.24";"44";"CCCc1nc(CC)c(C(=O)OCc2ccccc2[S+]([O-])c2ccccc2)n1Cc1ccc(-c2ccccc2S(=O)(=O)NC(=O)OCCC(C)C)cc1F";"IC50";"'='";"0.2";"nM";"9.70";"";"";"UO_0000065";"12.53";"0.25";"1.46";"6.95";"0";"CHEMBL648492";"Binding affinity for Angiotensin II receptor, type 1";"B";"BAO_0000357";"single protein format";"None";"None";"None";"None";"None";"";"";"";"CHEMBL227";"Type-1 angiotensin II receptor";"Homo sapiens";"SINGLE PROTEIN";"CHEMBL1150518";"1";"Scientific Literature";"Bioorg Med Chem Lett";"1994";"None";"";"";"";"0.2"
"CHEMBL263191";"";"None";"665.79";"2";"5.21";"6";"CCCc1nc2ccc(NC(=O)NC(C)C)cc2c(=O)n1Cc1ccc(-c2ccccc2S(=O)(=O)NC(=O)COCC(C)C)cc1F";"IC50";"'='";"1.5";"nM";"8.82";"";"";"UO_0000065";"13.25";"0.26";"3.61";"5.94";"0";"CHEMBL875934";"In vivo inhibitory concentration against Angiotensin II receptor, type 1 of human adrenal membrane";"B";"BAO_0000218";"organism-based format";"None";"None";"None";"None";"None";"";"";"";"CHEMBL227";"Type-1 angiotensin II receptor";"Homo sapiens";"SINGLE PROTEIN";"CHEMBL1150477";"1";"Scientific Literature";"Bioorg Med Chem Lett";"1994";"None";"";"";"";"1.5"
"CHEMBL311386";"";"None";"665.79";"2";"5.16";"11";"CCc1nc2ccc(NC(=O)N(C)C(C)C)cc2c(=O)n1Cc1ccc(-c2ccccc2S(=O)(=O)NC(=O)COCC(C)C)cc1F";"IC50";"'='";"65.0";"nM";"7.19";"";"";"UO_0000065";"10.79";"0.21";"2.03";"5.14";"0";"CHEMBL875934";"In vivo inhibitory concentration against Angiotensin II receptor, type 1 of human adrenal membrane";"B";"BAO_0000218";"organism-based format";"None";"None";"None";"None";"None";"";"";"";"CHEMBL227";"Type-1 angiotensin II receptor";"Homo sapiens";"SINGLE PROTEIN";"CHEMBL1150477";"1";"Scientific Literature";"Bioorg Med Chem Lett";"1994";"None";"";"";"";"65.0"
"CHEMBL70353";"";"None";"610.72";"2";"6.88";"11";"CCCc1nc(CC)c(C(=O)OCc2ccccc2C(=O)c2ccccc2)n1Cc1ccc(-c2ccccc2-c2nn[nH]n2)cc1";"IC50";"'='";"2.0";"nM";"8.70";"";"";"UO_0000065";"14.24";"0.26";"1.82";"7.52";"0";"CHEMBL648492";"Binding affinity for Angiotensin II receptor, type 1";"B";"BAO_0000357";"single protein format";"None";"None";"None";"None";"None";"";"";"";"CHEMBL227";"Type-1 angiotensin II receptor";"Homo sapiens";"SINGLE PROTEIN";"CHEMBL1150518";"1";"Scientific Literature";"Bioorg Med Chem Lett";"1994";"None";"";"";"";"2.0"
"CHEMBL340632";"";"None";"714.26";"2";"6.63";"8";"CCCCNC(=O)c1ccc(Cl)c(-n2nc(CCCC)n(Cc3ccc(-c4ccccc4S(=O)(=O)NC(=O)OC(C)(C)C)cc3F)c2=O)c1";"IC50";"'='";"0.76";"nM";"9.12";"";"";"UO_0000065";"12.77";"0.25";"2.49";"6.45";"0";"CHEMBL650312";"In vitro inhibitory activity against angiotensin II receptor type 1, in human adrenal membrane preparations.";"B";"BAO_0000249";"cell membrane format";"None";"None";"None";"None";"None";"";"";"";"CHEMBL227";"Type-1 angiotensin II receptor";"Homo sapiens";"SINGLE PROTEIN";"CHEMBL1128554";"1";"Scientific Literature";"J Med Chem";"1995";"None";"";"";"";"0.76"
"CHEMBL338137";"";"None";"767.80";"2";"7.72";"24";"CCCCc1nn(-c2cc(NC(=O)c3ccccc3)ccc2C(F)(F)F)c(=O)n1Cc1ccc(-c2ccccc2S(=O)(=O)NC(=O)OC(C)(C)C)cc1F";"IC50";"'='";"1.4";"nM";"8.85";"";"";"UO_0000065";"11.53";"0.22";"1.13";"6.26";"0";"CHEMBL650312";"In vitro inhibitory activity against angiotensin II receptor type 1, in human adrenal membrane preparations.";"B";"BAO_0000249";"cell membrane format";"None";"None";"None";"None";"None";"";"";"";"CHEMBL227";"Type-1 angiotensin II receptor";"Homo sapiens";"SINGLE PROTEIN";"CHEMBL1128554";"1";"Scientific Literature";"J Med Chem";"1995";"None";"";"";"";"1.4"
"CHEMBL39959";"";"None";"562.74";"2";"6.49";"L-162389";"CCCCOC(=O)NS(=O)(=O)c1ccc(CCC)cc1-c1ccc(Cn2c(CC)nc3c(C)cc(C)nc32)cc1";"IC50";"'='";"1.5";"nM";"8.82";"";"";"UO_0000065";"15.68";"0.30";"2.33";"8.55";"0";"CHEMBL647575";"Inhibition of Angiotensin II receptor, type 1";"B";"BAO_0000357";"single protein format";"None";"None";"None";"None";"None";"";"";"";"CHEMBL227";"Type-1 angiotensin II receptor";"Homo sapiens";"SINGLE PROTEIN";"CHEMBL1129469";"1";"Scientific Literature";"J Med Chem";"1996";"None";"";"";"";"1.5"
"CHEMBL313868";"";"None";"736.24";"2";"7.05";"4k";"CCCCc1nn(-c2cc(NC(C)=O)ccc2Cl)c(=O)n1Cc1ccc(-c2cc(CCC)ccc2S(=O)(=O)NC(=O)c2ccccc2F)cc1F";"IC50";"'='";"5.9";"nM";"8.23";"";"";"UO_0000065";"11.18";"0.22";"1.18";"6.23";"0";"CHEMBL652865";"In vitro inhibitory concentration against AT1 receptor from human adrenal tissues.";"B";"BAO_0000357";"single protein format";"None";"None";"None";"None";"None";"";"";"";"CHEMBL227";"Type-1 angiotensin II receptor";"Homo sapiens";"SINGLE PROTEIN";"CHEMBL1128028";"1";"Scientific Literature";"Bioorg Med Chem Lett";"1994";"None";"";"";"";"5.9"
"CHEMBL306473";"";"None";"647.82";"2";"7.06";"6";"CCCCN(Cc1ccccc1)C(=O)CCCOC(=O)c1c(CC)nc(CCC)n1Cc1ccc(-c2ccccc2-c2nn[nH]n2)cc1";"IC50";"'='";"10.0";"nM";"8.00";"";"";"UO_0000065";"12.35";"0.23";"0.94";"6.73";"0";"CHEMBL648492";"Binding affinity for Angiotensin II receptor, type 1";"B";"BAO_0000357";"single protein format";"None";"None";"None";"None";"None";"";"";"";"CHEMBL227";"Type-1 angiotensin II receptor";"Homo sapiens";"SINGLE PROTEIN";"CHEMBL1150518";"1";"Scientific Literature";"Bioorg Med Chem Lett";"1994";"None";"";"";"";"10.0"
"CHEMBL305017";"";"None";"782.94";"2";"8.22";"59";"CCCc1nc(CC)c(C(=O)OCCN(C(=O)c2ccccc2)c2ccccc2)n1Cc1ccc(-c2ccccc2S(=O)(=O)NC(=O)OCCC(C)C)cc1F";"IC50";"'='";"0.1";"nM";"10.00";"";"";"UO_0000065";"12.77";"0.24";"1.78";"7.30";"0";"CHEMBL648492";"Binding affinity for Angiotensin II receptor, type 1";"B";"BAO_0000357";"single protein format";"None";"None";"None";"None";"None";"";"";"";"CHEMBL227";"Type-1 angiotensin II receptor";"Homo sapiens";"SINGLE PROTEIN";"CHEMBL1150518";"1";"Scientific Literature";"Bioorg Med Chem Lett";"1994";"None";"";"";"";"0.1"
"CHEMBL1801740";"";"None";"477.62";"1";"5.88";"3";"CCc1nc2c(C)cc(CC(C)C)nc2n1[C@H]1CCc2cc(-c3ccccc3-c3nnn[nH]3)ccc21";"IC50";"'='";"1.6";"nM";"8.80";"";"";"UO_0000065";"18.42";"0.33";"2.92";"10.33";"1";"CHEMBL2327554";"Displacement of [125I]Tyr4-Sar1,Ile8-Angiotensin II from human Angiotensin 1 receptor after";"B";"BAO_0000357";"single protein format";"Homo sapiens";"None";"None";"None";"None";"";"";"";"CHEMBL227";"Type-1 angiotensin II receptor";"Homo sapiens";"SINGLE PROTEIN";"CHEMBL2321681";"1";"Scientific Literature";"Bioorg Med Chem Lett";"2013";"None";"";"";"";"1.6"
"CHEMBL2322442";"";"None";"519.65";"2";"5.72";"12g";"CCc1nc2ccn(CC3CCCCC3)c(=O)c2n1[C@H]1CCc2cc(-c3ccccc3-c3nnn[nH]3)ccc21";"IC50";"'='";"41.0";"nM";"7.39";"";"";"UO_0000065";"14.22";"0.26";"1.67";"7.84";"0";"CHEMBL2327554";"Displacement of [125I]Tyr4-Sar1,Ile8-Angiotensin II from human Angiotensin 1 receptor after";"B";"BAO_0000357";"single protein format";"Homo sapiens";"None";"None";"None";"None";"";"";"";"CHEMBL227";"Type-1 angiotensin II receptor";"Homo sapiens";"SINGLE PROTEIN";"CHEMBL2321681";"1";"Scientific Literature";"Bioorg Med Chem Lett";"2013";"None";"";"";"";"41.0"
"CHEMBL69721";"";"None";"693.84";"2";"7.34";"36";"CCCc1nc(CC)c(C(=O)OCCCOc2ccccc2)n1Cc1ccc(-c2ccccc2S(=O)(=O)NC(=O)OCCC(C)C)cc1F";"IC50";"'='";"0.1";"nM";"10.00";"";"";"UO_0000065";"14.41";"0.28";"2.66";"7.95";"0";"CHEMBL648492";"Binding affinity for Angiotensin II receptor, type 1";"B";"BAO_0000357";"single protein format";"None";"None";"None";"None";"None";"";"";"";"CHEMBL227";"Type-1 angiotensin II receptor";"Homo sapiens";"SINGLE PROTEIN";"CHEMBL1150518";"1";"Scientific Literature";"Bioorg Med Chem Lett";"1994";"None";"";"";"";"0.1"
"CHEMBL115622";"";"None";"435.53";"0";"4.16";"4f";"CCCCC(=O)N(Cc1ccc(-c2ccccc2-c2nn[nH]n2)cc1)[C@@H](C(=O)O)C(C)C";"IC50";"'='";"300.0";"nM";"6.52";"";"";"UO_0000065";"14.98";"0.28";"2.36";"5.82";"0";"CHEMBL648566";"Tested for inhibition of Angiotensin II receptor, type 1 in the absence of bovine serum albumin (BSA)";"B";"BAO_0000357";"single protein format";"None";"None";"None";"None";"None";"";"";"";"CHEMBL227";"Type-1 angiotensin II receptor";"Homo sapiens";"SINGLE PROTEIN";"CHEMBL1127873";"1";"Scientific Literature";"Bioorg Med Chem Lett";"1994";"None";"";"";"";"0.3"
"CHEMBL409170";"";"None";"642.78";"1";"4.18";"18a";"CCCc1nc(CN2CCN(c3ccccn3)CC2)c(C(=O)O)n1Cc1ccc(-c2ccccc2S(=O)(=O)NC(=O)C2CC2)cc1";"IC50";"'='";"10.0";"nM";"8.00";"";"";"UO_0000065";"12.45";"0.24";"3.82";"5.81";"0";"CHEMBL647574";"In vitro binding affinity of compound against Angiotensin II receptor, type 1";"B";"BAO_0000357";"single protein format";"None";"None";"None";"None";"None";"";"";"";"CHEMBL227";"Type-1 angiotensin II receptor";"Homo sapiens";"SINGLE PROTEIN";"CHEMBL1127975";"1";"Scientific Literature";"Bioorg Med Chem Lett";"1994";"None";"";"";"";"10.0"
"CHEMBL310752";"";"None";"474.56";"0";"4.24";"8";"CCCCc1ncc(CN[C@@H](Cc2c[nH]c3ccccc23)C(=O)O)n1Cc1ccc(C(=O)O)cc1";"IC50";"'='";"48.3";"nM";"7.32";"";"";"UO_0000065";"15.42";"0.29";"3.08";"6.08";"0";"CHEMBL650316";"Tested for inhibition of Angiotensin II specific binding to Angiotensin II receptor, type 1 in the recombinant human AT-1 receptor expressed in LhAT-1D6 cells";"B";"BAO_0000219";"cell-based format";"None";"None";"None";"LhAT-1D6";"None";"";"";"";"CHEMBL227";"Type-1 angiotensin II receptor";"Homo sapiens";"SINGLE PROTEIN";"CHEMBL1128136";"1";"Scientific Literature";"Bioorg Med Chem Lett";"1995";"None";"";"";"";"48.3"
"CHEMBL1945148";"";"None";"549.65";"2";"6.82";"6j";"CCCc1nc2c(C)cc(C(=O)NCCc3ccccc3F)cc2n1Cc1ccc(-c2ccccc2C(=O)O)cc1";"IC50";"'='";"106.0";"nM";"6.97";"";"";"UO_0000065";"12.69";"0.23";"0.15";"8.28";"0";"CHEMBL1949356";"Displacement of [125I]Sar1 Ile8-Ang 2 from angiotensin 2 AT1 receptor after 180 mins by gamma counting";"B";"BAO_0000357";"single protein format";"None";"None";"None";"None";"None";"";"";"";"CHEMBL227";"Type-1 angiotensin II receptor";"Homo sapiens";"SINGLE PROTEIN";"CHEMBL1944634";"1";"Scientific Literature";"Eur J Med Chem";"2012";"None";"";"";"";"106.0"
"CHEMBL1017";"TELMISARTAN";"4.0";"514.63";"2";"7.26";"Telmisartan";"CCCc1nc2c(C)cc(-c3nc4ccccc4n3C)cc2n1Cc1ccc(-c2ccccc2C(=O)O)cc1";"IC50";"'='";"1.0";"nM";"9.00";"";"";"UO_0000065";"17.49";"0.32";"1.74";"12.34";"1";"CHEMBL1949356";"Displacement of [125I]Sar1 Ile8-Ang 2 from angiotensin 2 AT1 receptor after 180 mins by gamma counting";"B";"BAO_0000357";"single protein format";"None";"None";"None";"None";"None";"";"";"";"CHEMBL227";"Type-1 angiotensin II receptor";"Homo sapiens";"SINGLE PROTEIN";"CHEMBL1944634";"1";"Scientific Literature";"Eur J Med Chem";"2012";"None";"";"";"";"1.0"
"CHEMBL1947128";"";"None";"517.63";"2";"6.64";"6a";"CCCc1nc2c(C)cc(C(=O)NCc3ccccc3)cc2n1Cc1ccc(-c2ccccc2C(=O)O)cc1";"IC50";"'='";"52.5";"nM";"7.28";"";"";"UO_0000065";"14.06";"0.25";"0.64";"8.64";"0";"CHEMBL1949356";"Displacement of [125I]Sar1 Ile8-Ang 2 from angiotensin 2 AT1 receptor after 180 mins by gamma counting";"B";"BAO_0000357";"single protein format";"None";"None";"None";"None";"None";"";"";"";"CHEMBL227";"Type-1 angiotensin II receptor";"Homo sapiens";"SINGLE PROTEIN";"CHEMBL1944634";"1";"Scientific Literature";"Eur J Med Chem";"2012";"None";"";"";"";"52.5"
"CHEMBL1947129";"";"None";"547.66";"2";"6.65";"6b";"CCCc1nc2c(C)cc(C(=O)NCc3ccccc3OC)cc2n1Cc1ccc(-c2ccccc2C(=O)O)cc1";"IC50";"'='";"2.4";"nM";"8.62";"";"";"UO_0000065";"15.74";"0.29";"1.97";"9.22";"0";"CHEMBL1949356";"Displacement of [125I]Sar1 Ile8-Ang 2 from angiotensin 2 AT1 receptor after 180 mins by gamma counting";"B";"BAO_0000357";"single protein format";"None";"None";"None";"None";"None";"";"";"";"CHEMBL227";"Type-1 angiotensin II receptor";"Homo sapiens";"SINGLE PROTEIN";"CHEMBL1944634";"1";"Scientific Literature";"Eur J Med Chem";"2012";"None";"";"";"";"2.4"
"CHEMBL74514";"";"None";"753.89";"2";"8.49";"57";"CCCc1nc(CC)c(C(=O)OC(C(=O)c2ccccc2)c2ccccc2)n1Cc1ccc(-c2ccccc2S(=O)(=O)NC(=O)OCCC(C)C)cc1F";"IC50";"'='";"0.8";"nM";"9.10";"";"";"UO_0000065";"12.07";"0.23";"0.61";"6.81";"0";"CHEMBL648492";"Binding affinity for Angiotensin II receptor, type 1";"B";"BAO_0000357";"single protein format";"None";"None";"None";"None";"None";"";"";"";"CHEMBL227";"Type-1 angiotensin II receptor";"Homo sapiens";"SINGLE PROTEIN";"CHEMBL1150518";"1";"Scientific Literature";"Bioorg Med Chem Lett";"1994";"None";"";"";"";"0.8"
"CHEMBL307359";"";"None";"756.97";"2";"8.79";"63";"CCCc1nc(CC)c(C(=O)NCc2ccccc2Sc2ccccc2)n1Cc1ccc(-c2ccccc2S(=O)(=O)NC(=O)OCCC(C)C)cc1F";"IC50";"'='";"0.4";"nM";"9.40";"";"";"UO_0000065";"12.42";"0.24";"0.61";"7.87";"0";"CHEMBL648492";"Binding affinity for Angiotensin II receptor, type 1";"B";"BAO_0000357";"single protein format";"None";"None";"None";"None";"None";"";"";"";"CHEMBL227";"Type-1 angiotensin II receptor";"Homo sapiens";"SINGLE PROTEIN";"CHEMBL1150518";"1";"Scientific Literature";"Bioorg Med Chem Lett";"1994";"None";"";"";"";"0.4"
"CHEMBL306638";"";"None";"735.90";"2";"8.16";"18";"CCCc1nc(CC)c(C(=O)OCc2ccccc2C(=O)c2ccccc2)n1Cc1ccc(-c2ccccc2S(=O)(=O)NC(=O)OCCC(C)C)cc1";"IC50";"'='";"0.35";"nM";"9.46";"";"";"UO_0000065";"12.85";"0.24";"1.30";"7.07";"0";"CHEMBL648492";"Binding affinity for Angiotensin II receptor, type 1";"B";"BAO_0000357";"single protein format";"None";"None";"None";"None";"None";"";"";"";"CHEMBL227";"Type-1 angiotensin II receptor";"Homo sapiens";"SINGLE PROTEIN";"CHEMBL1150518";"1";"Scientific Literature";"Bioorg Med Chem Lett";"1994";"None";"";"";"";"0.35"
"CHEMBL289614";"";"None";"576.76";"2";"6.74";"7, L-162782";"CCCCOC(=O)NS(=O)(=O)c1ccc(CC(C)C)cc1-c1ccc(Cn2c(CC)nc3c(C)cc(C)nc32)cc1";"IC50";"'='";"2.1";"nM";"8.68";"";"";"UO_0000065";"15.05";"0.29";"1.94";"8.41";"0";"CHEMBL3396448";"Displacement of [125I]-[Sar1,Leu8]angiotensin II from human AT1 receptor expressed in african green monkey COS7 cells";"B";"BAO_0000219";"cell-based format";"Homo sapiens";"None";"None";"COS-7";"None";"";"";"";"CHEMBL227";"Type-1 angiotensin II receptor";"Homo sapiens";"SINGLE PROTEIN";"CHEMBL3392997";"1";"Scientific Literature";"ACS Med Chem Lett";"2015";"CHEMBL3307648";"";"";"";"2.1"
"CHEMBL1335315";"";"None";"370.80";"0";"3.23";"SID24791387";"CN(C)c1ccc(/C=C2\N=C(c3ccc(Cl)c([N+](=O)[O-])c3)NC2=O)cc1";"IC50";"'>'";"40000.0";"nM";"";"";"Not Active";"UO_0000065";"";"";"";"";"0";"CHEMBL1614336";"PUBCHEM_BIOASSAY: Dose Response screen for antagonists of Angiotensin II Receptor Type 1 to assess selectivity of uHTS small molecule antagonists hits of the APJ receptor. (Class of assay: confirmatory) [Related pubchem assays: 2569, 2521 ]";"F";"BAO_0000019";"assay format";"Homo sapiens";"None";"None";"None";"None";"";"";"";"CHEMBL227";"Type-1 angiotensin II receptor";"Homo sapiens";"SINGLE PROTEIN";"CHEMBL1201862";"7";"PubChem BioAssays";"";"";"None";"";"";"";"40.0"
"CHEMBL1402558";"";"None";"373.39";"0";"2.38";"SID24836436";"CNS(=O)(=O)c1cccc(C(=O)OCC(=O)c2cc3ccccc3o2)c1";"IC50";"'='";"15477.0";"nM";"4.81";"";"Active";"UO_0000065";"";"";"";"";"0";"CHEMBL1614336";"PUBCHEM_BIOASSAY: Dose Response screen for antagonists of Angiotensin II Receptor Type 1 to assess selectivity of uHTS small molecule antagonists hits of the APJ receptor. (Class of assay: confirmatory) [Related pubchem assays: 2569, 2521 ]";"F";"BAO_0000019";"assay format";"Homo sapiens";"None";"None";"None";"None";"";"";"";"CHEMBL227";"Type-1 angiotensin II receptor";"Homo sapiens";"SINGLE PROTEIN";"CHEMBL1201862";"7";"PubChem BioAssays";"";"";"None";"";"";"";"15.477"
"CHEMBL1463168";"";"None";"364.19";"0";"3.16";"SID14726207";"O=C(Cn1nnc2ccccc21)OCC(=O)c1ccc(Cl)c(Cl)c1";"IC50";"'='";"13322.0";"nM";"4.88";"";"Active";"UO_0000065";"";"";"";"";"0";"CHEMBL1614336";"PUBCHEM_BIOASSAY: Dose Response screen for antagonists of Angiotensin II Receptor Type 1 to assess selectivity of uHTS small molecule antagonists hits of the APJ receptor. (Class of assay: confirmatory) [Related pubchem assays: 2569, 2521 ]";"F";"BAO_0000019";"assay format";"Homo sapiens";"None";"None";"None";"None";"";"";"";"CHEMBL227";"Type-1 angiotensin II receptor";"Homo sapiens";"SINGLE PROTEIN";"CHEMBL1201862";"7";"PubChem BioAssays";"";"";"None";"";"";"";"13.322"
"CHEMBL1520753";"";"None";"264.26";"0";"1.82";"SID49666263";"O=[N+]([O-])c1ccc(S(=O)(=O)c2ccccc2)nc1";"IC50";"'='";"13121.0";"nM";"4.88";"";"Active";"UO_0000065";"";"";"";"";"0";"CHEMBL1614336";"PUBCHEM_BIOASSAY: Dose Response screen for antagonists of Angiotensin II Receptor Type 1 to assess selectivity of uHTS small molecule antagonists hits of the APJ receptor. (Class of assay: confirmatory) [Related pubchem assays: 2569, 2521 ]";"F";"BAO_0000019";"assay format";"Homo sapiens";"None";"None";"None";"None";"";"";"";"CHEMBL227";"Type-1 angiotensin II receptor";"Homo sapiens";"SINGLE PROTEIN";"CHEMBL1201862";"7";"PubChem BioAssays";"";"";"None";"";"";"";"13.121"
"CHEMBL1520643";"";"None";"386.36";"0";"1.35";"SID17507385";"O=C(CN1C(=O)C2C3CCC(C3)C2C1=O)OCC(=O)c1cccc([N+](=O)[O-])c1";"IC50";"'='";"26310.0";"nM";"4.58";"";"Not Active";"UO_0000065";"";"";"";"";"0";"CHEMBL1614336";"PUBCHEM_BIOASSAY: Dose Response screen for antagonists of Angiotensin II Receptor Type 1 to assess selectivity of uHTS small molecule antagonists hits of the APJ receptor. (Class of assay: confirmatory) [Related pubchem assays: 2569, 2521 ]";"F";"BAO_0000019";"assay format";"Homo sapiens";"None";"None";"None";"None";"";"";"";"CHEMBL227";"Type-1 angiotensin II receptor";"Homo sapiens";"SINGLE PROTEIN";"CHEMBL1201862";"7";"PubChem BioAssays";"";"";"None";"";"";"";"26.31"
"CHEMBL1598569";"";"None";"281.74";"0";"4.76";"SID49649576";"Oc1cccc2ccc(/C=C/c3ccccc3Cl)nc12";"IC50";"'='";"32271.0";"nM";"4.49";"";"Not Active";"UO_0000065";"";"";"";"";"0";"CHEMBL1614336";"PUBCHEM_BIOASSAY: Dose Response screen for antagonists of Angiotensin II Receptor Type 1 to assess selectivity of uHTS small molecule antagonists hits of the APJ receptor. (Class of assay: confirmatory) [Related pubchem assays: 2569, 2521 ]";"F";"BAO_0000019";"assay format";"Homo sapiens";"None";"None";"None";"None";"";"";"";"CHEMBL227";"Type-1 angiotensin II receptor";"Homo sapiens";"SINGLE PROTEIN";"CHEMBL1201862";"7";"PubChem BioAssays";"";"";"None";"";"";"";"32.271"
"CHEMBL1345981";"";"None";"513.09";"1";"5.14";"SID17514874";"CC(C)N1CCc2c(sc(NC(=O)c3cc(-c4cccs4)nc4ccccc34)c2C(N)=O)C1.Cl";"IC50";"'>'";"40000.0";"nM";"";"";"Not Active";"UO_0000065";"";"";"";"";"0";"CHEMBL1614336";"PUBCHEM_BIOASSAY: Dose Response screen for antagonists of Angiotensin II Receptor Type 1 to assess selectivity of uHTS small molecule antagonists hits of the APJ receptor. (Class of assay: confirmatory) [Related pubchem assays: 2569, 2521 ]";"F";"BAO_0000019";"assay format";"Homo sapiens";"None";"None";"None";"None";"";"";"";"CHEMBL227";"Type-1 angiotensin II receptor";"Homo sapiens";"SINGLE PROTEIN";"CHEMBL1201862";"7";"PubChem BioAssays";"";"";"None";"";"";"";"40.0"
"CHEMBL1543154";"";"None";"454.53";"0";"1.03";"SID865656";"COc1cccc(N2CC(C)Cn3c2nc2c3c(=O)n(CCN3CCOCC3)c(=O)n2C)c1";"IC50";"'>'";"40000.0";"nM";"";"";"Not Active";"UO_0000065";"";"";"";"";"0";"CHEMBL1614336";"PUBCHEM_BIOASSAY: Dose Response screen for antagonists of Angiotensin II Receptor Type 1 to assess selectivity of uHTS small molecule antagonists hits of the APJ receptor. (Class of assay: confirmatory) [Related pubchem assays: 2569, 2521 ]";"F";"BAO_0000019";"assay format";"Homo sapiens";"None";"None";"None";"None";"";"";"";"CHEMBL227";"Type-1 angiotensin II receptor";"Homo sapiens";"SINGLE PROTEIN";"CHEMBL1201862";"7";"PubChem BioAssays";"";"";"None";"";"";"";"40.0"
"CHEMBL1331585";"";"None";"398.37";"0";"1.52";"SID49733619";"CC(C(=O)OCC(=O)c1cccc([N+](=O)[O-])c1)N1C(=O)C2C3C=CC(C3)C2C1=O";"IC50";"'>'";"40000.0";"nM";"";"";"Not Active";"UO_0000065";"";"";"";"";"0";"CHEMBL1614336";"PUBCHEM_BIOASSAY: Dose Response screen for antagonists of Angiotensin II Receptor Type 1 to assess selectivity of uHTS small molecule antagonists hits of the APJ receptor. (Class of assay: confirmatory) [Related pubchem assays: 2569, 2521 ]";"F";"BAO_0000019";"assay format";"Homo sapiens";"None";"None";"None";"None";"";"";"";"CHEMBL227";"Type-1 angiotensin II receptor";"Homo sapiens";"SINGLE PROTEIN";"CHEMBL1201862";"7";"PubChem BioAssays";"";"";"None";"";"";"";"40.0"
"CHEMBL1416155";"";"None";"398.80";"0";"4.45";"SID17411829";"Cc1ccc2nc(C)cc(C(=O)OCC(=O)c3ccc(Cl)c([N+](=O)[O-])c3)c2c1";"IC50";"'='";"13200.0";"nM";"4.88";"";"Active";"UO_0000065";"";"";"";"";"0";"CHEMBL1614336";"PUBCHEM_BIOASSAY: Dose Response screen for antagonists of Angiotensin II Receptor Type 1 to assess selectivity of uHTS small molecule antagonists hits of the APJ receptor. (Class of assay: confirmatory) [Related pubchem assays: 2569, 2521 ]";"F";"BAO_0000019";"assay format";"Homo sapiens";"None";"None";"None";"None";"";"";"";"CHEMBL227";"Type-1 angiotensin II receptor";"Homo sapiens";"SINGLE PROTEIN";"CHEMBL1201862";"7";"PubChem BioAssays";"";"";"None";"";"";"";"13.2"
"CHEMBL1504429";"";"None";"445.48";"1";"4.26";"SID17401925";"CC(=O)OCCCNc1cc(Sc2nc3ccccc3s2)c2nonc2c1[N+](=O)[O-]";"IC50";"'='";"2057.0";"nM";"5.69";"";"Active";"UO_0000065";"";"";"";"";"0";"CHEMBL1614336";"PUBCHEM_BIOASSAY: Dose Response screen for antagonists of Angiotensin II Receptor Type 1 to assess selectivity of uHTS small molecule antagonists hits of the APJ receptor. (Class of assay: confirmatory) [Related pubchem assays: 2569, 2521 ]";"F";"BAO_0000019";"assay format";"Homo sapiens";"None";"None";"None";"None";"";"";"";"CHEMBL227";"Type-1 angiotensin II receptor";"Homo sapiens";"SINGLE PROTEIN";"CHEMBL1201862";"7";"PubChem BioAssays";"";"";"None";"";"";"";"2.057"
"CHEMBL1346661";"";"None";"274.75";"0";"3.66";"SID26728682";"CCc1ccc(C(=O)NNc2ccc(Cl)cc2)cc1";"IC50";"'='";"6083.0";"nM";"5.22";"";"Active";"UO_0000065";"";"";"";"";"0";"CHEMBL1614336";"PUBCHEM_BIOASSAY: Dose Response screen for antagonists of Angiotensin II Receptor Type 1 to assess selectivity of uHTS small molecule antagonists hits of the APJ receptor. (Class of assay: confirmatory) [Related pubchem assays: 2569, 2521 ]";"F";"BAO_0000019";"assay format";"Homo sapiens";"None";"None";"None";"None";"";"";"";"CHEMBL227";"Type-1 angiotensin II receptor";"Homo sapiens";"SINGLE PROTEIN";"CHEMBL1201862";"7";"PubChem BioAssays";"";"";"None";"";"";"";"6.083"
"CHEMBL1347643";"";"None";"381.38";"0";"2.74";"SID3713364";"CC(NC(=O)COc1ccccc1)C(=O)OCC(=O)c1cc2ccccc2o1";"IC50";"'='";"13817.0";"nM";"4.86";"";"Active";"UO_0000065";"";"";"";"";"0";"CHEMBL1614336";"PUBCHEM_BIOASSAY: Dose Response screen for antagonists of Angiotensin II Receptor Type 1 to assess selectivity of uHTS small molecule antagonists hits of the APJ receptor. (Class of assay: confirmatory) [Related pubchem assays: 2569, 2521 ]";"F";"BAO_0000019";"assay format";"Homo sapiens";"None";"None";"None";"None";"";"";"";"CHEMBL227";"Type-1 angiotensin II receptor";"Homo sapiens";"SINGLE PROTEIN";"CHEMBL1201862";"7";"PubChem BioAssays";"";"";"None";"";"";"";"13.817"
"CHEMBL1405094";"";"None";"431.28";"0";"4.69";"SID17415543";"O=C(CCC(=O)OCC(=O)c1ccc(Cl)cc1Cl)Nc1cccc2cccnc12";"IC50";"'>'";"40000.0";"nM";"";"";"Not Active";"UO_0000065";"";"";"";"";"0";"CHEMBL1614336";"PUBCHEM_BIOASSAY: Dose Response screen for antagonists of Angiotensin II Receptor Type 1 to assess selectivity of uHTS small molecule antagonists hits of the APJ receptor. (Class of assay: confirmatory) [Related pubchem assays: 2569, 2521 ]";"F";"BAO_0000019";"assay format";"Homo sapiens";"None";"None";"None";"None";"";"";"";"CHEMBL227";"Type-1 angiotensin II receptor";"Homo sapiens";"SINGLE PROTEIN";"CHEMBL1201862";"7";"PubChem BioAssays";"";"";"None";"";"";"";"40.0"
"CHEMBL1377849";"";"None";"355.46";"0";"3.04";"SID24794804";"CC(C)(C)C(=O)NC(=S)NNC(=O)c1ccc(-c2ccccc2)cc1";"IC50";"'='";"10762.0";"nM";"4.97";"";"Active";"UO_0000065";"";"";"";"";"0";"CHEMBL1614336";"PUBCHEM_BIOASSAY: Dose Response screen for antagonists of Angiotensin II Receptor Type 1 to assess selectivity of uHTS small molecule antagonists hits of the APJ receptor. (Class of assay: confirmatory) [Related pubchem assays: 2569, 2521 ]";"F";"BAO_0000019";"assay format";"Homo sapiens";"None";"None";"None";"None";"";"";"";"CHEMBL227";"Type-1 angiotensin II receptor";"Homo sapiens";"SINGLE PROTEIN";"CHEMBL1201862";"7";"PubChem BioAssays";"";"";"None";"";"";"";"10.762"
"CHEMBL1975257";"";"None";"479.52";"0";"4.64";"SID16953249";"COc1ccc(NS(=O)(=O)c2cc([N+](=O)[O-])ccc2N/N=C\c2c(C)[nH]c3ccccc23)cc1";"IC50";"'>'";"40000.0";"nM";"";"";"Not Active";"UO_0000065";"";"";"";"";"0";"CHEMBL1614336";"PUBCHEM_BIOASSAY: Dose Response screen for antagonists of Angiotensin II Receptor Type 1 to assess selectivity of uHTS small molecule antagonists hits of the APJ receptor. (Class of assay: confirmatory) [Related pubchem assays: 2569, 2521 ]";"F";"BAO_0000019";"assay format";"Homo sapiens";"None";"None";"None";"None";"";"";"";"CHEMBL227";"Type-1 angiotensin II receptor";"Homo sapiens";"SINGLE PROTEIN";"CHEMBL1201862";"7";"PubChem BioAssays";"";"";"None";"";"";"";"40.0"
"CHEMBL1508797";"";"None";"259.74";"0";"3.94";"SID17508438";"Cc1ccc(C(=O)CNc2cccc(Cl)c2)cc1";"IC50";"'='";"9875.0";"nM";"5.00";"";"Active";"UO_0000065";"";"";"";"";"0";"CHEMBL1614336";"PUBCHEM_BIOASSAY: Dose Response screen for antagonists of Angiotensin II Receptor Type 1 to assess selectivity of uHTS small molecule antagonists hits of the APJ receptor. (Class of assay: confirmatory) [Related pubchem assays: 2569, 2521 ]";"F";"BAO_0000019";"assay format";"Homo sapiens";"None";"None";"None";"None";"";"";"";"CHEMBL227";"Type-1 angiotensin II receptor";"Homo sapiens";"SINGLE PROTEIN";"CHEMBL1201862";"7";"PubChem BioAssays";"";"";"None";"";"";"";"9.875"
"CHEMBL1311252";"";"None";"297.35";"0";"3.74";"SID17517213";"CCC1CCCCN1CC(=O)c1ccc(OC(F)F)cc1";"IC50";"'>'";"40000.0";"nM";"";"";"Not Active";"UO_0000065";"";"";"";"";"0";"CHEMBL1614336";"PUBCHEM_BIOASSAY: Dose Response screen for antagonists of Angiotensin II Receptor Type 1 to assess selectivity of uHTS small molecule antagonists hits of the APJ receptor. (Class of assay: confirmatory) [Related pubchem assays: 2569, 2521 ]";"F";"BAO_0000019";"assay format";"Homo sapiens";"None";"None";"None";"None";"";"";"";"CHEMBL227";"Type-1 angiotensin II receptor";"Homo sapiens";"SINGLE PROTEIN";"CHEMBL1201862";"7";"PubChem BioAssays";"";"";"None";"";"";"";"40.0"
"CHEMBL1299184";"";"None";"368.93";"1";"5.21";"SID17510288";"CCC[N+](CC#Cc1ccccc1)(CCC)CC(=O)c1ccc(Cl)cc1";"IC50";"'>'";"40000.0";"nM";"";"";"Not Active";"UO_0000065";"";"";"";"";"0";"CHEMBL1614336";"PUBCHEM_BIOASSAY: Dose Response screen for antagonists of Angiotensin II Receptor Type 1 to assess selectivity of uHTS small molecule antagonists hits of the APJ receptor. (Class of assay: confirmatory) [Related pubchem assays: 2569, 2521 ]";"F";"BAO_0000019";"assay format";"Homo sapiens";"None";"None";"None";"None";"";"";"";"CHEMBL227";"Type-1 angiotensin II receptor";"Homo sapiens";"SINGLE PROTEIN";"CHEMBL1201862";"7";"PubChem BioAssays";"";"";"None";"";"";"";"40.0"
"CHEMBL1367827";"";"None";"273.76";"0";"4.25";"SID17507040";"Cc1ccc(C(=O)CNc2ccc(C)c(Cl)c2)cc1";"IC50";"'='";"5431.0";"nM";"5.26";"";"Active";"UO_0000065";"";"";"";"";"0";"CHEMBL1614336";"PUBCHEM_BIOASSAY: Dose Response screen for antagonists of Angiotensin II Receptor Type 1 to assess selectivity of uHTS small molecule antagonists hits of the APJ receptor. (Class of assay: confirmatory) [Related pubchem assays: 2569, 2521 ]";"F";"BAO_0000019";"assay format";"Homo sapiens";"None";"None";"None";"None";"";"";"";"CHEMBL227";"Type-1 angiotensin II receptor";"Homo sapiens";"SINGLE PROTEIN";"CHEMBL1201862";"7";"PubChem BioAssays";"";"";"None";"";"";"";"5.431"
"CHEMBL1312523";"";"None";"403.39";"0";"4.67";"SID49645346";"CC1=NN(c2ccc(C)cc2)C(=O)/C1=C/c1ccc(-c2cc([N+](=O)[O-])ccc2O)o1";"IC50";"'>'";"40000.0";"nM";"";"";"Not Active";"UO_0000065";"";"";"";"";"0";"CHEMBL1614336";"PUBCHEM_BIOASSAY: Dose Response screen for antagonists of Angiotensin II Receptor Type 1 to assess selectivity of uHTS small molecule antagonists hits of the APJ receptor. (Class of assay: confirmatory) [Related pubchem assays: 2569, 2521 ]";"F";"BAO_0000019";"assay format";"Homo sapiens";"None";"None";"None";"None";"";"";"";"CHEMBL227";"Type-1 angiotensin II receptor";"Homo sapiens";"SINGLE PROTEIN";"CHEMBL1201862";"7";"PubChem BioAssays";"";"";"None";"";"";"";"40.0"
"CHEMBL1492017";"";"None";"286.29";"0";"2.52";"SID858026";"COCc1cc(O)nc(Nc2nc3ccc(C)cc3o2)n1";"IC50";"'='";"6831.0";"nM";"5.17";"";"Active";"UO_0000065";"";"";"";"";"0";"CHEMBL1614336";"PUBCHEM_BIOASSAY: Dose Response screen for antagonists of Angiotensin II Receptor Type 1 to assess selectivity of uHTS small molecule antagonists hits of the APJ receptor. (Class of assay: confirmatory) [Related pubchem assays: 2569, 2521 ]";"F";"BAO_0000019";"assay format";"Homo sapiens";"None";"None";"None";"None";"";"";"";"CHEMBL227";"Type-1 angiotensin II receptor";"Homo sapiens";"SINGLE PROTEIN";"CHEMBL1201862";"7";"PubChem BioAssays";"";"";"None";"";"";"";"6.831"
"CHEMBL1540808";"";"None";"382.75";"0";"4.57";"SID24827988";"Fc1ccc(N=C(S)NNc2ncc(C(F)(F)F)cc2Cl)c(F)c1";"IC50";"'='";"15556.0";"nM";"4.81";"";"Active";"UO_0000065";"";"";"";"";"0";"CHEMBL1614336";"PUBCHEM_BIOASSAY: Dose Response screen for antagonists of Angiotensin II Receptor Type 1 to assess selectivity of uHTS small molecule antagonists hits of the APJ receptor. (Class of assay: confirmatory) [Related pubchem assays: 2569, 2521 ]";"F";"BAO_0000019";"assay format";"Homo sapiens";"None";"None";"None";"None";"";"";"";"CHEMBL227";"Type-1 angiotensin II receptor";"Homo sapiens";"SINGLE PROTEIN";"CHEMBL1201862";"7";"PubChem BioAssays";"";"";"None";"";"";"";"15.556"
"CHEMBL1453309";"";"None";"287.17";"0";"3.81";"SID26728105";"O=C(NNc1ccc(Cl)cc1)c1sccc1Cl";"IC50";"'='";"12448.0";"nM";"4.91";"";"Active";"UO_0000065";"";"";"";"";"0";"CHEMBL1614336";"PUBCHEM_BIOASSAY: Dose Response screen for antagonists of Angiotensin II Receptor Type 1 to assess selectivity of uHTS small molecule antagonists hits of the APJ receptor. (Class of assay: confirmatory) [Related pubchem assays: 2569, 2521 ]";"F";"BAO_0000019";"assay format";"Homo sapiens";"None";"None";"None";"None";"";"";"";"CHEMBL227";"Type-1 angiotensin II receptor";"Homo sapiens";"SINGLE PROTEIN";"CHEMBL1201862";"7";"PubChem BioAssays";"";"";"None";"";"";"";"12.448"
"CHEMBL3213140";"";"None";"263.37";"0";"1.54";"SID22413244";"Cc1ccc(/C=N/NC(=S)N2CCOCC2)cc1";"IC50";"'='";"8597.0";"nM";"5.07";"";"Active";"UO_0000065";"";"";"";"";"0";"CHEMBL1614336";"PUBCHEM_BIOASSAY: Dose Response screen for antagonists of Angiotensin II Receptor Type 1 to assess selectivity of uHTS small molecule antagonists hits of the APJ receptor. (Class of assay: confirmatory) [Related pubchem assays: 2569, 2521 ]";"F";"BAO_0000019";"assay format";"Homo sapiens";"None";"None";"None";"None";"";"";"";"CHEMBL227";"Type-1 angiotensin II receptor";"Homo sapiens";"SINGLE PROTEIN";"CHEMBL1201862";"7";"PubChem BioAssays";"";"";"None";"";"";"";"8.597"
"CHEMBL1384372";"";"None";"362.43";"1";"5.92";"SID16953987";"N#CC(C#N)=CC1=C2OC(c3ccccc3)=CC(c3ccccc3)=C2CCC1";"IC50";"'>'";"40000.0";"nM";"";"";"Not Active";"UO_0000065";"";"";"";"";"0";"CHEMBL1614336";"PUBCHEM_BIOASSAY: Dose Response screen for antagonists of Angiotensin II Receptor Type 1 to assess selectivity of uHTS small molecule antagonists hits of the APJ receptor. (Class of assay: confirmatory) [Related pubchem assays: 2569, 2521 ]";"F";"BAO_0000019";"assay format";"Homo sapiens";"None";"None";"None";"None";"";"";"";"CHEMBL227";"Type-1 angiotensin II receptor";"Homo sapiens";"SINGLE PROTEIN";"CHEMBL1201862";"7";"PubChem BioAssays";"";"";"None";"";"";"";"40.0"
"CHEMBL1609718";"";"None";"315.40";"0";"3.04";"SID24798170";"CC(C)c1ccc(O)c(NC(=S)NC(=O)c2cccnc2)c1";"IC50";"'='";"23246.0";"nM";"4.63";"";"Not Active";"UO_0000065";"";"";"";"";"0";"CHEMBL1614336";"PUBCHEM_BIOASSAY: Dose Response screen for antagonists of Angiotensin II Receptor Type 1 to assess selectivity of uHTS small molecule antagonists hits of the APJ receptor. (Class of assay: confirmatory) [Related pubchem assays: 2569, 2521 ]";"F";"BAO_0000019";"assay format";"Homo sapiens";"None";"None";"None";"None";"";"";"";"CHEMBL227";"Type-1 angiotensin II receptor";"Homo sapiens";"SINGLE PROTEIN";"CHEMBL1201862";"7";"PubChem BioAssays";"";"";"None";"";"";"";"23.246"
"CHEMBL291944";"";"None";"441.45";"0";"2.81";"3";"Cc1nc(C(=O)O)c2c(n1)N(Cc1ccc(-c3ccccc3-c3nn[nH]n3)cc1)C(=O)CC2";"IC50";"'='";"44.0";"nM";"7.36";"";"";"UO_0000065";"16.66";"0.30";"4.55";"5.34";"0";"CHEMBL649492";"Compound was tested in vitro for inhibitory activity against human Angiotensin II receptor in cultured preadipocytes";"B";"BAO_0000219";"cell-based format";"None";"None";"None";"None";"None";"";"";"";"CHEMBL227";"Type-1 angiotensin II receptor";"Homo sapiens";"SINGLE PROTEIN";"CHEMBL1135844";"1";"Scientific Literature";"Bioorg Med Chem Lett";"2002";"None";"";"";"";"44.0"
"CHEMBL3092993";"";"None";"378.44";"0";"1.94";"ATPT";"CCCCc1nn(C)c(=O)n1Cc1ccc(-n2cccc2-c2nnn[nH]2)cc1";"IC50";"'='";"2.5";"nM";"8.60";"";"";"UO_0000065";"22.73";"0.42";"6.66";"8.67";"0";"CHEMBL3096390";"Binding affinity to AT1 receptor (unknown origin)";"B";"BAO_0000357";"single protein format";"Homo sapiens";"None";"None";"None";"None";"";"";"";"CHEMBL227";"Type-1 angiotensin II receptor";"Homo sapiens";"SINGLE PROTEIN";"CHEMBL3091458";"1";"Scientific Literature";"Bioorg Med Chem";"2013";"None";"";"";"";"2.5"
"CHEMBL339605";"";"None";"686.21";"2";"6.45";"5b";"CCCCc1nn(-c2cc(NC(=O)CC)ccc2Cl)c(=O)n1Cc1ccc(-c2ccccc2S(=O)(=O)NC(=O)OC(C)(C)C)cc1F";"IC50";"'='";"0.44";"nM";"9.36";"";"";"UO_0000065";"13.64";"0.27";"2.91";"6.62";"0";"CHEMBL650312";"In vitro inhibitory activity against angiotensin II receptor type 1, in human adrenal membrane preparations.";"B";"BAO_0000249";"cell membrane format";"None";"None";"None";"None";"None";"";"";"";"CHEMBL227";"Type-1 angiotensin II receptor";"Homo sapiens";"SINGLE PROTEIN";"CHEMBL1128554";"1";"Scientific Literature";"J Med Chem";"1995";"None";"";"";"";"0.44"
"CHEMBL306186";"";"None";"613.81";"2";"6.66";"7";"CCCCN(CCCC)C(=O)CCCOC(=O)c1c(CC)nc(CCC)n1Cc1ccc(-c2ccccc2-c2nn[nH]n2)cc1";"IC50";"'='";"30.0";"nM";"7.52";"";"";"UO_0000065";"12.26";"0.23";"0.86";"6.33";"0";"CHEMBL648492";"Binding affinity for Angiotensin II receptor, type 1";"B";"BAO_0000357";"single protein format";"None";"None";"None";"None";"None";"";"";"";"CHEMBL227";"Type-1 angiotensin II receptor";"Homo sapiens";"SINGLE PROTEIN";"CHEMBL1150518";"1";"Scientific Literature";"Bioorg Med Chem Lett";"1994";"None";"";"";"";"30.0"
"CHEMBL71125";"";"None";"787.91";"2";"8.50";"19";"CCCc1nc(CC)c(C(=O)OCc2ccccc2C(=O)c2ccccc2)n1Cc1ccc(-c2ccccc2S(=O)(=O)NC(=O)OCCc2ccccc2)cc1F";"IC50";"'='";"0.57";"nM";"9.24";"";"";"UO_0000065";"11.73";"0.22";"0.74";"6.92";"0";"CHEMBL648492";"Binding affinity for Angiotensin II receptor, type 1";"B";"BAO_0000357";"single protein format";"None";"None";"None";"None";"None";"";"";"";"CHEMBL227";"Type-1 angiotensin II receptor";"Homo sapiens";"SINGLE PROTEIN";"CHEMBL1150518";"1";"Scientific Literature";"Bioorg Med Chem Lett";"1994";"None";"";"";"";"0.57"
"CHEMBL72595";"";"None";"739.87";"2";"7.91";"21";"CCCc1nc(CC)c(C(=O)OCc2ccccc2C(=O)c2ccccc2)n1Cc1ccc(-c2ccccc2S(=O)(=O)NC(=O)OCC(C)C)cc1F";"IC50";"'='";"0.5";"nM";"9.30";"";"";"UO_0000065";"12.57";"0.24";"1.39";"6.96";"0";"CHEMBL648492";"Binding affinity for Angiotensin II receptor, type 1";"B";"BAO_0000357";"single protein format";"None";"None";"None";"None";"None";"";"";"";"CHEMBL227";"Type-1 angiotensin II receptor";"Homo sapiens";"SINGLE PROTEIN";"CHEMBL1150518";"1";"Scientific Literature";"Bioorg Med Chem Lett";"1994";"None";"";"";"";"0.5"
"CHEMBL311018";"";"None";"725.84";"2";"7.67";"25";"CCCOC(=O)NS(=O)(=O)c1ccccc1-c1ccc(Cn2c(CCC)nc(CC)c2C(=O)OCc2cccc(C(=O)c3ccccc3)c2)c(F)c1";"IC50";"'='";"0.3";"nM";"9.52";"";"";"UO_0000065";"13.12";"0.25";"1.85";"7.12";"0";"CHEMBL648492";"Binding affinity for Angiotensin II receptor, type 1";"B";"BAO_0000357";"single protein format";"None";"None";"None";"None";"None";"";"";"";"CHEMBL227";"Type-1 angiotensin II receptor";"Homo sapiens";"SINGLE PROTEIN";"CHEMBL1150518";"1";"Scientific Literature";"Bioorg Med Chem Lett";"1994";"None";"";"";"";"0.3"
"CHEMBL311625";"";"None";"725.91";"2";"7.07";"49";"CCCc1nc(CC)c(C(=O)OCCC[S+]([O-])c2ccccc2)n1Cc1ccc(-c2ccccc2S(=O)(=O)NC(=O)OCCC(C)C)cc1F";"IC50";"'='";"0.2";"nM";"9.70";"";"";"UO_0000065";"13.36";"0.26";"2.63";"6.95";"0";"CHEMBL648492";"Binding affinity for Angiotensin II receptor, type 1";"B";"BAO_0000357";"single protein format";"None";"None";"None";"None";"None";"";"";"";"CHEMBL227";"Type-1 angiotensin II receptor";"Homo sapiens";"SINGLE PROTEIN";"CHEMBL1150518";"1";"Scientific Literature";"Bioorg Med Chem Lett";"1994";"None";"";"";"";"0.2"
"CHEMBL938";"SARALASIN";"4.0";"912.06";"3";"-2.30";"Saralasin";"CNCC(=O)N[C@@H](CCCNC(=N)N)C(=O)N[C@H](C(=O)N[C@@H](Cc1ccc(O)cc1)C(=O)N[C@H](C(=O)N[C@@H](Cc1cnc[nH]1)C(=O)N1CCC[C@H]1C(=O)N[C@@H](C)C(=O)O)C(C)C)C(C)C";"IC50";"'='";"0.57";"nM";"9.24";"";"";"UO_0000065";"10.14";"0.19";"11.54";"2.60";"0";"CHEMBL1663578";"Inhibition of human angiotensin II AT1 receptor";"B";"BAO_0000357";"single protein format";"Homo sapiens";"None";"None";"None";"None";"";"";"";"CHEMBL227";"Type-1 angiotensin II receptor";"Homo sapiens";"SINGLE PROTEIN";"CHEMBL1649335";"1";"Scientific Literature";"Bioorg Med Chem";"2010";"None";"";"";"";"0.57"
"CHEMBL73876";"";"None";"663.77";"2";"5.90";"9, (L-163579)";"CCc1nc2ccc(NC(=O)N(C)C(C)C)cc2c(=O)n1Cc1ccc(-c2ccccc2S(=O)(=O)NC(=O)OCCC2CC2)cc1F";"IC50";"'='";"8.1";"nM";"8.09";"";"";"UO_0000065";"12.19";"0.24";"2.19";"5.79";"0";"CHEMBL875934";"In vivo inhibitory concentration against Angiotensin II receptor, type 1 of human adrenal membrane";"B";"BAO_0000218";"organism-based format";"None";"None";"None";"None";"None";"";"";"";"CHEMBL227";"Type-1 angiotensin II receptor";"Homo sapiens";"SINGLE PROTEIN";"CHEMBL1150477";"1";"Scientific Literature";"Bioorg Med Chem Lett";"1994";"None";"";"";"";"8.1"
"CHEMBL303427";"";"None";"792.97";"2";"8.56";"58";"CCCc1nc(CC)c(C(=O)OCCN(C(=O)OCCC(C)C)c2ccccc2)n1Cc1ccc(-c2ccccc2S(=O)(=O)NC(=O)OCCC(C)C)cc1F";"IC50";"'='";"0.2";"nM";"9.70";"";"";"UO_0000065";"12.23";"0.24";"1.14";"6.64";"0";"CHEMBL648492";"Binding affinity for Angiotensin II receptor, type 1";"B";"BAO_0000357";"single protein format";"None";"None";"None";"None";"None";"";"";"";"CHEMBL227";"Type-1 angiotensin II receptor";"Homo sapiens";"SINGLE PROTEIN";"CHEMBL1150518";"1";"Scientific Literature";"Bioorg Med Chem Lett";"1994";"None";"";"";"";"0.2"
"CHEMBL302959";"";"None";"581.66";"1";"4.29";"12m";"CCCc1nc(CN2CCN(c3ccccn3)CC2)c(C(=O)O)n1Cc1ccc(-c2ccccc2-c2nn[nH]n2)cc1F";"IC50";"'='";"0.9";"nM";"9.05";"";"";"UO_0000065";"15.55";"0.29";"4.76";"7.01";"0";"CHEMBL647574";"In vitro binding affinity of compound against Angiotensin II receptor, type 1";"B";"BAO_0000357";"single protein format";"None";"None";"None";"None";"None";"";"";"";"CHEMBL227";"Type-1 angiotensin II receptor";"Homo sapiens";"SINGLE PROTEIN";"CHEMBL1127975";"1";"Scientific Literature";"Bioorg Med Chem Lett";"1994";"None";"";"";"";"0.9"
"CHEMBL308943";"";"None";"669.74";"2";"5.67";"10a";"CCCc1nc(CN(CC(=O)O)C(=O)C(c2ccccc2)c2ccccc2)c(C(=O)O)n1Cc1ccc(-c2ccccc2-c2nn[nH]n2)cc1";"IC50";"'='";"100.0";"nM";"7.00";"";"";"UO_0000065";"10.45";"0.19";"1.33";"4.19";"0";"CHEMBL647574";"In vitro binding affinity of compound against Angiotensin II receptor, type 1";"B";"BAO_0000357";"single protein format";"None";"None";"None";"None";"None";"";"";"";"CHEMBL227";"Type-1 angiotensin II receptor";"Homo sapiens";"SINGLE PROTEIN";"CHEMBL1127975";"1";"Scientific Literature";"Bioorg Med Chem Lett";"1994";"None";"";"";"";"100.0"
"CHEMBL338027";"";"None";"730.66";"2";"6.56";"L-163958";"CCCCC(=O)Nc1ccc(Br)c(-n2nc(CC)n(Cc3ccc(-c4ccccc4S(=O)(=O)NC(=O)OC(C)(C)C)cc3F)c2=O)c1";"IC50";"'='";"0.2";"nM";"9.70";"";"";"UO_0000065";"13.27";"0.28";"3.14";"6.86";"0";"CHEMBL647575";"Inhibition of Angiotensin II receptor, type 1";"B";"BAO_0000357";"single protein format";"None";"None";"None";"None";"None";"";"";"";"CHEMBL227";"Type-1 angiotensin II receptor";"Homo sapiens";"SINGLE PROTEIN";"CHEMBL1129469";"1";"Scientific Literature";"J Med Chem";"1996";"None";"";"";"";"0.2"
"CHEMBL304065";"";"None";"679.80";"2";"6.75";"16";"CCCc1nc(CC)c(C(=O)OCc2ccccc2C(=O)c2ccccc2)n1Cc1ccc(-c2ccccc2S(=O)(=O)NC(=O)OC)cc1";"IC50";"'='";"0.6";"nM";"9.22";"";"";"UO_0000065";"13.57";"0.26";"2.47";"6.90";"0";"CHEMBL648492";"Binding affinity for Angiotensin II receptor, type 1";"B";"BAO_0000357";"single protein format";"None";"None";"None";"None";"None";"";"";"";"CHEMBL227";"Type-1 angiotensin II receptor";"Homo sapiens";"SINGLE PROTEIN";"CHEMBL1150518";"1";"Scientific Literature";"Bioorg Med Chem Lett";"1994";"None";"";"";"";"0.6"
"CHEMBL1457787";"";"None";"283.81";"0";"4.13";"SID22404682";"Cc1csc(N=C(S)Nc2cccc(Cl)c2)n1";"IC50";"'>'";"40000.0";"nM";"";"";"Not Active";"UO_0000065";"";"";"";"";"0";"CHEMBL1614336";"PUBCHEM_BIOASSAY: Dose Response screen for antagonists of Angiotensin II Receptor Type 1 to assess selectivity of uHTS small molecule antagonists hits of the APJ receptor. (Class of assay: confirmatory) [Related pubchem assays: 2569, 2521 ]";"F";"BAO_0000019";"assay format";"Homo sapiens";"None";"None";"None";"None";"";"";"";"CHEMBL227";"Type-1 angiotensin II receptor";"Homo sapiens";"SINGLE PROTEIN";"CHEMBL1201862";"7";"PubChem BioAssays";"";"";"None";"";"";"";"40.0"
"CHEMBL1487635";"";"None";"298.37";"0";"3.34";"SID14734290";"Cc1ccc(S(=O)(=O)Nc2cccc3cccnc23)cc1";"IC50";"'='";"3673.0";"nM";"5.43";"";"Active";"UO_0000065";"";"";"";"";"0";"CHEMBL1614336";"PUBCHEM_BIOASSAY: Dose Response screen for antagonists of Angiotensin II Receptor Type 1 to assess selectivity of uHTS small molecule antagonists hits of the APJ receptor. (Class of assay: confirmatory) [Related pubchem assays: 2569, 2521 ]";"F";"BAO_0000019";"assay format";"Homo sapiens";"None";"None";"None";"None";"";"";"";"CHEMBL227";"Type-1 angiotensin II receptor";"Homo sapiens";"SINGLE PROTEIN";"CHEMBL1201862";"7";"PubChem BioAssays";"";"";"None";"";"";"";"3.673"
"CHEMBL1409219";"";"None";"488.05";"0";"4.35";"SID49675583";"CCOC(=O)c1c(-c2ccc(-c3ccccc3)cc2)csc1NC(=O)CNCCN(C)C.Cl";"IC50";"'='";"9333.0";"nM";"5.03";"";"Active";"UO_0000065";"";"";"";"";"0";"CHEMBL1614336";"PUBCHEM_BIOASSAY: Dose Response screen for antagonists of Angiotensin II Receptor Type 1 to assess selectivity of uHTS small molecule antagonists hits of the APJ receptor. (Class of assay: confirmatory) [Related pubchem assays: 2569, 2521 ]";"F";"BAO_0000019";"assay format";"Homo sapiens";"None";"None";"None";"None";"";"";"";"CHEMBL227";"Type-1 angiotensin II receptor";"Homo sapiens";"SINGLE PROTEIN";"CHEMBL1201862";"7";"PubChem BioAssays";"";"";"None";"";"";"";"9.333"
"CHEMBL1592294";"";"None";"312.78";"0";"2.05";"SID85268528";"Cc1cc(C)nc(NNS(=O)(=O)c2ccc(Cl)cc2)n1";"IC50";"'>'";"40000.0";"nM";"";"";"Not Active";"UO_0000065";"";"";"";"";"0";"CHEMBL1614336";"PUBCHEM_BIOASSAY: Dose Response screen for antagonists of Angiotensin II Receptor Type 1 to assess selectivity of uHTS small molecule antagonists hits of the APJ receptor. (Class of assay: confirmatory) [Related pubchem assays: 2569, 2521 ]";"F";"BAO_0000019";"assay format";"Homo sapiens";"None";"None";"None";"None";"";"";"";"CHEMBL227";"Type-1 angiotensin II receptor";"Homo sapiens";"SINGLE PROTEIN";"CHEMBL1201862";"7";"PubChem BioAssays";"";"";"None";"";"";"";"40.0"
"CHEMBL1488024";"";"None";"277.33";"0";"2.79";"SID24823007";"N=C1S/C(=C\c2ccco2)C(=O)N1c1nccs1";"IC50";"'='";"7859.0";"nM";"5.11";"";"Active";"UO_0000065";"";"";"";"";"0";"CHEMBL1614336";"PUBCHEM_BIOASSAY: Dose Response screen for antagonists of Angiotensin II Receptor Type 1 to assess selectivity of uHTS small molecule antagonists hits of the APJ receptor. (Class of assay: confirmatory) [Related pubchem assays: 2569, 2521 ]";"F";"BAO_0000019";"assay format";"Homo sapiens";"None";"None";"None";"None";"";"";"";"CHEMBL227";"Type-1 angiotensin II receptor";"Homo sapiens";"SINGLE PROTEIN";"CHEMBL1201862";"7";"PubChem BioAssays";"";"";"None";"";"";"";"7.859"
"CHEMBL1360149";"";"None";"326.31";"0";"2.58";"SID22412766";"Cc1ccc(OCCN2C(=O)c3ccccc3C2=O)c([N+](=O)[O-])c1";"IC50";"'='";"9039.0";"nM";"5.04";"";"Active";"UO_0000065";"";"";"";"";"0";"CHEMBL1614336";"PUBCHEM_BIOASSAY: Dose Response screen for antagonists of Angiotensin II Receptor Type 1 to assess selectivity of uHTS small molecule antagonists hits of the APJ receptor. (Class of assay: confirmatory) [Related pubchem assays: 2569, 2521 ]";"F";"BAO_0000019";"assay format";"Homo sapiens";"None";"None";"None";"None";"";"";"";"CHEMBL227";"Type-1 angiotensin II receptor";"Homo sapiens";"SINGLE PROTEIN";"CHEMBL1201862";"7";"PubChem BioAssays";"";"";"None";"";"";"";"9.039"
"CHEMBL3195989";"";"None";"449.26";"0";"3.32";"SID49825803";"O=C(CCCC(=O)Nc1cccc(Br)c1)N/N=C/c1cc([N+](=O)[O-])ccc1O";"IC50";"'>'";"40000.0";"nM";"";"";"Not Active";"UO_0000065";"";"";"";"";"0";"CHEMBL1614336";"PUBCHEM_BIOASSAY: Dose Response screen for antagonists of Angiotensin II Receptor Type 1 to assess selectivity of uHTS small molecule antagonists hits of the APJ receptor. (Class of assay: confirmatory) [Related pubchem assays: 2569, 2521 ]";"F";"BAO_0000019";"assay format";"Homo sapiens";"None";"None";"None";"None";"";"";"";"CHEMBL227";"Type-1 angiotensin II receptor";"Homo sapiens";"SINGLE PROTEIN";"CHEMBL1201862";"7";"PubChem BioAssays";"";"";"None";"";"";"";"40.0"
"CHEMBL1434292";"";"None";"240.24";"0";"2.90";"SID49671732";"O=C1Nc2ccccc2C1=Nc1ccc(F)cc1";"IC50";"'='";"24351.0";"nM";"4.61";"";"Not Active";"UO_0000065";"";"";"";"";"0";"CHEMBL1614336";"PUBCHEM_BIOASSAY: Dose Response screen for antagonists of Angiotensin II Receptor Type 1 to assess selectivity of uHTS small molecule antagonists hits of the APJ receptor. (Class of assay: confirmatory) [Related pubchem assays: 2569, 2521 ]";"F";"BAO_0000019";"assay format";"Homo sapiens";"None";"None";"None";"None";"";"";"";"CHEMBL227";"Type-1 angiotensin II receptor";"Homo sapiens";"SINGLE PROTEIN";"CHEMBL1201862";"7";"PubChem BioAssays";"";"";"None";"";"";"";"24.351"
"CHEMBL3190198";"";"None";"291.31";"0";"2.70";"SID26660282";"O=C(N/N=C/c1cccc2cccnc12)c1ccccc1O";"IC50";"'='";"1559.0";"nM";"5.81";"";"Active";"UO_0000065";"";"";"";"";"0";"CHEMBL1614336";"PUBCHEM_BIOASSAY: Dose Response screen for antagonists of Angiotensin II Receptor Type 1 to assess selectivity of uHTS small molecule antagonists hits of the APJ receptor. (Class of assay: confirmatory) [Related pubchem assays: 2569, 2521 ]";"F";"BAO_0000019";"assay format";"Homo sapiens";"None";"None";"None";"None";"";"";"";"CHEMBL227";"Type-1 angiotensin II receptor";"Homo sapiens";"SINGLE PROTEIN";"CHEMBL1201862";"7";"PubChem BioAssays";"";"";"None";"";"";"";"1.559"
"CHEMBL1604546";"";"None";"382.46";"0";"4.50";"SID7977964";"CC1(C)CC(=O)C2=C(C1)OC1=C(C(=O)CC(C)(C)C1)C2c1ccc(O)cc1O";"IC50";"'='";"9756.0";"nM";"5.01";"";"Active";"UO_0000065";"";"";"";"";"0";"CHEMBL1614336";"PUBCHEM_BIOASSAY: Dose Response screen for antagonists of Angiotensin II Receptor Type 1 to assess selectivity of uHTS small molecule antagonists hits of the APJ receptor. (Class of assay: confirmatory) [Related pubchem assays: 2569, 2521 ]";"F";"BAO_0000019";"assay format";"Homo sapiens";"None";"None";"None";"None";"";"";"";"CHEMBL227";"Type-1 angiotensin II receptor";"Homo sapiens";"SINGLE PROTEIN";"CHEMBL1201862";"7";"PubChem BioAssays";"";"";"None";"";"";"";"9.756"
"CHEMBL3189289";"";"None";"410.48";"0";"4.85";"SID49821883";"CCCOc1cccc(-c2cc(C(=O)N/N=C/c3ccccn3)c3ccccc3n2)c1";"IC50";"'='";"5899.0";"nM";"5.23";"";"Active";"UO_0000065";"";"";"";"";"0";"CHEMBL1614336";"PUBCHEM_BIOASSAY: Dose Response screen for antagonists of Angiotensin II Receptor Type 1 to assess selectivity of uHTS small molecule antagonists hits of the APJ receptor. (Class of assay: confirmatory) [Related pubchem assays: 2569, 2521 ]";"F";"BAO_0000019";"assay format";"Homo sapiens";"None";"None";"None";"None";"";"";"";"CHEMBL227";"Type-1 angiotensin II receptor";"Homo sapiens";"SINGLE PROTEIN";"CHEMBL1201862";"7";"PubChem BioAssays";"";"";"None";"";"";"";"5.899"
"CHEMBL29725";"";"None";"605.66";"1";"4.94";"43";"Cn1nnnc1-c1ccccc1-c1ccc(Cn2cnc3ccc(N(Cc4ccccn4)C(=O)c4ccncc4)cc3c2=O)cc1";"IC50";"'='";"4.4";"nM";"8.36";"";"";"UO_0000065";"13.80";"0.25";"3.42";"6.71";"0";"CHEMBL652866";"Binding affinity against AT1 receptor in human adrenal tissue";"B";"BAO_0000221";"tissue-based format";"Homo sapiens";"CHEMBL3638272";"Adrenal tissue";"None";"None";"";"";"";"CHEMBL227";"Type-1 angiotensin II receptor";"Homo sapiens";"SINGLE PROTEIN";"CHEMBL1128754";"1";"Scientific Literature";"Bioorg Med Chem Lett";"1995";"None";"";"";"";"4.4"
"CHEMBL306761";"";"None";"757.95";"2";"9.22";"43";"CCCc1nc(CC)c(C(=O)OCc2ccccc2Sc2ccccc2)n1Cc1ccc(-c2ccccc2S(=O)(=O)NC(=O)OCCC(C)C)cc1F";"IC50";"'='";"1.0";"nM";"9.00";"";"";"UO_0000065";"11.87";"0.23";"-0.22";"7.72";"0";"CHEMBL648492";"Binding affinity for Angiotensin II receptor, type 1";"B";"BAO_0000357";"single protein format";"None";"None";"None";"None";"None";"";"";"";"CHEMBL227";"Type-1 angiotensin II receptor";"Homo sapiens";"SINGLE PROTEIN";"CHEMBL1150518";"1";"Scientific Literature";"Bioorg Med Chem Lett";"1994";"None";"";"";"";"1.0"
"CHEMBL282168";"";"None";"585.67";"2";"5.45";"19";"CCCCN(C(=O)c1ccc(O)cc1)c1ccc2ncn(Cc3ccc(-c4ccccc4-c4nnnn4C)cc3)c(=O)c2c1";"IC50";"'='";"4.0";"nM";"8.40";"";"";"UO_0000065";"14.34";"0.26";"2.95";"7.06";"0";"CHEMBL652866";"Binding affinity against AT1 receptor in human adrenal tissue";"B";"BAO_0000221";"tissue-based format";"Homo sapiens";"CHEMBL3638272";"Adrenal tissue";"None";"None";"";"";"";"CHEMBL227";"Type-1 angiotensin II receptor";"Homo sapiens";"SINGLE PROTEIN";"CHEMBL1128754";"1";"Scientific Literature";"Bioorg Med Chem Lett";"1995";"None";"";"";"";"4.0"
"CHEMBL326140";"";"None";"393.45";"0";"3.14";"4a";"CCCCC(=O)N(CC(=O)O)Cc1ccc(-c2ccccc2-c2nn[nH]n2)cc1";"IC50";"'='";"600.0";"nM";"6.22";"";"";"UO_0000065";"15.81";"0.29";"3.08";"5.55";"0";"CHEMBL648566";"Tested for inhibition of Angiotensin II receptor, type 1 in the absence of bovine serum albumin (BSA)";"B";"BAO_0000357";"single protein format";"None";"None";"None";"None";"None";"";"";"";"CHEMBL227";"Type-1 angiotensin II receptor";"Homo sapiens";"SINGLE PROTEIN";"CHEMBL1127873";"1";"Scientific Literature";"Bioorg Med Chem Lett";"1994";"None";"";"";"";"0.6"
"CHEMBL279629";"L-159913";"None";"634.68";"2";"6.23";"3d";"CCCCc1nn(-c2ccccc2C(F)(F)F)c(=O)n1Cc1ccc(-c2ccccc2S(=O)(=O)NC(=O)c2ccccc2)cc1";"IC50";"'='";"2.5";"nM";"8.60";"";"";"UO_0000065";"13.55";"0.26";"2.37";"8.35";"0";"CHEMBL650309";"In vitro binding affinity towards Angiotensin II receptor, type 1 to displace 125I[Sar,Ile] from human adrenal tissue preparation";"B";"BAO_0000221";"tissue-based format";"None";"CHEMBL3638272";"Adrenal tissue";"None";"None";"";"";"";"CHEMBL227";"Type-1 angiotensin II receptor";"Homo sapiens";"SINGLE PROTEIN";"CHEMBL1127228";"1";"Scientific Literature";"Bioorg Med Chem Lett";"1994";"None";"";"";"";"2.5"
"CHEMBL279629";"L-159913";"None";"634.68";"2";"6.23";"3d";"CCCCc1nn(-c2ccccc2C(F)(F)F)c(=O)n1Cc1ccc(-c2ccccc2S(=O)(=O)NC(=O)c2ccccc2)cc1";"IC50";"";"";"nM";"";"";"NT";"UO_0000065";"";"";"";"";"0";"CHEMBL650311";"In vitro binding affinity towards Angiotensin II receptor, type 1 to displace 125I[Sar,Ile] from human brain tissue preparation";"B";"BAO_0000019";"assay format";"None";"CHEMBL3638188";"Brain";"None";"None";"";"";"";"CHEMBL227";"Type-1 angiotensin II receptor";"Homo sapiens";"SINGLE PROTEIN";"CHEMBL1127228";"1";"Scientific Literature";"Bioorg Med Chem Lett";"1994";"None";"";"";"";""
"CHEMBL1801714";"";"None";"449.56";"1";"5.38";"2d";"CCCc1nc2c(C)cc(C)nc2n1[C@H]1CCc2cc(-c3ccccc3-c3nnn[nH]3)ccc21";"IC50";"'='";"13.3";"nM";"7.88";"";"";"UO_0000065";"17.52";"0.32";"2.50";"9.25";"0";"CHEMBL1803889";"Displacement of [125I]Tyr4-Sar1,Ile8-Angiotensin II from human Angiotensin 1 receptor after 60 mins by scintillation counting";"B";"BAO_0000357";"single protein format";"Homo sapiens";"None";"None";"None";"None";"";"";"";"CHEMBL227";"Type-1 angiotensin II receptor";"Homo sapiens";"SINGLE PROTEIN";"CHEMBL1800018";"1";"Scientific Literature";"J Med Chem";"2011";"None";"";"";"";"13.3"
"CHEMBL1801737";"";"None";"463.59";"1";"5.56";"2i";"CCc1c(C)nc2c(nc(CC)n2[C@H]2CCc3cc(-c4ccccc4-c4nnn[nH]4)ccc32)c1C";"IC50";"'='";"15.7";"nM";"7.80";"";"";"UO_0000065";"16.83";"0.30";"2.24";"9.16";"0";"CHEMBL1803889";"Displacement of [125I]Tyr4-Sar1,Ile8-Angiotensin II from human Angiotensin 1 receptor after 60 mins by scintillation counting";"B";"BAO_0000357";"single protein format";"Homo sapiens";"None";"None";"None";"None";"";"";"";"CHEMBL227";"Type-1 angiotensin II receptor";"Homo sapiens";"SINGLE PROTEIN";"CHEMBL1800018";"1";"Scientific Literature";"J Med Chem";"2011";"None";"";"";"";"15.7"
"CHEMBL1801739";"";"None";"463.59";"1";"5.81";"2k";"CCc1cc(C)c2nc(C(C)C)n([C@H]3CCc4cc(-c5ccccc5-c5nnn[nH]5)ccc43)c2n1";"IC50";"'='";"16.9";"nM";"7.77";"";"";"UO_0000065";"16.77";"0.30";"1.96";"9.13";"0";"CHEMBL1803889";"Displacement of [125I]Tyr4-Sar1,Ile8-Angiotensin II from human Angiotensin 1 receptor after 60 mins by scintillation counting";"B";"BAO_0000357";"single protein format";"Homo sapiens";"None";"None";"None";"None";"";"";"";"CHEMBL227";"Type-1 angiotensin II receptor";"Homo sapiens";"SINGLE PROTEIN";"CHEMBL1800018";"1";"Scientific Literature";"J Med Chem";"2011";"None";"";"";"";"16.9"
"CHEMBL1360337";"";"None";"496.70";"1";"6.20";"SID17416005";"O=C(CCCC(=O)OCC(=O)c1ccc(Cl)cc1Cl)Nc1cc(C(F)(F)F)ccc1Cl";"IC50";"'>'";"40000.0";"nM";"";"";"Not Active";"UO_0000065";"";"";"";"";"0";"CHEMBL1614336";"PUBCHEM_BIOASSAY: Dose Response screen for antagonists of Angiotensin II Receptor Type 1 to assess selectivity of uHTS small molecule antagonists hits of the APJ receptor. (Class of assay: confirmatory) [Related pubchem assays: 2569, 2521 ]";"F";"BAO_0000019";"assay format";"Homo sapiens";"None";"None";"None";"None";"";"";"";"CHEMBL227";"Type-1 angiotensin II receptor";"Homo sapiens";"SINGLE PROTEIN";"CHEMBL1201862";"7";"PubChem BioAssays";"";"";"None";"";"";"";"40.0"
"CHEMBL1324011";"";"None";"277.33";"0";"4.97";"SID24814878";"Cc1ccc(C)c(N=Nc2ccc(O)c3ncccc23)c1";"IC50";"'='";"9843.0";"nM";"5.01";"";"Active";"UO_0000065";"";"";"";"";"0";"CHEMBL1614336";"PUBCHEM_BIOASSAY: Dose Response screen for antagonists of Angiotensin II Receptor Type 1 to assess selectivity of uHTS small molecule antagonists hits of the APJ receptor. (Class of assay: confirmatory) [Related pubchem assays: 2569, 2521 ]";"F";"BAO_0000019";"assay format";"Homo sapiens";"None";"None";"None";"None";"";"";"";"CHEMBL227";"Type-1 angiotensin II receptor";"Homo sapiens";"SINGLE PROTEIN";"CHEMBL1201862";"7";"PubChem BioAssays";"";"";"None";"";"";"";"9.843"
"CHEMBL1583998";"";"None";"419.44";"0";"2.39";"SID26671326";"O=C1N=C(NS(=O)(=O)Cc2ccccc2)S/C1=C/c1cc([N+](=O)[O-])ccc1O";"IC50";"'='";"39907.0";"nM";"4.40";"";"Not Active";"UO_0000065";"";"";"";"";"0";"CHEMBL1614336";"PUBCHEM_BIOASSAY: Dose Response screen for antagonists of Angiotensin II Receptor Type 1 to assess selectivity of uHTS small molecule antagonists hits of the APJ receptor. (Class of assay: confirmatory) [Related pubchem assays: 2569, 2521 ]";"F";"BAO_0000019";"assay format";"Homo sapiens";"None";"None";"None";"None";"";"";"";"CHEMBL227";"Type-1 angiotensin II receptor";"Homo sapiens";"SINGLE PROTEIN";"CHEMBL1201862";"7";"PubChem BioAssays";"";"";"None";"";"";"";"39.907"
"CHEMBL3191999";"";"None";"273.72";"0";"2.81";"SID49673436";"Cc1cccc(/C=N/NC(=O)c2cccc(Cl)c2)n1";"IC50";"'='";"7891.0";"nM";"5.10";"";"Active";"UO_0000065";"";"";"";"";"0";"CHEMBL1614336";"PUBCHEM_BIOASSAY: Dose Response screen for antagonists of Angiotensin II Receptor Type 1 to assess selectivity of uHTS small molecule antagonists hits of the APJ receptor. (Class of assay: confirmatory) [Related pubchem assays: 2569, 2521 ]";"F";"BAO_0000019";"assay format";"Homo sapiens";"None";"None";"None";"None";"";"";"";"CHEMBL227";"Type-1 angiotensin II receptor";"Homo sapiens";"SINGLE PROTEIN";"CHEMBL1201862";"7";"PubChem BioAssays";"";"";"None";"";"";"";"7.891"
"CHEMBL1388704";"";"None";"427.41";"0";"3.01";"SID24807117";"CC(=O)Nc1ccc(NC(=O)CCC(=O)OCC(=O)c2ccc(C)c([N+](=O)[O-])c2)cc1";"IC50";"'>'";"40000.0";"nM";"";"";"Not Active";"UO_0000065";"";"";"";"";"0";"CHEMBL1614336";"PUBCHEM_BIOASSAY: Dose Response screen for antagonists of Angiotensin II Receptor Type 1 to assess selectivity of uHTS small molecule antagonists hits of the APJ receptor. (Class of assay: confirmatory) [Related pubchem assays: 2569, 2521 ]";"F";"BAO_0000019";"assay format";"Homo sapiens";"None";"None";"None";"None";"";"";"";"CHEMBL227";"Type-1 angiotensin II receptor";"Homo sapiens";"SINGLE PROTEIN";"CHEMBL1201862";"7";"PubChem BioAssays";"";"";"None";"";"";"";"40.0"
"CHEMBL1588194";"";"None";"321.68";"0";"2.08";"SID26660592";"O=C(COC(=O)c1cnccn1)c1ccc(Cl)c([N+](=O)[O-])c1";"IC50";"'='";"12473.0";"nM";"4.90";"";"Active";"UO_0000065";"";"";"";"";"0";"CHEMBL1614336";"PUBCHEM_BIOASSAY: Dose Response screen for antagonists of Angiotensin II Receptor Type 1 to assess selectivity of uHTS small molecule antagonists hits of the APJ receptor. (Class of assay: confirmatory) [Related pubchem assays: 2569, 2521 ]";"F";"BAO_0000019";"assay format";"Homo sapiens";"None";"None";"None";"None";"";"";"";"CHEMBL227";"Type-1 angiotensin II receptor";"Homo sapiens";"SINGLE PROTEIN";"CHEMBL1201862";"7";"PubChem BioAssays";"";"";"None";"";"";"";"12.473"
"CHEMBL1318653";"";"None";"500.85";"2";"1.50";"SID85199718";"Cn1c(N)c(C(=O)COC(=O)c2ccccc2C(=O)c2ccc(Cl)c([N+](=O)[O-])c2)c(=O)n(C)c1=O";"IC50";"'='";"21336.0";"nM";"4.67";"";"Not Active";"UO_0000065";"";"";"";"";"0";"CHEMBL1614336";"PUBCHEM_BIOASSAY: Dose Response screen for antagonists of Angiotensin II Receptor Type 1 to assess selectivity of uHTS small molecule antagonists hits of the APJ receptor. (Class of assay: confirmatory) [Related pubchem assays: 2569, 2521 ]";"F";"BAO_0000019";"assay format";"Homo sapiens";"None";"None";"None";"None";"";"";"";"CHEMBL227";"Type-1 angiotensin II receptor";"Homo sapiens";"SINGLE PROTEIN";"CHEMBL1201862";"7";"PubChem BioAssays";"";"";"None";"";"";"";"21.336"
"CHEMBL1540185";"";"None";"270.72";"0";"3.72";"SID47204310";"Cc1cccc(N=C2C(=O)Nc3c(Cl)cccc32)c1";"IC50";"'>'";"40000.0";"nM";"";"";"Not Active";"UO_0000065";"";"";"";"";"0";"CHEMBL1614336";"PUBCHEM_BIOASSAY: Dose Response screen for antagonists of Angiotensin II Receptor Type 1 to assess selectivity of uHTS small molecule antagonists hits of the APJ receptor. (Class of assay: confirmatory) [Related pubchem assays: 2569, 2521 ]";"F";"BAO_0000019";"assay format";"Homo sapiens";"None";"None";"None";"None";"";"";"";"CHEMBL227";"Type-1 angiotensin II receptor";"Homo sapiens";"SINGLE PROTEIN";"CHEMBL1201862";"7";"PubChem BioAssays";"";"";"None";"";"";"";"40.0"
"CHEMBL1384550";"";"None";"265.38";"0";"4.84";"SID17401143";"Cc1cccc(CSc2cccc3cccnc23)c1";"IC50";"'='";"10067.0";"nM";"5.00";"";"Active";"UO_0000065";"";"";"";"";"0";"CHEMBL1614336";"PUBCHEM_BIOASSAY: Dose Response screen for antagonists of Angiotensin II Receptor Type 1 to assess selectivity of uHTS small molecule antagonists hits of the APJ receptor. (Class of assay: confirmatory) [Related pubchem assays: 2569, 2521 ]";"F";"BAO_0000019";"assay format";"Homo sapiens";"None";"None";"None";"None";"";"";"";"CHEMBL227";"Type-1 angiotensin II receptor";"Homo sapiens";"SINGLE PROTEIN";"CHEMBL1201862";"7";"PubChem BioAssays";"";"";"None";"";"";"";"10.067"
"CHEMBL1585527";"";"None";"338.84";"0";"4.78";"SID24837982";"Oc1c(C(c2ccccc2Cl)N2CCCC2)ccc2cccnc12";"IC50";"'='";"12033.0";"nM";"4.92";"";"Active";"UO_0000065";"";"";"";"";"0";"CHEMBL1614336";"PUBCHEM_BIOASSAY: Dose Response screen for antagonists of Angiotensin II Receptor Type 1 to assess selectivity of uHTS small molecule antagonists hits of the APJ receptor. (Class of assay: confirmatory) [Related pubchem assays: 2569, 2521 ]";"F";"BAO_0000019";"assay format";"Homo sapiens";"None";"None";"None";"None";"";"";"";"CHEMBL227";"Type-1 angiotensin II receptor";"Homo sapiens";"SINGLE PROTEIN";"CHEMBL1201862";"7";"PubChem BioAssays";"";"";"None";"";"";"";"12.033"
"CHEMBL1469318";"";"None";"403.42";"0";"2.84";"SID24780293";"COc1ccc(/C=C/C(=O)NC(=S)Nc2cc([N+](=O)[O-])ccc2O)cc1OC";"IC50";"'>'";"40000.0";"nM";"";"";"Not Active";"UO_0000065";"";"";"";"";"0";"CHEMBL1614336";"PUBCHEM_BIOASSAY: Dose Response screen for antagonists of Angiotensin II Receptor Type 1 to assess selectivity of uHTS small molecule antagonists hits of the APJ receptor. (Class of assay: confirmatory) [Related pubchem assays: 2569, 2521 ]";"F";"BAO_0000019";"assay format";"Homo sapiens";"None";"None";"None";"None";"";"";"";"CHEMBL227";"Type-1 angiotensin II receptor";"Homo sapiens";"SINGLE PROTEIN";"CHEMBL1201862";"7";"PubChem BioAssays";"";"";"None";"";"";"";"40.0"
"CHEMBL1509694";"";"None";"362.48";"0";"4.29";"SID26726443";"Cc1ccc(NNC(=O)c2cc(C(C)(C)C)nn2Cc2ccccc2)cc1";"IC50";"'='";"3812.0";"nM";"5.42";"";"Active";"UO_0000065";"";"";"";"";"0";"CHEMBL1614336";"PUBCHEM_BIOASSAY: Dose Response screen for antagonists of Angiotensin II Receptor Type 1 to assess selectivity of uHTS small molecule antagonists hits of the APJ receptor. (Class of assay: confirmatory) [Related pubchem assays: 2569, 2521 ]";"F";"BAO_0000019";"assay format";"Homo sapiens";"None";"None";"None";"None";"";"";"";"CHEMBL227";"Type-1 angiotensin II receptor";"Homo sapiens";"SINGLE PROTEIN";"CHEMBL1201862";"7";"PubChem BioAssays";"";"";"None";"";"";"";"3.812"
"CHEMBL1602759";"";"None";"342.40";"0";"3.61";"SID4259886";"O=S1(=O)C=C(Sc2nnc(-c3ccccc3)o2)c2ccccc21";"IC50";"'='";"6087.0";"nM";"5.22";"";"Active";"UO_0000065";"";"";"";"";"0";"CHEMBL1614336";"PUBCHEM_BIOASSAY: Dose Response screen for antagonists of Angiotensin II Receptor Type 1 to assess selectivity of uHTS small molecule antagonists hits of the APJ receptor. (Class of assay: confirmatory) [Related pubchem assays: 2569, 2521 ]";"F";"BAO_0000019";"assay format";"Homo sapiens";"None";"None";"None";"None";"";"";"";"CHEMBL227";"Type-1 angiotensin II receptor";"Homo sapiens";"SINGLE PROTEIN";"CHEMBL1201862";"7";"PubChem BioAssays";"";"";"None";"";"";"";"6.087"
"CHEMBL1587831";"";"None";"432.57";"0";"3.36";"SID4240645";"CCSC1(SCC)N=C(N)C2(C#N)C(c3ccc(OC)c(OC)c3OC)C12C#N";"IC50";"'='";"27497.0";"nM";"4.56";"";"Not Active";"UO_0000065";"";"";"";"";"0";"CHEMBL1614336";"PUBCHEM_BIOASSAY: Dose Response screen for antagonists of Angiotensin II Receptor Type 1 to assess selectivity of uHTS small molecule antagonists hits of the APJ receptor. (Class of assay: confirmatory) [Related pubchem assays: 2569, 2521 ]";"F";"BAO_0000019";"assay format";"Homo sapiens";"None";"None";"None";"None";"";"";"";"CHEMBL227";"Type-1 angiotensin II receptor";"Homo sapiens";"SINGLE PROTEIN";"CHEMBL1201862";"7";"PubChem BioAssays";"";"";"None";"";"";"";"27.497"
"CHEMBL3193432";"";"None";"283.29";"0";"0.76";"SID17386499";"Cc1ccc(N/N=C2/C(=O)Nn3c2nc(C)cc3=O)cc1";"IC50";"'>'";"40000.0";"nM";"";"";"Not Active";"UO_0000065";"";"";"";"";"0";"CHEMBL1614336";"PUBCHEM_BIOASSAY: Dose Response screen for antagonists of Angiotensin II Receptor Type 1 to assess selectivity of uHTS small molecule antagonists hits of the APJ receptor. (Class of assay: confirmatory) [Related pubchem assays: 2569, 2521 ]";"F";"BAO_0000019";"assay format";"Homo sapiens";"None";"None";"None";"None";"";"";"";"CHEMBL227";"Type-1 angiotensin II receptor";"Homo sapiens";"SINGLE PROTEIN";"CHEMBL1201862";"7";"PubChem BioAssays";"";"";"None";"";"";"";"40.0"
"CHEMBL1525546";"";"None";"253.33";"0";"3.31";"SID24810108";"Fc1ccc(NC(S)=Nc2nccs2)cc1";"IC50";"'='";"25155.0";"nM";"4.60";"";"Not Active";"UO_0000065";"";"";"";"";"0";"CHEMBL1614336";"PUBCHEM_BIOASSAY: Dose Response screen for antagonists of Angiotensin II Receptor Type 1 to assess selectivity of uHTS small molecule antagonists hits of the APJ receptor. (Class of assay: confirmatory) [Related pubchem assays: 2569, 2521 ]";"F";"BAO_0000019";"assay format";"Homo sapiens";"None";"None";"None";"None";"";"";"";"CHEMBL227";"Type-1 angiotensin II receptor";"Homo sapiens";"SINGLE PROTEIN";"CHEMBL1201862";"7";"PubChem BioAssays";"";"";"None";"";"";"";"25.155"
"CHEMBL1312651";"";"None";"259.74";"0";"3.94";"SID17409048";"Cc1ccc(NCC(=O)c2ccccc2)cc1Cl";"IC50";"'='";"5699.0";"nM";"5.24";"";"Active";"UO_0000065";"";"";"";"";"0";"CHEMBL1614336";"PUBCHEM_BIOASSAY: Dose Response screen for antagonists of Angiotensin II Receptor Type 1 to assess selectivity of uHTS small molecule antagonists hits of the APJ receptor. (Class of assay: confirmatory) [Related pubchem assays: 2569, 2521 ]";"F";"BAO_0000019";"assay format";"Homo sapiens";"None";"None";"None";"None";"";"";"";"CHEMBL227";"Type-1 angiotensin II receptor";"Homo sapiens";"SINGLE PROTEIN";"CHEMBL1201862";"7";"PubChem BioAssays";"";"";"None";"";"";"";"5.699"
"CHEMBL1344603";"";"None";"306.31";"0";"1.51";"SID49665579";"CC1=NN(C(N)=S)C(=O)C1N=Nc1ccc([N+](=O)[O-])cc1";"IC50";"'='";"35329.0";"nM";"4.45";"";"Not Active";"UO_0000065";"";"";"";"";"0";"CHEMBL1614336";"PUBCHEM_BIOASSAY: Dose Response screen for antagonists of Angiotensin II Receptor Type 1 to assess selectivity of uHTS small molecule antagonists hits of the APJ receptor. (Class of assay: confirmatory) [Related pubchem assays: 2569, 2521 ]";"F";"BAO_0000019";"assay format";"Homo sapiens";"None";"None";"None";"None";"";"";"";"CHEMBL227";"Type-1 angiotensin II receptor";"Homo sapiens";"SINGLE PROTEIN";"CHEMBL1201862";"7";"PubChem BioAssays";"";"";"None";"";"";"";"35.329"
"CHEMBL1480872";"";"None";"384.57";"0";"4.82";"SID17402861";"O=C(NNc1ncc(C(F)(F)F)cc1Cl)c1c(Cl)cccc1Cl";"IC50";"'>'";"40000.0";"nM";"";"";"Not Active";"UO_0000065";"";"";"";"";"0";"CHEMBL1614336";"PUBCHEM_BIOASSAY: Dose Response screen for antagonists of Angiotensin II Receptor Type 1 to assess selectivity of uHTS small molecule antagonists hits of the APJ receptor. (Class of assay: confirmatory) [Related pubchem assays: 2569, 2521 ]";"F";"BAO_0000019";"assay format";"Homo sapiens";"None";"None";"None";"None";"";"";"";"CHEMBL227";"Type-1 angiotensin II receptor";"Homo sapiens";"SINGLE PROTEIN";"CHEMBL1201862";"7";"PubChem BioAssays";"";"";"None";"";"";"";"40.0"
"CHEMBL9642";"SC-52892";"None";"431.54";"0";"4.08";"36, SC-52892";"CCCCc1cn(CCCC)c(=O)n1Cc1ccc(-c2ccccc2-c2nn[nH]n2)nc1";"IC50";"'='";"6.5";"nM";"8.19";"";"";"UO_0000065";"18.97";"0.35";"4.11";"8.68";"0";"CHEMBL1670336";"Binding affinity to angiotensin AT1 receptor";"B";"BAO_0000357";"single protein format";"None";"None";"None";"None";"None";"";"";"";"CHEMBL227";"Type-1 angiotensin II receptor";"Homo sapiens";"SINGLE PROTEIN";"CHEMBL1667742";"1";"Scientific Literature";"Bioorg Med Chem";"2010";"None";"";"";"";"6.5"
"CHEMBL1668000";"";"None";"559.69";"1";"4.22";"47";"CCCCN1CC2(CN1Cc1ccc(-c3ccccc3S(=O)(=O)NC(=O)c3ccccc3)cc1)C(=O)CCC2=O";"IC50";"'='";"12.0";"nM";"7.92";"";"";"UO_0000065";"";"";"";"";"0";"CHEMBL1670344";"Antagonist activity at angiotensin AT1 receptor in human PLC-PRF5 cells";"F";"BAO_0000219";"cell-based format";"Homo sapiens";"None";"None";"PLC-PRF5";"None";"";"";"";"CHEMBL227";"Type-1 angiotensin II receptor";"Homo sapiens";"SINGLE PROTEIN";"CHEMBL1667742";"1";"Scientific Literature";"Bioorg Med Chem";"2010";"None";"";"";"";"12.0"
"CHEMBL157577";"";"None";"525.64";"2";"5.51";"51";"CCCCc1nnc(SCc2ccccc2C(=O)O)n1Cc1ccc(-c2ccccc2-c2nn[nH]n2)cc1";"IC50";"'='";"1.4";"nM";"8.85";"";"";"UO_0000065";"16.84";"0.32";"3.34";"7.23";"0";"CHEMBL1670336";"Binding affinity to angiotensin AT1 receptor";"B";"BAO_0000357";"single protein format";"None";"None";"None";"None";"None";"";"";"";"CHEMBL227";"Type-1 angiotensin II receptor";"Homo sapiens";"SINGLE PROTEIN";"CHEMBL1667742";"1";"Scientific Literature";"Bioorg Med Chem";"2010";"None";"";"";"";"1.4"
"CHEMBL2158341";"";"None";"345.34";"0";"2.24";"71";"Cc1ccnc(SCc2cc(=O)c(OC(=O)c3cnco3)co2)n1";"IC50";"'>'";"79000.0";"nM";"";"";"";"UO_0000065";"";"";"";"";"0";"CHEMBL2161529";"Inhibition of AT1 receptor";"B";"BAO_0000357";"single protein format";"None";"None";"None";"None";"None";"";"";"";"CHEMBL227";"Type-1 angiotensin II receptor";"Homo sapiens";"SINGLE PROTEIN";"CHEMBL2157975";"1";"Scientific Literature";"Bioorg Med Chem Lett";"2012";"None";"";"";"";"79.0"
"CHEMBL2158329";"";"None";"417.83";"0";"4.71";"58";"O=C(Oc1coc(CSc2ccccc2)cc1=O)c1ccc(Cl)c([N+](=O)[O-])c1";"IC50";"'>'";"79000.0";"nM";"";"";"";"UO_0000065";"";"";"";"";"0";"CHEMBL2161529";"Inhibition of AT1 receptor";"B";"BAO_0000357";"single protein format";"None";"None";"None";"None";"None";"";"";"";"CHEMBL227";"Type-1 angiotensin II receptor";"Homo sapiens";"SINGLE PROTEIN";"CHEMBL2157975";"1";"Scientific Literature";"Bioorg Med Chem Lett";"2012";"None";"";"";"";"79.0"
"CHEMBL2158322";"";"None";"236.25";"0";"1.43";"51";"O=c1cc(CSc2ncccn2)occ1O";"IC50";"'>'";"79000.0";"nM";"";"";"";"UO_0000065";"";"";"";"";"0";"CHEMBL2161529";"Inhibition of AT1 receptor";"B";"BAO_0000357";"single protein format";"None";"None";"None";"None";"None";"";"";"";"CHEMBL227";"Type-1 angiotensin II receptor";"Homo sapiens";"SINGLE PROTEIN";"CHEMBL2157975";"1";"Scientific Literature";"Bioorg Med Chem Lett";"2012";"None";"";"";"";"79.0"
"CHEMBL79242";"";"None";"474.56";"0";"4.24";"9";"CCCCc1ncc(CN[C@H](Cc2c[nH]c3ccccc23)C(=O)O)n1Cc1ccc(C(=O)O)cc1";"IC50";"'='";"2.9";"nM";"8.54";"";"";"UO_0000065";"17.99";"0.33";"4.30";"7.10";"0";"CHEMBL650316";"Tested for inhibition of Angiotensin II specific binding to Angiotensin II receptor, type 1 in the recombinant human AT-1 receptor expressed in LhAT-1D6 cells";"B";"BAO_0000219";"cell-based format";"None";"None";"None";"LhAT-1D6";"None";"";"";"";"CHEMBL227";"Type-1 angiotensin II receptor";"Homo sapiens";"SINGLE PROTEIN";"CHEMBL1128136";"1";"Scientific Literature";"Bioorg Med Chem Lett";"1995";"None";"";"";"";"2.9"
"CHEMBL78345";"";"None";"345.40";"0";"2.15";"1";"CCCCc1ncc(CNCC(=O)O)n1Cc1ccc(C(=O)O)cc1";"IC50";"'='";"298.0";"nM";"6.53";"";"";"UO_0000065";"18.89";"0.36";"4.38";"6.25";"0";"CHEMBL650316";"Tested for inhibition of Angiotensin II specific binding to Angiotensin II receptor, type 1 in the recombinant human AT-1 receptor expressed in LhAT-1D6 cells";"B";"BAO_0000219";"cell-based format";"None";"None";"None";"LhAT-1D6";"None";"";"";"";"CHEMBL227";"Type-1 angiotensin II receptor";"Homo sapiens";"SINGLE PROTEIN";"CHEMBL1128136";"1";"Scientific Literature";"Bioorg Med Chem Lett";"1995";"None";"";"";"";"298.0"
"CHEMBL112523";"";"None";"407.47";"0";"3.53";"4c";"CCCCC(=O)N(Cc1ccc(-c2ccccc2-c2nn[nH]n2)cc1)[C@@H](C)C(=O)O";"IC50";"'='";"24.0";"nM";"7.62";"";"";"UO_0000065";"18.70";"0.35";"4.09";"6.80";"0";"CHEMBL648566";"Tested for inhibition of Angiotensin II receptor, type 1 in the absence of bovine serum albumin (BSA)";"B";"BAO_0000357";"single protein format";"None";"None";"None";"None";"None";"";"";"";"CHEMBL227";"Type-1 angiotensin II receptor";"Homo sapiens";"SINGLE PROTEIN";"CHEMBL1127873";"1";"Scientific Literature";"Bioorg Med Chem Lett";"1994";"None";"";"";"";"0.024"
"CHEMBL2337686";"";"None";"673.62";"2";"5.91";"11";"CCCCc1c[n+](Cc2ccc(-c3ccccc3-c3nn[nH]n3)cc2)cn1Cc1ccc(-c2ccccc2-c2nn[nH]n2)cc1.[Br-]";"IC50";"'='";"0.3467";"nM";"9.46";"";"";"UO_0000065";"15.93";"0.29";"3.55";"8.04";"0";"CHEMBL2345156";"Displacement of [125I-Sar1-Ile8]-ANG2 from human Angiotensin 2 type-1 receptor expressed in HEK293 cells after 1 hr by gamma counting analysis";"B";"BAO_0000219";"cell-based format";"Homo sapiens";"None";"None";"HEK293";"None";"";"";"";"CHEMBL227";"Type-1 angiotensin II receptor";"Homo sapiens";"SINGLE PROTEIN";"CHEMBL2331233";"1";"Scientific Literature";"Eur J Med Chem";"2013";"CHEMBL3307715";"";"";"";"9.46"
"CHEMBL2158333";"";"None";"320.37";"0";"2.59";"62";"Cc1ccnc(SCc2cc(=O)c(OC(=O)C(C)C)co2)n1";"IC50";"'>'";"79000.0";"nM";"";"";"";"UO_0000065";"";"";"";"";"0";"CHEMBL2161529";"Inhibition of AT1 receptor";"B";"BAO_0000357";"single protein format";"None";"None";"None";"None";"None";"";"";"";"CHEMBL227";"Type-1 angiotensin II receptor";"Homo sapiens";"SINGLE PROTEIN";"CHEMBL2157975";"1";"Scientific Literature";"Bioorg Med Chem Lett";"2012";"None";"";"";"";"79.0"
"CHEMBL2158321";"";"None";"252.27";"0";"2.78";"50";"O=c1cc(CSc2ccc(F)cc2)occ1O";"IC50";"'>'";"79000.0";"nM";"";"";"";"UO_0000065";"";"";"";"";"0";"CHEMBL2161529";"Inhibition of AT1 receptor";"B";"BAO_0000357";"single protein format";"None";"None";"None";"None";"None";"";"";"";"CHEMBL227";"Type-1 angiotensin II receptor";"Homo sapiens";"SINGLE PROTEIN";"CHEMBL2157975";"1";"Scientific Literature";"Bioorg Med Chem Lett";"2012";"None";"";"";"";"79.0"
"CHEMBL2158319";"";"None";"379.40";"0";"3.12";"48";"Cc1ccnc(SCc2cc(=O)c(OC(=O)c3cccc(C#N)c3)co2)n1";"IC50";"'>'";"79000.0";"nM";"";"";"";"UO_0000065";"";"";"";"";"0";"CHEMBL2161529";"Inhibition of AT1 receptor";"B";"BAO_0000357";"single protein format";"None";"None";"None";"None";"None";"";"";"";"CHEMBL227";"Type-1 angiotensin II receptor";"Homo sapiens";"SINGLE PROTEIN";"CHEMBL2157975";"1";"Scientific Literature";"Bioorg Med Chem Lett";"2012";"None";"";"";"";"79.0"
"CHEMBL2158284";"";"None";"368.41";"0";"3.56";"44";"Cc1cccc(C(=O)Oc2coc(CSc3nccc(C)n3)cc2=O)c1";"IC50";"'>'";"79000.0";"nM";"";"";"";"UO_0000065";"";"";"";"";"0";"CHEMBL2161529";"Inhibition of AT1 receptor";"B";"BAO_0000357";"single protein format";"None";"None";"None";"None";"None";"";"";"";"CHEMBL227";"Type-1 angiotensin II receptor";"Homo sapiens";"SINGLE PROTEIN";"CHEMBL2157975";"1";"Scientific Literature";"Bioorg Med Chem Lett";"2012";"None";"";"";"";"79.0"
"CHEMBL2158282";"";"None";"388.83";"0";"3.90";"42";"Cc1ccnc(SCc2cc(=O)c(OC(=O)c3ccccc3Cl)co2)n1";"IC50";"'>'";"79000.0";"nM";"";"";"";"UO_0000065";"";"";"";"";"0";"CHEMBL2161529";"Inhibition of AT1 receptor";"B";"BAO_0000357";"single protein format";"None";"None";"None";"None";"None";"";"";"";"CHEMBL227";"Type-1 angiotensin II receptor";"Homo sapiens";"SINGLE PROTEIN";"CHEMBL2157975";"1";"Scientific Literature";"Bioorg Med Chem Lett";"2012";"None";"";"";"";"79.0"
"CHEMBL2158276";"";"None";"379.40";"0";"3.12";"34";"Cc1ccnc(SCc2cc(=O)c(OC(=O)c3ccc(C#N)cc3)co2)n1";"IC50";"'>'";"79000.0";"nM";"";"";"";"UO_0000065";"";"";"";"";"0";"CHEMBL2161529";"Inhibition of AT1 receptor";"B";"BAO_0000357";"single protein format";"None";"None";"None";"None";"None";"";"";"";"CHEMBL227";"Type-1 angiotensin II receptor";"Homo sapiens";"SINGLE PROTEIN";"CHEMBL2157975";"1";"Scientific Literature";"Bioorg Med Chem Lett";"2012";"None";"";"";"";"79.0"
"CHEMBL1545659";"";"None";"354.39";"0";"3.25";"28";"Cc1ccnc(SCc2cc(=O)c(OC(=O)c3ccccc3)co2)n1";"IC50";"'>'";"79000.0";"nM";"";"";"";"UO_0000065";"";"";"";"";"0";"CHEMBL2161529";"Inhibition of AT1 receptor";"B";"BAO_0000357";"single protein format";"None";"None";"None";"None";"None";"";"";"";"CHEMBL227";"Type-1 angiotensin II receptor";"Homo sapiens";"SINGLE PROTEIN";"CHEMBL2157975";"1";"Scientific Literature";"Bioorg Med Chem Lett";"2012";"None";"";"";"";"79.0"
"CHEMBL2158271";"";"None";"445.41";"1";"2.87";"27";"COc1cc(C(=O)Oc2coc(CSc3ncccn3)cc2=O)c([N+](=O)[O-])cc1OC";"IC50";"'>'";"79000.0";"nM";"";"";"";"UO_0000065";"";"";"";"";"0";"CHEMBL2161529";"Inhibition of AT1 receptor";"B";"BAO_0000357";"single protein format";"None";"None";"None";"None";"None";"";"";"";"CHEMBL227";"Type-1 angiotensin II receptor";"Homo sapiens";"SINGLE PROTEIN";"CHEMBL2157975";"1";"Scientific Literature";"Bioorg Med Chem Lett";"2012";"None";"";"";"";"79.0"
"CHEMBL74556";"";"None";"693.84";"2";"6.93";"3";"CCCCc1nc2ccc(NC(=O)N(C)C(C)C)cc2c(=O)n1Cc1ccc(-c2ccccc2S(=O)(=O)NC(=O)OCCC(C)C)cc1F";"IC50";"'='";"1.9";"nM";"8.72";"";"";"UO_0000065";"12.57";"0.24";"1.79";"6.24";"0";"CHEMBL875934";"In vivo inhibitory concentration against Angiotensin II receptor, type 1 of human adrenal membrane";"B";"BAO_0000218";"organism-based format";"None";"None";"None";"None";"None";"";"";"";"CHEMBL227";"Type-1 angiotensin II receptor";"Homo sapiens";"SINGLE PROTEIN";"CHEMBL1150477";"1";"Scientific Literature";"Bioorg Med Chem Lett";"1994";"None";"";"";"";"1.9"
"CHEMBL74442";"";"None";"665.79";"2";"6.15";"10";"CCc1nc2ccc(NC(=O)N(C)C(C)C)cc2c(=O)n1Cc1ccc(-c2ccccc2S(=O)(=O)NC(=O)OCCC(C)C)cc1F";"IC50";"'='";"10.0";"nM";"8.00";"";"";"UO_0000065";"12.02";"0.23";"1.85";"5.73";"0";"CHEMBL875934";"In vivo inhibitory concentration against Angiotensin II receptor, type 1 of human adrenal membrane";"B";"BAO_0000218";"organism-based format";"None";"None";"None";"None";"None";"";"";"";"CHEMBL227";"Type-1 angiotensin II receptor";"Homo sapiens";"SINGLE PROTEIN";"CHEMBL1150477";"1";"Scientific Literature";"Bioorg Med Chem Lett";"1994";"None";"";"";"";"10.0"
"CHEMBL305238";"";"None";"706.84";"2";"6.90";"53";"CCCc1nc(CC)c(C(=O)OCCC(=O)Nc2ccccc2)n1Cc1ccc(-c2ccccc2S(=O)(=O)NC(=O)OCCC(C)C)cc1F";"IC50";"'='";"0.1";"nM";"10.00";"";"";"UO_0000065";"14.15";"0.27";"3.10";"6.86";"0";"CHEMBL648492";"Binding affinity for Angiotensin II receptor, type 1";"B";"BAO_0000357";"single protein format";"None";"None";"None";"None";"None";"";"";"";"CHEMBL227";"Type-1 angiotensin II receptor";"Homo sapiens";"SINGLE PROTEIN";"CHEMBL1150518";"1";"Scientific Literature";"Bioorg Med Chem Lett";"1994";"None";"";"";"";"0.1"
"CHEMBL1210154";"";"None";"336.42";"1";"5.39";"10i";"C/C(=N\OC(=O)Nc1ccccc1)c1cccc(-c2cccs2)c1";"IC50";"'>'";"10000.0";"nM";"";"";"";"UO_0000065";"";"";"";"";"0";"CHEMBL1212468";"Displacement of [125I][Sar1,Ile8]-AT II from human recombinant AT1 receptor expressed in HEK293 cells";"B";"BAO_0000219";"cell-based format";"Homo sapiens";"None";"None";"HEK293";"None";"";"";"";"CHEMBL227";"Type-1 angiotensin II receptor";"Homo sapiens";"SINGLE PROTEIN";"CHEMBL1208724";"1";"Scientific Literature";"Bioorg Med Chem Lett";"2010";"CHEMBL3307715";"";"";"";"10000.0"
"CHEMBL1964873";"";"None";"315.79";"0";"3.71";"SID26663238";"O=C(N/N=C/c1ccccn1)c1sc2ccccc2c1Cl";"IC50";"'='";"6535.0";"nM";"5.18";"";"Active";"UO_0000065";"";"";"";"";"0";"CHEMBL1614336";"PUBCHEM_BIOASSAY: Dose Response screen for antagonists of Angiotensin II Receptor Type 1 to assess selectivity of uHTS small molecule antagonists hits of the APJ receptor. (Class of assay: confirmatory) [Related pubchem assays: 2569, 2521 ]";"F";"BAO_0000019";"assay format";"Homo sapiens";"None";"None";"None";"None";"";"";"";"CHEMBL227";"Type-1 angiotensin II receptor";"Homo sapiens";"SINGLE PROTEIN";"CHEMBL1201862";"7";"PubChem BioAssays";"";"";"None";"";"";"";"6.535"
"CHEMBL1464749";"";"None";"400.39";"0";"3.06";"SID49816633";"COc1ccccc1NC(=O)CCC(=O)OCC(=O)c1ccc(C)c([N+](=O)[O-])c1";"IC50";"'='";"33714.0";"nM";"4.47";"";"Not Active";"UO_0000065";"";"";"";"";"0";"CHEMBL1614336";"PUBCHEM_BIOASSAY: Dose Response screen for antagonists of Angiotensin II Receptor Type 1 to assess selectivity of uHTS small molecule antagonists hits of the APJ receptor. (Class of assay: confirmatory) [Related pubchem assays: 2569, 2521 ]";"F";"BAO_0000019";"assay format";"Homo sapiens";"None";"None";"None";"None";"";"";"";"CHEMBL227";"Type-1 angiotensin II receptor";"Homo sapiens";"SINGLE PROTEIN";"CHEMBL1201862";"7";"PubChem BioAssays";"";"";"None";"";"";"";"33.714"
"CHEMBL1464917";"";"None";"322.37";"0";"3.11";"SID47196829";"COc1ccc(-c2cc(-c3ccccc3)nc(NN)n2)cc1OC";"IC50";"'='";"11248.0";"nM";"4.95";"";"Active";"UO_0000065";"";"";"";"";"0";"CHEMBL1614336";"PUBCHEM_BIOASSAY: Dose Response screen for antagonists of Angiotensin II Receptor Type 1 to assess selectivity of uHTS small molecule antagonists hits of the APJ receptor. (Class of assay: confirmatory) [Related pubchem assays: 2569, 2521 ]";"F";"BAO_0000019";"assay format";"Homo sapiens";"None";"None";"None";"None";"";"";"";"CHEMBL227";"Type-1 angiotensin II receptor";"Homo sapiens";"SINGLE PROTEIN";"CHEMBL1201862";"7";"PubChem BioAssays";"";"";"None";"";"";"";"11.248"
"CHEMBL1522007";"";"None";"256.33";"0";"3.29";"SID49646648";"Cc1ccc(C(=O)Sc2cccccc2=O)cc1";"IC50";"'<'";"1250.0";"nM";"";"";"Active";"UO_0000065";"";"";"";"";"0";"CHEMBL1614336";"PUBCHEM_BIOASSAY: Dose Response screen for antagonists of Angiotensin II Receptor Type 1 to assess selectivity of uHTS small molecule antagonists hits of the APJ receptor. (Class of assay: confirmatory) [Related pubchem assays: 2569, 2521 ]";"F";"BAO_0000019";"assay format";"Homo sapiens";"None";"None";"None";"None";"";"";"";"CHEMBL227";"Type-1 angiotensin II receptor";"Homo sapiens";"SINGLE PROTEIN";"CHEMBL1201862";"7";"PubChem BioAssays";"";"";"None";"";"";"";"1.25"
"CHEMBL1465592";"";"None";"300.32";"0";"2.80";"SID14725477";"CC(C)(C)C(=O)/C(=C\c1cccc([N+](=O)[O-])c1)n1cncn1";"IC50";"'='";"4176.0";"nM";"5.38";"";"Active";"UO_0000065";"";"";"";"";"0";"CHEMBL1614336";"PUBCHEM_BIOASSAY: Dose Response screen for antagonists of Angiotensin II Receptor Type 1 to assess selectivity of uHTS small molecule antagonists hits of the APJ receptor. (Class of assay: confirmatory) [Related pubchem assays: 2569, 2521 ]";"F";"BAO_0000019";"assay format";"Homo sapiens";"None";"None";"None";"None";"";"";"";"CHEMBL227";"Type-1 angiotensin II receptor";"Homo sapiens";"SINGLE PROTEIN";"CHEMBL1201862";"7";"PubChem BioAssays";"";"";"None";"";"";"";"4.176"
"CHEMBL3213220";"";"None";"323.46";"0";"4.41";"SID22406081";"Cc1cccc(NC(=S)N/N=C2/CCCCc3ccccc32)c1";"IC50";"'>'";"40000.0";"nM";"";"";"Not Active";"UO_0000065";"";"";"";"";"0";"CHEMBL1614336";"PUBCHEM_BIOASSAY: Dose Response screen for antagonists of Angiotensin II Receptor Type 1 to assess selectivity of uHTS small molecule antagonists hits of the APJ receptor. (Class of assay: confirmatory) [Related pubchem assays: 2569, 2521 ]";"F";"BAO_0000019";"assay format";"Homo sapiens";"None";"None";"None";"None";"";"";"";"CHEMBL227";"Type-1 angiotensin II receptor";"Homo sapiens";"SINGLE PROTEIN";"CHEMBL1201862";"7";"PubChem BioAssays";"";"";"None";"";"";"";"40.0"
"CHEMBL1427235";"";"None";"288.78";"0";"3.97";"SID26726464";"CCc1ccc(C(=O)NNc2ccc(C)c(Cl)c2)cc1";"IC50";"'='";"2553.0";"nM";"5.59";"";"Active";"UO_0000065";"";"";"";"";"0";"CHEMBL1614336";"PUBCHEM_BIOASSAY: Dose Response screen for antagonists of Angiotensin II Receptor Type 1 to assess selectivity of uHTS small molecule antagonists hits of the APJ receptor. (Class of assay: confirmatory) [Related pubchem assays: 2569, 2521 ]";"F";"BAO_0000019";"assay format";"Homo sapiens";"None";"None";"None";"None";"";"";"";"CHEMBL227";"Type-1 angiotensin II receptor";"Homo sapiens";"SINGLE PROTEIN";"CHEMBL1201862";"7";"PubChem BioAssays";"";"";"None";"";"";"";"2.553"
"CHEMBL1444275";"";"None";"271.32";"0";"2.48";"SID24826479";"COc1ccc(C(=O)CNc2ccccc2CO)cc1";"IC50";"'='";"26123.0";"nM";"4.58";"";"Not Active";"UO_0000065";"";"";"";"";"0";"CHEMBL1614336";"PUBCHEM_BIOASSAY: Dose Response screen for antagonists of Angiotensin II Receptor Type 1 to assess selectivity of uHTS small molecule antagonists hits of the APJ receptor. (Class of assay: confirmatory) [Related pubchem assays: 2569, 2521 ]";"F";"BAO_0000019";"assay format";"Homo sapiens";"None";"None";"None";"None";"";"";"";"CHEMBL227";"Type-1 angiotensin II receptor";"Homo sapiens";"SINGLE PROTEIN";"CHEMBL1201862";"7";"PubChem BioAssays";"";"";"None";"";"";"";"26.123"
"CHEMBL364893";"";"None";"192.17";"0";"1.79";"SID49671581";"O=C(c1ccco1)C(O)c1ccco1";"IC50";"'='";"35176.0";"nM";"4.45";"";"Not Active";"UO_0000065";"";"";"";"";"0";"CHEMBL1614336";"PUBCHEM_BIOASSAY: Dose Response screen for antagonists of Angiotensin II Receptor Type 1 to assess selectivity of uHTS small molecule antagonists hits of the APJ receptor. (Class of assay: confirmatory) [Related pubchem assays: 2569, 2521 ]";"F";"BAO_0000019";"assay format";"Homo sapiens";"None";"None";"None";"None";"";"";"";"CHEMBL227";"Type-1 angiotensin II receptor";"Homo sapiens";"SINGLE PROTEIN";"CHEMBL1201862";"7";"PubChem BioAssays";"";"";"None";"";"";"";"35.176"
"CHEMBL1338165";"";"None";"370.36";"0";"3.05";"SID24805197";"Cc1ccccc1NC(=O)CCC(=O)OCC(=O)c1cccc([N+](=O)[O-])c1";"IC50";"'='";"33559.0";"nM";"4.47";"";"Not Active";"UO_0000065";"";"";"";"";"0";"CHEMBL1614336";"PUBCHEM_BIOASSAY: Dose Response screen for antagonists of Angiotensin II Receptor Type 1 to assess selectivity of uHTS small molecule antagonists hits of the APJ receptor. (Class of assay: confirmatory) [Related pubchem assays: 2569, 2521 ]";"F";"BAO_0000019";"assay format";"Homo sapiens";"None";"None";"None";"None";"";"";"";"CHEMBL227";"Type-1 angiotensin II receptor";"Homo sapiens";"SINGLE PROTEIN";"CHEMBL1201862";"7";"PubChem BioAssays";"";"";"None";"";"";"";"33.559"
"CHEMBL1451169";"";"None";"366.24";"0";"2.98";"SID47201996";"Cc1cc(O)ccc1NC(=S)NC(=O)c1cncc(Br)c1";"IC50";"'='";"10471.0";"nM";"4.98";"";"Active";"UO_0000065";"";"";"";"";"0";"CHEMBL1614336";"PUBCHEM_BIOASSAY: Dose Response screen for antagonists of Angiotensin II Receptor Type 1 to assess selectivity of uHTS small molecule antagonists hits of the APJ receptor. (Class of assay: confirmatory) [Related pubchem assays: 2569, 2521 ]";"F";"BAO_0000019";"assay format";"Homo sapiens";"None";"None";"None";"None";"";"";"";"CHEMBL227";"Type-1 angiotensin II receptor";"Homo sapiens";"SINGLE PROTEIN";"CHEMBL1201862";"7";"PubChem BioAssays";"";"";"None";"";"";"";"10.471"
"CHEMBL1382939";"";"None";"288.37";"0";"3.69";"SID26730570";"Cc1ccc(C(C[N+](=O)[O-])Sc2ccc(N)cc2)cc1";"IC50";"'='";"16913.0";"nM";"4.77";"";"Active";"UO_0000065";"";"";"";"";"0";"CHEMBL1614336";"PUBCHEM_BIOASSAY: Dose Response screen for antagonists of Angiotensin II Receptor Type 1 to assess selectivity of uHTS small molecule antagonists hits of the APJ receptor. (Class of assay: confirmatory) [Related pubchem assays: 2569, 2521 ]";"F";"BAO_0000019";"assay format";"Homo sapiens";"None";"None";"None";"None";"";"";"";"CHEMBL227";"Type-1 angiotensin II receptor";"Homo sapiens";"SINGLE PROTEIN";"CHEMBL1201862";"7";"PubChem BioAssays";"";"";"None";"";"";"";"16.913"
"CHEMBL1361740";"";"None";"351.42";"0";"2.52";"SID49671315";"CCn1nc(C)cc1-c1nnc(Sc2ncc([N+](=O)[O-])s2)n1C";"IC50";"'='";"5355.0";"nM";"5.27";"";"Active";"UO_0000065";"";"";"";"";"0";"CHEMBL1614336";"PUBCHEM_BIOASSAY: Dose Response screen for antagonists of Angiotensin II Receptor Type 1 to assess selectivity of uHTS small molecule antagonists hits of the APJ receptor. (Class of assay: confirmatory) [Related pubchem assays: 2569, 2521 ]";"F";"BAO_0000019";"assay format";"Homo sapiens";"None";"None";"None";"None";"";"";"";"CHEMBL227";"Type-1 angiotensin II receptor";"Homo sapiens";"SINGLE PROTEIN";"CHEMBL1201862";"7";"PubChem BioAssays";"";"";"None";"";"";"";"5.355"
"CHEMBL1322052";"";"None";"329.43";"0";"3.43";"SID24782087";"CCC(C)c1ccc(O)c(NC(=S)NC(=O)c2cccnc2)c1";"IC50";"'='";"13951.0";"nM";"4.86";"";"Active";"UO_0000065";"";"";"";"";"0";"CHEMBL1614336";"PUBCHEM_BIOASSAY: Dose Response screen for antagonists of Angiotensin II Receptor Type 1 to assess selectivity of uHTS small molecule antagonists hits of the APJ receptor. (Class of assay: confirmatory) [Related pubchem assays: 2569, 2521 ]";"F";"BAO_0000019";"assay format";"Homo sapiens";"None";"None";"None";"None";"";"";"";"CHEMBL227";"Type-1 angiotensin II receptor";"Homo sapiens";"SINGLE PROTEIN";"CHEMBL1201862";"7";"PubChem BioAssays";"";"";"None";"";"";"";"13.951"
"CHEMBL1480264";"";"None";"394.38";"0";"4.26";"SID14738788";"COc1cc(/C=C/c2ccc3cccc(OC)c3n2)c(OC(C)=O)c([N+](=O)[O-])c1";"IC50";"'='";"10250.0";"nM";"4.99";"";"Active";"UO_0000065";"";"";"";"";"0";"CHEMBL1614336";"PUBCHEM_BIOASSAY: Dose Response screen for antagonists of Angiotensin II Receptor Type 1 to assess selectivity of uHTS small molecule antagonists hits of the APJ receptor. (Class of assay: confirmatory) [Related pubchem assays: 2569, 2521 ]";"F";"BAO_0000019";"assay format";"Homo sapiens";"None";"None";"None";"None";"";"";"";"CHEMBL227";"Type-1 angiotensin II receptor";"Homo sapiens";"SINGLE PROTEIN";"CHEMBL1201862";"7";"PubChem BioAssays";"";"";"None";"";"";"";"10.25"
"CHEMBL3192625";"";"None";"387.55";"0";"4.00";"SID17411674";"CCCCN(CCCC)C(=S)N/N=C/c1c(C)nn(-c2ccccc2)c1O";"IC50";"'='";"13296.0";"nM";"4.88";"";"Active";"UO_0000065";"";"";"";"";"0";"CHEMBL1614336";"PUBCHEM_BIOASSAY: Dose Response screen for antagonists of Angiotensin II Receptor Type 1 to assess selectivity of uHTS small molecule antagonists hits of the APJ receptor. (Class of assay: confirmatory) [Related pubchem assays: 2569, 2521 ]";"F";"BAO_0000019";"assay format";"Homo sapiens";"None";"None";"None";"None";"";"";"";"CHEMBL227";"Type-1 angiotensin II receptor";"Homo sapiens";"SINGLE PROTEIN";"CHEMBL1201862";"7";"PubChem BioAssays";"";"";"None";"";"";"";"13.296"
"CHEMBL1423567";"";"None";"300.27";"0";"2.56";"SID49643642";"COc1cc(/C=C/[N+](=O)[O-])ccc1OC(=O)c1cccnc1";"IC50";"'='";"5870.0";"nM";"5.23";"";"Active";"UO_0000065";"";"";"";"";"0";"CHEMBL1614336";"PUBCHEM_BIOASSAY: Dose Response screen for antagonists of Angiotensin II Receptor Type 1 to assess selectivity of uHTS small molecule antagonists hits of the APJ receptor. (Class of assay: confirmatory) [Related pubchem assays: 2569, 2521 ]";"F";"BAO_0000019";"assay format";"Homo sapiens";"None";"None";"None";"None";"";"";"";"CHEMBL227";"Type-1 angiotensin II receptor";"Homo sapiens";"SINGLE PROTEIN";"CHEMBL1201862";"7";"PubChem BioAssays";"";"";"None";"";"";"";"5.87"
"CHEMBL3735558";"";"None";"587.75";"2";"6.89";"18R";"CCSc1nc2c(C)cc(C(=O)NC[C@H](C)c3ccccc3)cc2n1Cc1ccc(-c2ccccc2-c2nnn[nH]2)cc1";"IC50";"'='";"503.3";"nM";"6.30";"";"";"UO_0000065";"10.72";"0.20";"-0.59";"6.21";"0";"CHEMBL3736606";"Displacement of [125I]Sar1Ile8-Ang2 from human AT1 receptor expressed in CHO-K1 cell membranes after 180 mins";"B";"BAO_0000219";"cell-based format";"Homo sapiens";"None";"None";"CHO-K1";"None";"";"";"";"CHEMBL227";"Type-1 angiotensin II receptor";"Homo sapiens";"SINGLE PROTEIN";"CHEMBL3734751";"1";"Scientific Literature";"Eur J Med Chem";"2015";"CHEMBL3307512";"";"";"";"503.3"
"CHEMBL3735487";"";"None";"571.69";"2";"5.66";"10S";"CCCc1nc2c(C)cc(C(=O)NC[C@@H](O)c3ccccc3)cc2n1Cc1ccc(-c2ccccc2-c2nnn[nH]2)cc1";"IC50";"'='";"106.5";"nM";"6.97";"";"";"UO_0000065";"12.20";"0.22";"1.31";"5.73";"0";"CHEMBL3736606";"Displacement of [125I]Sar1Ile8-Ang2 from human AT1 receptor expressed in CHO-K1 cell membranes after 180 mins";"B";"BAO_0000219";"cell-based format";"Homo sapiens";"None";"None";"CHO-K1";"None";"";"";"";"CHEMBL227";"Type-1 angiotensin II receptor";"Homo sapiens";"SINGLE PROTEIN";"CHEMBL3734751";"1";"Scientific Literature";"Eur J Med Chem";"2015";"CHEMBL3307512";"";"";"";"106.5"
"CHEMBL3736257";"";"None";"531.66";"2";"7.20";"1R";"CCCc1nc2c(C)cc(C(=O)N[C@H](C)c3ccccc3)cc2n1Cc1ccc(-c2ccccc2C(=O)O)cc1";"IC50";"'='";"90.5";"nM";"7.04";"";"";"UO_0000065";"13.25";"0.24";"-0.16";"8.36";"0";"CHEMBL3736606";"Displacement of [125I]Sar1Ile8-Ang2 from human AT1 receptor expressed in CHO-K1 cell membranes after 180 mins";"B";"BAO_0000219";"cell-based format";"Homo sapiens";"None";"None";"CHO-K1";"None";"";"";"";"CHEMBL227";"Type-1 angiotensin II receptor";"Homo sapiens";"SINGLE PROTEIN";"CHEMBL3734751";"1";"Scientific Literature";"Eur J Med Chem";"2015";"CHEMBL3307512";"";"";"";"90.5"
"CHEMBL3735300";"";"None";"663.80";"2";"7.68";"10";"CCCc1nc2c(C)cc(C(=O)Nc3ccccc3OC)cc2n1Cc1ccc(-c2ccccc2S(=O)(=O)Nc2onc(C)c2C)cc1";"IC50";"'='";"419.0";"nM";"6.38";"";"";"UO_0000065";"9.61";"0.18";"-1.30";"4.97";"0";"CHEMBL3739215";"Displacement of 125I-labeled Sar1-Ile8-angiotensin II from human AT1 receptor incubated for 2 hrs by gamma counting analysis";"B";"BAO_0000357";"single protein format";"Homo sapiens";"None";"None";"None";"None";"";"";"";"CHEMBL227";"Type-1 angiotensin II receptor";"Homo sapiens";"SINGLE PROTEIN";"CHEMBL3734700";"1";"Scientific Literature";"Medchemcomm";"2015";"None";"";"";"";"419.0"
"CHEMBL2058862";"";"None";"585.71";"2";"6.17";"6i";"CCCc1nc2c(C)cc(C(=O)NCCc3ccc(OC)cc3)cc2n1Cc1ccc(-c2ccccc2-c2nnn[nH]2)cc1";"IC50";"'='";"22.5";"nM";"7.65";"";"";"UO_0000065";"13.06";"0.24";"1.48";"6.91";"0";"CHEMBL2061970";"Displacement of [125I]Sar1Ile8-Ang2 from angiotensin AT1 receptor after 180 mins by gamma counting";"B";"BAO_0000357";"single protein format";"Homo sapiens";"None";"None";"None";"None";"";"";"";"CHEMBL227";"Type-1 angiotensin II receptor";"Homo sapiens";"SINGLE PROTEIN";"CHEMBL2057074";"1";"Scientific Literature";"Bioorg Med Chem";"2012";"None";"";"";"";"22.5"
"CHEMBL1017";"TELMISARTAN";"4.0";"514.63";"2";"7.26";"Telmisartan";"CCCc1nc2c(C)cc(-c3nc4ccccc4n3C)cc2n1Cc1ccc(-c2ccccc2C(=O)O)cc1";"IC50";"'='";"150.0";"nM";"6.82";"";"";"UO_0000065";"13.26";"0.24";"-0.44";"9.36";"0";"CHEMBL2061975";"Inhibition of angiotensin AT1 receptor";"B";"BAO_0000357";"single protein format";"Homo sapiens";"None";"None";"None";"None";"";"";"";"CHEMBL227";"Type-1 angiotensin II receptor";"Homo sapiens";"SINGLE PROTEIN";"CHEMBL2057074";"1";"Scientific Literature";"Bioorg Med Chem";"2012";"None";"";"";"";"150.0"
"CHEMBL7550";"L-158809";"None";"409.50";"0";"4.51";"191, L-158809";"CCc1nc2c(C)cc(C)nc2n1Cc1ccc(-c2ccccc2-c2nn[nH]n2)cc1";"IC50";"'='";"0.3";"nM";"9.52";"";"";"UO_0000065";"";"";"";"";"0";"CHEMBL2208699";"Antagonist activity at angiotensin 1 receptor";"F";"BAO_0000019";"assay format";"None";"None";"None";"None";"None";"";"";"";"CHEMBL227";"Type-1 angiotensin II receptor";"Homo sapiens";"SINGLE PROTEIN";"CHEMBL2203023";"1";"Scientific Literature";"J Med Chem";"2011";"None";"";"";"";"0.3"
"CHEMBL339672";"";"None";"724.64";"2";"7.01";"6b";"CCCCc1nn(-c2cc(NC(=O)CC)ccc2Cl)c(=O)n1Cc1ccc(-c2ccccc2S(=O)(=O)NC(=O)c2ccccc2Cl)cc1F";"IC50";"'='";"0.32";"nM";"9.49";"";"";"UO_0000065";"13.10";"0.26";"2.48";"7.18";"0";"CHEMBL650312";"In vitro inhibitory activity against angiotensin II receptor type 1, in human adrenal membrane preparations.";"B";"BAO_0000249";"cell membrane format";"None";"None";"None";"None";"None";"";"";"";"CHEMBL227";"Type-1 angiotensin II receptor";"Homo sapiens";"SINGLE PROTEIN";"CHEMBL1128554";"1";"Scientific Literature";"J Med Chem";"1995";"None";"";"";"";"0.32"
"CHEMBL191";"LOSARTAN";"4.0";"422.92";"0";"4.27";"Losartan DuP-753";"CCCCc1nc(Cl)c(CO)n1Cc1ccc(-c2ccccc2-c2nnn[nH]2)cc1";"IC50";"'='";"88.0";"nM";"7.06";"";"";"UO_0000065";"16.68";"0.32";"2.79";"7.63";"0";"CHEMBL650312";"In vitro inhibitory activity against angiotensin II receptor type 1, in human adrenal membrane preparations.";"B";"BAO_0000249";"cell membrane format";"None";"None";"None";"None";"None";"";"";"";"CHEMBL227";"Type-1 angiotensin II receptor";"Homo sapiens";"SINGLE PROTEIN";"CHEMBL1128554";"1";"Scientific Literature";"J Med Chem";"1995";"None";"";"";"";"88.0"
"CHEMBL70935";"";"None";"677.80";"2";"6.75";"47";"CCCc1nc(CC)c(C(=O)OCC(=O)c2ccccc2)n1Cc1ccc(-c2ccccc2S(=O)(=O)NC(=O)OCCC(C)C)cc1F";"IC50";"'='";"0.1";"nM";"10.00";"";"";"UO_0000065";"14.75";"0.28";"3.25";"7.48";"0";"CHEMBL648492";"Binding affinity for Angiotensin II receptor, type 1";"B";"BAO_0000357";"single protein format";"None";"None";"None";"None";"None";"";"";"";"CHEMBL227";"Type-1 angiotensin II receptor";"Homo sapiens";"SINGLE PROTEIN";"CHEMBL1150518";"1";"Scientific Literature";"Bioorg Med Chem Lett";"1994";"None";"";"";"";"0.1"
"CHEMBL122966";"";"None";"534.68";"2";"5.95";"83";"CCCCc1ncc(/C=C2/C(=O)N(CCCC)C(=O)N2Cc2cc(C)cs2)n1Cc1ccc(C(=O)O)cc1";"IC50";"'='";"1.5";"nM";"8.82";"";"";"UO_0000065";"16.50";"0.32";"2.87";"9.22";"0";"CHEMBL3056799";"Antagonist activity at angiotensin 2 type-1 receptor (unknown origin)";"B";"BAO_0000357";"single protein format";"Homo sapiens";"None";"None";"None";"None";"";"";"";"CHEMBL227";"Type-1 angiotensin II receptor";"Homo sapiens";"SINGLE PROTEIN";"CHEMBL3045634";"1";"Scientific Literature";"Med Chem Res";"2010";"None";"";"";"";"1.5"
"CHEMBL125958";"";"None";"478.57";"0";"4.22";"81";"CCCCc1ncc(/C=C2/C(=O)NC(=O)N2Cc2cccs2)n1Cc1ccc(C(=O)OC)cc1";"IC50";"'='";"7.1";"nM";"8.15";"";"";"UO_0000065";"17.03";"0.33";"3.93";"8.71";"0";"CHEMBL3056799";"Antagonist activity at angiotensin 2 type-1 receptor (unknown origin)";"B";"BAO_0000357";"single protein format";"Homo sapiens";"None";"None";"None";"None";"";"";"";"CHEMBL227";"Type-1 angiotensin II receptor";"Homo sapiens";"SINGLE PROTEIN";"CHEMBL3045634";"1";"Scientific Literature";"Med Chem Res";"2010";"None";"";"";"";"7.1"
"CHEMBL125937";"";"None";"424.50";"0";"3.67";"72";"CCCCc1ncc(/C=C2/C(=O)NC(=O)N2CCCC)n1Cc1ccc(C(=O)O)cc1";"IC50";"'='";"2.8";"nM";"8.55";"";"";"UO_0000065";"20.15";"0.38";"4.88";"8.18";"0";"CHEMBL3056799";"Antagonist activity at angiotensin 2 type-1 receptor (unknown origin)";"B";"BAO_0000357";"single protein format";"Homo sapiens";"None";"None";"None";"None";"";"";"";"CHEMBL227";"Type-1 angiotensin II receptor";"Homo sapiens";"SINGLE PROTEIN";"CHEMBL3045634";"1";"Scientific Literature";"Med Chem Res";"2010";"None";"";"";"";"2.8"
"CHEMBL2263543";"";"None";"567.74";"2";"5.34";"62";"CCCCc1ncc(/C=C2/C(=O)N(CSCC)C(=O)N2Cc2csc(C)n2)n1Cc1ccc(C(=O)OC)cc1";"IC50";"'='";"9.6";"nM";"8.02";"";"";"UO_0000065";"14.12";"0.28";"2.68";"8.21";"0";"CHEMBL3056799";"Antagonist activity at angiotensin 2 type-1 receptor (unknown origin)";"B";"BAO_0000357";"single protein format";"Homo sapiens";"None";"None";"None";"None";"";"";"";"CHEMBL227";"Type-1 angiotensin II receptor";"Homo sapiens";"SINGLE PROTEIN";"CHEMBL3045634";"1";"Scientific Literature";"Med Chem Res";"2010";"None";"";"";"";"9.6"
"CHEMBL340882";"";"None";"551.67";"1";"4.01";"60";"CCCCc1ncc(/C=C2/C(=O)N(CCCO)C(=O)N2Cc2csc(C)n2)n1Cc1ccc(C(=O)OC)cc1";"IC50";"'='";"47.9";"nM";"7.32";"";"";"UO_0000065";"13.27";"0.26";"3.31";"6.21";"0";"CHEMBL3056799";"Antagonist activity at angiotensin 2 type-1 receptor (unknown origin)";"B";"BAO_0000357";"single protein format";"Homo sapiens";"None";"None";"None";"None";"";"";"";"CHEMBL227";"Type-1 angiotensin II receptor";"Homo sapiens";"SINGLE PROTEIN";"CHEMBL3045634";"1";"Scientific Literature";"Med Chem Res";"2010";"None";"";"";"";"47.9"
"CHEMBL419421";"";"None";"592.72";"2";"5.51";"54";"CCCCc1ncc(/C=C2/C(=O)N(CCCC)C(=O)N2Cc2ccc(C(=O)OC)s2)n1Cc1ccc(C(=O)OC)cc1";"IC50";"'='";"4.2";"nM";"8.38";"";"";"UO_0000065";"14.13";"0.27";"2.87";"7.54";"0";"CHEMBL3056799";"Antagonist activity at angiotensin 2 type-1 receptor (unknown origin)";"B";"BAO_0000357";"single protein format";"Homo sapiens";"None";"None";"None";"None";"";"";"";"CHEMBL227";"Type-1 angiotensin II receptor";"Homo sapiens";"SINGLE PROTEIN";"CHEMBL3045634";"1";"Scientific Literature";"Med Chem Res";"2010";"None";"";"";"";"4.2"
"CHEMBL419058";"";"None";"518.62";"1";"4.39";"48";"CCCCc1ncc(/C=C2/C(=O)N(CCCC)C(=O)N2Cc2c[nH]cn2)n1Cc1ccc(C(=O)OC)cc1";"IC50";"'='";"54.5";"nM";"7.26";"";"";"UO_0000065";"14.01";"0.26";"2.87";"6.40";"0";"CHEMBL3056799";"Antagonist activity at angiotensin 2 type-1 receptor (unknown origin)";"B";"BAO_0000357";"single protein format";"Homo sapiens";"None";"None";"None";"None";"";"";"";"CHEMBL227";"Type-1 angiotensin II receptor";"Homo sapiens";"SINGLE PROTEIN";"CHEMBL3045634";"1";"Scientific Literature";"Med Chem Res";"2010";"None";"";"";"";"54.5"
"CHEMBL331546";"";"None";"535.67";"2";"5.12";"46";"CCCCc1ncc(/C=C2/C(=O)N(CCCC)C(=O)N2Cc2cscn2)n1Cc1ccc(C(=O)OC)cc1";"IC50";"'='";"8.0";"nM";"8.10";"";"";"UO_0000065";"15.12";"0.29";"2.98";"8.29";"0";"CHEMBL3056799";"Antagonist activity at angiotensin 2 type-1 receptor (unknown origin)";"B";"BAO_0000357";"single protein format";"Homo sapiens";"None";"None";"None";"None";"";"";"";"CHEMBL227";"Type-1 angiotensin II receptor";"Homo sapiens";"SINGLE PROTEIN";"CHEMBL3045634";"1";"Scientific Literature";"Med Chem Res";"2010";"None";"";"";"";"8.0"
"CHEMBL2263317";"";"None";"514.63";"2";"5.67";"28";"CCCCc1ncc(/C=C2/C(=O)N(CCCC)C(=O)N2c2ccccc2)n1Cc1ccc(C(=O)OC)cc1";"IC50";"'='";"6.1";"nM";"8.21";"";"";"UO_0000065";"15.96";"0.30";"2.54";"9.69";"0";"CHEMBL3056799";"Antagonist activity at angiotensin 2 type-1 receptor (unknown origin)";"B";"BAO_0000357";"single protein format";"Homo sapiens";"None";"None";"None";"None";"";"";"";"CHEMBL227";"Type-1 angiotensin II receptor";"Homo sapiens";"SINGLE PROTEIN";"CHEMBL3045634";"1";"Scientific Literature";"Med Chem Res";"2010";"None";"";"";"";"6.1"
"CHEMBL341456";"";"None";"522.69";"2";"6.05";"24";"CCCCCCN1C(=O)N(CCCC)C(=O)/C1=C/c1cnc(CCCC)n1Cc1ccc(C(=O)OC)cc1";"IC50";"'='";"40.2";"nM";"7.40";"";"";"UO_0000065";"14.15";"0.27";"1.35";"8.73";"0";"CHEMBL3056799";"Antagonist activity at angiotensin 2 type-1 receptor (unknown origin)";"B";"BAO_0000357";"single protein format";"Homo sapiens";"None";"None";"None";"None";"";"";"";"CHEMBL227";"Type-1 angiotensin II receptor";"Homo sapiens";"SINGLE PROTEIN";"CHEMBL3045634";"1";"Scientific Literature";"Med Chem Res";"2010";"None";"";"";"";"40.2"
"CHEMBL339480";"";"None";"553.66";"2";"5.54";"16";"CCCCc1ncc(/C=C2/C(=O)N(CCCC)C(=O)N2Cc2ccc(C#N)cc2)n1Cc1ccc(C(=O)OC)cc1";"IC50";"'='";"11.1";"nM";"7.96";"";"";"UO_0000065";"14.37";"0.26";"2.41";"7.33";"0";"CHEMBL3056799";"Antagonist activity at angiotensin 2 type-1 receptor (unknown origin)";"B";"BAO_0000357";"single protein format";"Homo sapiens";"None";"None";"None";"None";"";"";"";"CHEMBL227";"Type-1 angiotensin II receptor";"Homo sapiens";"SINGLE PROTEIN";"CHEMBL3045634";"1";"Scientific Literature";"Med Chem Res";"2010";"None";"";"";"";"11.1"
"CHEMBL121854";"";"None";"438.53";"0";"3.75";"1";"CCCCc1ncc(/C=C2/C(=O)NC(=O)N2CCCC)n1Cc1ccc(C(=O)OC)cc1";"IC50";"'='";"3.5";"nM";"8.46";"";"";"UO_0000065";"19.28";"0.36";"4.71";"9.04";"0";"CHEMBL3056799";"Antagonist activity at angiotensin 2 type-1 receptor (unknown origin)";"B";"BAO_0000357";"single protein format";"Homo sapiens";"None";"None";"None";"None";"";"";"";"CHEMBL227";"Type-1 angiotensin II receptor";"Homo sapiens";"SINGLE PROTEIN";"CHEMBL3045634";"1";"Scientific Literature";"Med Chem Res";"2010";"None";"";"";"";"3.5"
"CHEMBL2158347";"";"None";"385.36";"0";"2.85";"6 , ML221";"O=C(Oc1coc(CSc2ncccn2)cc1=O)c1ccc([N+](=O)[O-])cc1";"IC50";"'>'";"79000.0";"nM";"";"";"";"UO_0000065";"";"";"";"";"0";"CHEMBL2161529";"Inhibition of AT1 receptor";"B";"BAO_0000357";"single protein format";"None";"None";"None";"None";"None";"";"";"";"CHEMBL227";"Type-1 angiotensin II receptor";"Homo sapiens";"SINGLE PROTEIN";"CHEMBL2157975";"1";"Scientific Literature";"Bioorg Med Chem Lett";"2012";"None";"";"";"";"79.0"
"CHEMBL309081";"";"None";"701.83";"2";"8.63";"8";"CCCc1nc(CC)c(C(=O)OCc2ccc(C(=O)N(c3ccccc3)c3ccccc3)cc2)n1Cc1ccc(-c2ccccc2-c2nn[nH]n2)cc1";"IC50";"'='";"20.0";"nM";"7.70";"";"";"UO_0000065";"10.97";"0.20";"-0.93";"6.48";"0";"CHEMBL648492";"Binding affinity for Angiotensin II receptor, type 1";"B";"BAO_0000357";"single protein format";"None";"None";"None";"None";"None";"";"";"";"CHEMBL227";"Type-1 angiotensin II receptor";"Homo sapiens";"SINGLE PROTEIN";"CHEMBL1150518";"1";"Scientific Literature";"Bioorg Med Chem Lett";"1994";"None";"";"";"";"20.0"
"CHEMBL306435";"";"None";"699.81";"2";"6.89";"32";"CCCOC(=O)NS(=O)(=O)c1ccccc1-c1ccc(Cn2c(CCC)nc(CC)c2C(=O)OCc2ccccc2-c2cncnc2)c(F)c1";"IC50";"'='";"0.8";"nM";"9.10";"";"";"UO_0000065";"13.00";"0.25";"2.21";"6.39";"0";"CHEMBL648492";"Binding affinity for Angiotensin II receptor, type 1";"B";"BAO_0000357";"single protein format";"None";"None";"None";"None";"None";"";"";"";"CHEMBL227";"Type-1 angiotensin II receptor";"Homo sapiens";"SINGLE PROTEIN";"CHEMBL1150518";"1";"Scientific Literature";"Bioorg Med Chem Lett";"1994";"None";"";"";"";"0.8"
"CHEMBL125760";"";"None";"688.18";"2";"5.29";"40";"CCOCC(=O)Nc1ccc(Cl)c(-n2nc(CC)n(Cc3ccc(-c4ccccc4S(=O)(=O)NC(=O)OC(C)(C)C)cc3F)c2=O)c1";"IC50";"'='";"6.1";"nM";"8.21";"";"";"UO_0000065";"11.94";"0.24";"2.92";"5.45";"0";"CHEMBL650312";"In vitro inhibitory activity against angiotensin II receptor type 1, in human adrenal membrane preparations.";"B";"BAO_0000249";"cell membrane format";"None";"None";"None";"None";"None";"";"";"";"CHEMBL227";"Type-1 angiotensin II receptor";"Homo sapiens";"SINGLE PROTEIN";"CHEMBL1128554";"1";"Scientific Literature";"J Med Chem";"1995";"None";"";"";"";"6.1"
"CHEMBL308716";"";"None";"509.61";"1";"3.63";"L-692429";"CC(C)(N)CC(=O)N[C@@H]1CCc2ccccc2N(Cc2ccc(-c3ccccc3-c3nn[nH]n3)cc2)C1=O";"IC50";"'='";"3600.0";"nM";"5.44";"";"";"UO_0000065";"10.68";"0.20";"1.81";"4.19";"0";"CHEMBL650315";"Inhibition against human angiotensin II receptor, type 1 (AG2-R)";"B";"BAO_0000357";"single protein format";"None";"None";"None";"None";"None";"";"";"";"CHEMBL227";"Type-1 angiotensin II receptor";"Homo sapiens";"SINGLE PROTEIN";"CHEMBL1137085";"1";"Scientific Literature";"J Med Chem";"2004";"None";"";"";"";"3600.0"
"CHEMBL2158280";"";"None";"372.38";"0";"3.39";"38";"Cc1ccnc(SCc2cc(=O)c(OC(=O)c3ccc(F)cc3)co2)n1";"IC50";"'>'";"79000.0";"nM";"";"";"";"UO_0000065";"";"";"";"";"0";"CHEMBL2161529";"Inhibition of AT1 receptor";"B";"BAO_0000357";"single protein format";"None";"None";"None";"None";"None";"";"";"";"CHEMBL227";"Type-1 angiotensin II receptor";"Homo sapiens";"SINGLE PROTEIN";"CHEMBL2157975";"1";"Scientific Literature";"Bioorg Med Chem Lett";"2012";"None";"";"";"";"79.0"
"CHEMBL2158278";"";"None";"368.41";"0";"3.56";"36";"Cc1ccc(C(=O)Oc2coc(CSc3nccc(C)n3)cc2=O)cc1";"IC50";"'>'";"79000.0";"nM";"";"";"";"UO_0000065";"";"";"";"";"0";"CHEMBL2161529";"Inhibition of AT1 receptor";"B";"BAO_0000357";"single protein format";"None";"None";"None";"None";"None";"";"";"";"CHEMBL227";"Type-1 angiotensin II receptor";"Homo sapiens";"SINGLE PROTEIN";"CHEMBL2157975";"1";"Scientific Literature";"Bioorg Med Chem Lett";"2012";"None";"";"";"";"79.0"
"CHEMBL2158275";"";"None";"399.38";"0";"3.16";"33";"Cc1ccnc(SCc2cc(=O)c(OC(=O)c3ccc([N+](=O)[O-])cc3)co2)n1";"IC50";"'>'";"79000.0";"nM";"";"";"";"UO_0000065";"";"";"";"";"0";"CHEMBL2161529";"Inhibition of AT1 receptor";"B";"BAO_0000357";"single protein format";"None";"None";"None";"None";"None";"";"";"";"CHEMBL227";"Type-1 angiotensin II receptor";"Homo sapiens";"SINGLE PROTEIN";"CHEMBL2157975";"1";"Scientific Literature";"Bioorg Med Chem Lett";"2012";"None";"";"";"";"79.0"
"CHEMBL2158273";"";"None";"399.38";"0";"3.16";"31";"Cc1ccnc(SCc2cc(=O)c(OC(=O)c3cccc([N+](=O)[O-])c3)co2)n1";"IC50";"'>'";"79000.0";"nM";"";"";"";"UO_0000065";"";"";"";"";"0";"CHEMBL2161529";"Inhibition of AT1 receptor";"B";"BAO_0000357";"single protein format";"None";"None";"None";"None";"None";"";"";"";"CHEMBL227";"Type-1 angiotensin II receptor";"Homo sapiens";"SINGLE PROTEIN";"CHEMBL2157975";"1";"Scientific Literature";"Bioorg Med Chem Lett";"2012";"None";"";"";"";"79.0"
"CHEMBL281890";"";"None";"709.61";"2";"5.22";"20";"CCCCN(C(=O)c1ccc(OP(=O)([O-])[O-])cc1)c1ccc2ncn(Cc3ccc(-c4ccccc4-c4nnnn4C)cc3)c(=O)c2c1.[Na+].[Na+]";"IC50";"'='";"21.4";"nM";"7.67";"";"";"UO_0000065";"11.52";"0.22";"2.45";"4.63";"0";"CHEMBL652866";"Binding affinity against AT1 receptor in human adrenal tissue";"B";"BAO_0000221";"tissue-based format";"Homo sapiens";"CHEMBL3638272";"Adrenal tissue";"None";"None";"";"";"";"CHEMBL227";"Type-1 angiotensin II receptor";"Homo sapiens";"SINGLE PROTEIN";"CHEMBL1128754";"1";"Scientific Literature";"Bioorg Med Chem Lett";"1995";"None";"";"";"";"21.4"
"CHEMBL1474387";"";"None";"545.49";"1";"5.00";"EUB0000512aBr";"Cc1c(P(=S)(c2ccccc2)c2ccccc2)n2ccccc2[n+]1C/C=C/c1ccccc1.[Br-]";"IC50";"'='";"4186.31";"nM";"5.38";"";"";"UO_0000065";"";"";"";"";"0";"CHEMBL5442690";"GPCR PRESTO-Tango dose-response in antagonist mode with target: AGTR1";"F";"BAO_0000219";"cell-based format";"Homo sapiens";"None";"None";"HTLA";"None";"";"";"";"CHEMBL227";"Type-1 angiotensin II receptor";"Homo sapiens";"SINGLE PROTEIN";"CHEMBL5442687";"55";"EUbOPEN Chemogenomic Library";"";"2024";"CHEMBL5446261";"";"ANTAGONIST";"";"4.18631"
"CHEMBL1200517";"DIHYDROERGOTAMINE MESYLATE";"4.0";"679.80";"1";"2.08";"EUB0000895aMSA";"CN1C[C@H](C(=O)N[C@]2(C)O[C@@]3(O)[C@@H]4CCCN4C(=O)[C@H](Cc4ccccc4)N3C2=O)C[C@@H]2c3cccc4[nH]cc(c34)C[C@H]21.CS(=O)(=O)O";"IC50";"'>'";"10000.0";"nM";"";"";"";"UO_0000065";"";"";"";"";"0";"CHEMBL5442690";"GPCR PRESTO-Tango dose-response in antagonist mode with target: AGTR1";"F";"BAO_0000219";"cell-based format";"Homo sapiens";"None";"None";"HTLA";"None";"";"";"";"CHEMBL227";"Type-1 angiotensin II receptor";"Homo sapiens";"SINGLE PROTEIN";"CHEMBL5442687";"55";"EUbOPEN Chemogenomic Library";"";"2024";"CHEMBL5446261";"";"";"";"10.0"
"CHEMBL3735236";"";"None";"683.88";"2";"5.40";"2";"CCCc1nc2c(C)cc(C(=O)NCCN3CCN(C)CC3)cc2n1Cc1ccc(-c2ccccc2S(=O)(=O)Nc2onc(C)c2C)cc1";"IC50";"'='";"47.0";"nM";"7.33";"";"";"UO_0000065";"10.72";"0.20";"1.93";"5.83";"0";"CHEMBL3739215";"Displacement of 125I-labeled Sar1-Ile8-angiotensin II from human AT1 receptor incubated for 2 hrs by gamma counting analysis";"B";"BAO_0000357";"single protein format";"Homo sapiens";"None";"None";"None";"None";"";"";"";"CHEMBL227";"Type-1 angiotensin II receptor";"Homo sapiens";"SINGLE PROTEIN";"CHEMBL3734700";"1";"Scientific Literature";"Medchemcomm";"2015";"None";"";"";"";"47.0"
"CHEMBL340473";"";"None";"724.21";"2";"6.94";"9";"CCCCc1nn(-c2cc(NC(=O)c3ccco3)ccc2Cl)c(=O)n1Cc1ccc(-c2ccccc2S(=O)(=O)NC(=O)OC(C)(C)C)cc1F";"IC50";"'='";"1.5";"nM";"8.82";"";"";"UO_0000065";"12.18";"0.24";"1.88";"5.71";"0";"CHEMBL650312";"In vitro inhibitory activity against angiotensin II receptor type 1, in human adrenal membrane preparations.";"B";"BAO_0000249";"cell membrane format";"None";"None";"None";"None";"None";"";"";"";"CHEMBL227";"Type-1 angiotensin II receptor";"Homo sapiens";"SINGLE PROTEIN";"CHEMBL1128554";"1";"Scientific Literature";"J Med Chem";"1995";"None";"";"";"";"1.5"
"CHEMBL338434";"";"None";"747.81";"2";"7.59";"15";"CCCCC(=O)Nc1ccc(C(F)(F)F)c(-n2nc(CCCC)n(Cc3ccc(-c4ccccc4S(=O)(=O)NC(=O)OC(C)(C)C)cc3F)c2=O)c1";"IC50";"'='";"0.41";"nM";"9.39";"";"";"UO_0000065";"12.55";"0.25";"1.80";"6.64";"0";"CHEMBL650313";"In vitro inhibitory activity against Angiotensin II receptor, type 1 in human adrenal membrane preparations. For this assay, only 0.02%BSA was present in the assay mixture.";"B";"BAO_0000249";"cell membrane format";"None";"None";"None";"None";"None";"";"";"";"CHEMBL227";"Type-1 angiotensin II receptor";"Homo sapiens";"SINGLE PROTEIN";"CHEMBL1128554";"1";"Scientific Literature";"J Med Chem";"1995";"None";"";"";"";"0.41"
"CHEMBL1592181";"";"None";"386.36";"0";"1.58";"SID49826068";"Cc1ccc(C(=O)COC(=O)CN2C(=O)C3CC=CCC3C2=O)cc1[N+](=O)[O-]";"IC50";"'='";"33570.0";"nM";"4.47";"";"Not Active";"UO_0000065";"";"";"";"";"0";"CHEMBL1614336";"PUBCHEM_BIOASSAY: Dose Response screen for antagonists of Angiotensin II Receptor Type 1 to assess selectivity of uHTS small molecule antagonists hits of the APJ receptor. (Class of assay: confirmatory) [Related pubchem assays: 2569, 2521 ]";"F";"BAO_0000019";"assay format";"Homo sapiens";"None";"None";"None";"None";"";"";"";"CHEMBL227";"Type-1 angiotensin II receptor";"Homo sapiens";"SINGLE PROTEIN";"CHEMBL1201862";"7";"PubChem BioAssays";"";"";"None";"";"";"";"33.57"
"CHEMBL1330380";"";"None";"417.52";"0";"2.61";"SID843162";"Cc1ccc2c(c1)nnn2C1CCN(CC(=O)NCCc2nc3ccccc3[nH]2)CC1";"IC50";"'>'";"40000.0";"nM";"";"";"Not Active";"UO_0000065";"";"";"";"";"0";"CHEMBL1614336";"PUBCHEM_BIOASSAY: Dose Response screen for antagonists of Angiotensin II Receptor Type 1 to assess selectivity of uHTS small molecule antagonists hits of the APJ receptor. (Class of assay: confirmatory) [Related pubchem assays: 2569, 2521 ]";"F";"BAO_0000019";"assay format";"Homo sapiens";"None";"None";"None";"None";"";"";"";"CHEMBL227";"Type-1 angiotensin II receptor";"Homo sapiens";"SINGLE PROTEIN";"CHEMBL1201862";"7";"PubChem BioAssays";"";"";"None";"";"";"";"40.0"
"CHEMBL4114737";"";"None";"651.75";"3";"5.68";"BDBM99990";"CCc1cc2c(=O)n(C/C(=N\OC(C)C)c3ccc(OC)cc3)c(=O)n(Cc3ccc(-c4ccccc4-c4nc(=O)o[nH]4)cc3)c2s1";"IC50";"'='";"2.0";"nM";"8.70";"";"216987";"UO_0000065";"13.35";"0.25";"3.02";"6.51";"0";"CHEMBL3705302";"Binding Assay: Binding assay using human AT1.";"B";"BAO_0000357";"single protein format";"Homo sapiens";"None";"None";"None";"None";"";"";"";"CHEMBL227";"Type-1 angiotensin II receptor";"Homo sapiens";"SINGLE PROTEIN";"CHEMBL3639103";"37";"BindingDB Patent Bioactivity Data";"";"2013";"None";"";"";"";"2.0"
"CHEMBL1976317";"";"None";"390.30";"1";"5.65";"SID17510870";"CC(=O)/C(=N\Nc1ccc(Cl)cc1Cl)Sc1cccc2cccnc12";"IC50";"'='";"10586.0";"nM";"4.97";"";"Active";"UO_0000065";"";"";"";"";"0";"CHEMBL1614336";"PUBCHEM_BIOASSAY: Dose Response screen for antagonists of Angiotensin II Receptor Type 1 to assess selectivity of uHTS small molecule antagonists hits of the APJ receptor. (Class of assay: confirmatory) [Related pubchem assays: 2569, 2521 ]";"F";"BAO_0000019";"assay format";"Homo sapiens";"None";"None";"None";"None";"";"";"";"CHEMBL227";"Type-1 angiotensin II receptor";"Homo sapiens";"SINGLE PROTEIN";"CHEMBL1201862";"7";"PubChem BioAssays";"";"";"None";"";"";"";"10.586"
"CHEMBL1567294";"";"None";"301.35";"0";"3.26";"SID85268712";"O=C(NN=C(c1ccccc1)c1ccccn1)c1ccccc1";"IC50";"'='";"12796.0";"nM";"4.89";"";"Active";"UO_0000065";"";"";"";"";"0";"CHEMBL1614336";"PUBCHEM_BIOASSAY: Dose Response screen for antagonists of Angiotensin II Receptor Type 1 to assess selectivity of uHTS small molecule antagonists hits of the APJ receptor. (Class of assay: confirmatory) [Related pubchem assays: 2569, 2521 ]";"F";"BAO_0000019";"assay format";"Homo sapiens";"None";"None";"None";"None";"";"";"";"CHEMBL227";"Type-1 angiotensin II receptor";"Homo sapiens";"SINGLE PROTEIN";"CHEMBL1201862";"7";"PubChem BioAssays";"";"";"None";"";"";"";"12.796"
"CHEMBL1567384";"";"None";"295.34";"0";"2.99";"SID14726422";"Cc1cccc2c1N(CCCOc1ccccc1)C(=O)C2=O";"IC50";"'>'";"40000.0";"nM";"";"";"Not Active";"UO_0000065";"";"";"";"";"0";"CHEMBL1614336";"PUBCHEM_BIOASSAY: Dose Response screen for antagonists of Angiotensin II Receptor Type 1 to assess selectivity of uHTS small molecule antagonists hits of the APJ receptor. (Class of assay: confirmatory) [Related pubchem assays: 2569, 2521 ]";"F";"BAO_0000019";"assay format";"Homo sapiens";"None";"None";"None";"None";"";"";"";"CHEMBL227";"Type-1 angiotensin II receptor";"Homo sapiens";"SINGLE PROTEIN";"CHEMBL1201862";"7";"PubChem BioAssays";"";"";"None";"";"";"";"40.0"
"CHEMBL1556712";"";"None";"290.39";"0";"2.90";"SID26726434";"Cc1nnsc1C(=O)NNc1ccc(C(C)(C)C)cc1";"IC50";"'='";"2560.0";"nM";"5.59";"";"Active";"UO_0000065";"";"";"";"";"0";"CHEMBL1614336";"PUBCHEM_BIOASSAY: Dose Response screen for antagonists of Angiotensin II Receptor Type 1 to assess selectivity of uHTS small molecule antagonists hits of the APJ receptor. (Class of assay: confirmatory) [Related pubchem assays: 2569, 2521 ]";"F";"BAO_0000019";"assay format";"Homo sapiens";"None";"None";"None";"None";"";"";"";"CHEMBL227";"Type-1 angiotensin II receptor";"Homo sapiens";"SINGLE PROTEIN";"CHEMBL1201862";"7";"PubChem BioAssays";"";"";"None";"";"";"";"2.56"
"CHEMBL1411597";"";"None";"456.31";"0";"3.26";"SID57266878";"O=C(COC(=O)c1ccc(Br)o1)c1ccc(S(=O)(=O)N2CCCCC2)cc1";"IC50";"'='";"23185.0";"nM";"4.63";"";"Not Active";"UO_0000065";"";"";"";"";"0";"CHEMBL1614336";"PUBCHEM_BIOASSAY: Dose Response screen for antagonists of Angiotensin II Receptor Type 1 to assess selectivity of uHTS small molecule antagonists hits of the APJ receptor. (Class of assay: confirmatory) [Related pubchem assays: 2569, 2521 ]";"F";"BAO_0000019";"assay format";"Homo sapiens";"None";"None";"None";"None";"";"";"";"CHEMBL227";"Type-1 angiotensin II receptor";"Homo sapiens";"SINGLE PROTEIN";"CHEMBL1201862";"7";"PubChem BioAssays";"";"";"None";"";"";"";"23.185"
"CHEMBL3196324";"";"None";"295.39";"0";"3.53";"SID47195243";"C/C(=N/NC(=O)c1ccc(C(C)(C)C)cc1)c1ccccn1";"IC50";"'='";"3484.0";"nM";"5.46";"";"Active";"UO_0000065";"";"";"";"";"0";"CHEMBL1614336";"PUBCHEM_BIOASSAY: Dose Response screen for antagonists of Angiotensin II Receptor Type 1 to assess selectivity of uHTS small molecule antagonists hits of the APJ receptor. (Class of assay: confirmatory) [Related pubchem assays: 2569, 2521 ]";"F";"BAO_0000019";"assay format";"Homo sapiens";"None";"None";"None";"None";"";"";"";"CHEMBL227";"Type-1 angiotensin II receptor";"Homo sapiens";"SINGLE PROTEIN";"CHEMBL1201862";"7";"PubChem BioAssays";"";"";"None";"";"";"";"3.484"
"CHEMBL1342423";"";"None";"332.34";"0";"4.13";"SID49680840";"O=C(Nc1nc(-c2ccccn2)cs1)Nc1ccc(F)cc1F";"IC50";"'='";"18798.0";"nM";"4.73";"";"Active";"UO_0000065";"";"";"";"";"0";"CHEMBL1614336";"PUBCHEM_BIOASSAY: Dose Response screen for antagonists of Angiotensin II Receptor Type 1 to assess selectivity of uHTS small molecule antagonists hits of the APJ receptor. (Class of assay: confirmatory) [Related pubchem assays: 2569, 2521 ]";"F";"BAO_0000019";"assay format";"Homo sapiens";"None";"None";"None";"None";"";"";"";"CHEMBL227";"Type-1 angiotensin II receptor";"Homo sapiens";"SINGLE PROTEIN";"CHEMBL1201862";"7";"PubChem BioAssays";"";"";"None";"";"";"";"18.798"
"CHEMBL2322438";"";"None";"508.59";"1";"3.23";"12c";"CCc1nc2ccn(CC(=O)N(C)C)c(=O)c2n1[C@H]1CCc2cc(-c3ccccc3-c3nnn[nH]3)ccc21";"IC50";"'='";"24.4";"nM";"7.61";"";"";"UO_0000065";"14.97";"0.27";"4.38";"6.64";"0";"CHEMBL2327554";"Displacement of [125I]Tyr4-Sar1,Ile8-Angiotensin II from human Angiotensin 1 receptor after";"B";"BAO_0000357";"single protein format";"Homo sapiens";"None";"None";"None";"None";"";"";"";"CHEMBL227";"Type-1 angiotensin II receptor";"Homo sapiens";"SINGLE PROTEIN";"CHEMBL2321681";"1";"Scientific Literature";"Bioorg Med Chem Lett";"2013";"None";"";"";"";"24.4"
"CHEMBL309165";"";"None";"564.65";"1";"3.54";"12i";"CCCc1nc(CN2CCN(c3ncccn3)CC2)c(C(=O)O)n1Cc1ccc(-c2ccccc2-c2nn[nH]n2)cc1";"IC50";"'='";"2.0";"nM";"8.70";"";"";"UO_0000065";"15.41";"0.28";"5.16";"6.13";"0";"CHEMBL647574";"In vitro binding affinity of compound against Angiotensin II receptor, type 1";"B";"BAO_0000357";"single protein format";"None";"None";"None";"None";"None";"";"";"";"CHEMBL227";"Type-1 angiotensin II receptor";"Homo sapiens";"SINGLE PROTEIN";"CHEMBL1127975";"1";"Scientific Literature";"Bioorg Med Chem Lett";"1994";"None";"";"";"";"2.0"
"CHEMBL70370";"";"None";"707.87";"2";"7.48";"37";"CCCc1nc(CC)c(C(=O)OCCCOCc2ccccc2)n1Cc1ccc(-c2ccccc2S(=O)(=O)NC(=O)OCCC(C)C)cc1F";"IC50";"'='";"0.1";"nM";"10.00";"";"";"UO_0000065";"14.13";"0.27";"2.52";"7.95";"0";"CHEMBL648492";"Binding affinity for Angiotensin II receptor, type 1";"B";"BAO_0000357";"single protein format";"None";"None";"None";"None";"None";"";"";"";"CHEMBL227";"Type-1 angiotensin II receptor";"Homo sapiens";"SINGLE PROTEIN";"CHEMBL1150518";"1";"Scientific Literature";"Bioorg Med Chem Lett";"1994";"None";"";"";"";"0.1"
"CHEMBL1547736";"";"None";"301.78";"0";"4.11";"SID14743166";"CC(C)Cc1nc2oc3c(Cl)ncnc3c2c2c1CCC2";"IC50";"'>'";"40000.0";"nM";"";"";"Not Active";"UO_0000065";"";"";"";"";"0";"CHEMBL1614336";"PUBCHEM_BIOASSAY: Dose Response screen for antagonists of Angiotensin II Receptor Type 1 to assess selectivity of uHTS small molecule antagonists hits of the APJ receptor. (Class of assay: confirmatory) [Related pubchem assays: 2569, 2521 ]";"F";"BAO_0000019";"assay format";"Homo sapiens";"None";"None";"None";"None";"";"";"";"CHEMBL227";"Type-1 angiotensin II receptor";"Homo sapiens";"SINGLE PROTEIN";"CHEMBL1201862";"7";"PubChem BioAssays";"";"";"None";"";"";"";"40.0"
"CHEMBL1430172";"";"None";"425.35";"0";"0.73";"SID24804121";"O=C(CN1C(=O)c2ccccc2C1=O)NCC(=O)OCC(=O)c1cccc([N+](=O)[O-])c1";"IC50";"'='";"17436.0";"nM";"4.76";"";"Active";"UO_0000065";"";"";"";"";"0";"CHEMBL1614336";"PUBCHEM_BIOASSAY: Dose Response screen for antagonists of Angiotensin II Receptor Type 1 to assess selectivity of uHTS small molecule antagonists hits of the APJ receptor. (Class of assay: confirmatory) [Related pubchem assays: 2569, 2521 ]";"F";"BAO_0000019";"assay format";"Homo sapiens";"None";"None";"None";"None";"";"";"";"CHEMBL227";"Type-1 angiotensin II receptor";"Homo sapiens";"SINGLE PROTEIN";"CHEMBL1201862";"7";"PubChem BioAssays";"";"";"None";"";"";"";"17.436"
"CHEMBL1469682";"";"None";"356.33";"0";"1.68";"SID17431834";"O=C(Cc1ccccc1)NCC(=O)OCC(=O)c1cccc([N+](=O)[O-])c1";"IC50";"'='";"23207.0";"nM";"4.63";"";"Not Active";"UO_0000065";"";"";"";"";"0";"CHEMBL1614336";"PUBCHEM_BIOASSAY: Dose Response screen for antagonists of Angiotensin II Receptor Type 1 to assess selectivity of uHTS small molecule antagonists hits of the APJ receptor. (Class of assay: confirmatory) [Related pubchem assays: 2569, 2521 ]";"F";"BAO_0000019";"assay format";"Homo sapiens";"None";"None";"None";"None";"";"";"";"CHEMBL227";"Type-1 angiotensin II receptor";"Homo sapiens";"SINGLE PROTEIN";"CHEMBL1201862";"7";"PubChem BioAssays";"";"";"None";"";"";"";"23.207"
"CHEMBL72409";"";"None";"549.68";"1";"3.94";"14";"CCCc1nc(CN2CCN(c3ccccn3)CC2)c(CO)n1Cc1ccc(-c2ccccc2-c2nn[nH]n2)cc1";"IC50";"'='";"10.0";"nM";"8.00";"";"";"UO_0000065";"14.55";"0.27";"4.06";"7.15";"0";"CHEMBL647574";"In vitro binding affinity of compound against Angiotensin II receptor, type 1";"B";"BAO_0000357";"single protein format";"None";"None";"None";"None";"None";"";"";"";"CHEMBL227";"Type-1 angiotensin II receptor";"Homo sapiens";"SINGLE PROTEIN";"CHEMBL1127975";"1";"Scientific Literature";"Bioorg Med Chem Lett";"1994";"None";"";"";"";"10.0"
"CHEMBL306961";"";"None";"592.70";"1";"4.76";"12c";"CCCc1nc(CN2CCN(c3ccccc3OC)CC2)c(C(=O)O)n1Cc1ccc(-c2ccccc2-c2nn[nH]n2)cc1";"IC50";"'='";"2.0";"nM";"8.70";"";"";"UO_0000065";"14.68";"0.27";"3.94";"6.94";"0";"CHEMBL647574";"In vitro binding affinity of compound against Angiotensin II receptor, type 1";"B";"BAO_0000357";"single protein format";"None";"None";"None";"None";"None";"";"";"";"CHEMBL227";"Type-1 angiotensin II receptor";"Homo sapiens";"SINGLE PROTEIN";"CHEMBL1127975";"1";"Scientific Literature";"Bioorg Med Chem Lett";"1994";"None";"";"";"";"2.0"
"CHEMBL72721";"";"None";"577.69";"1";"4.54";"12k";"CCCCc1nc(CN2CCN(c3ccccn3)CC2)c(C(=O)O)n1Cc1ccc(-c2ccccc2-c2nn[nH]n2)cc1";"IC50";"'='";"2.0";"nM";"8.70";"";"";"UO_0000065";"15.06";"0.28";"4.16";"6.75";"0";"CHEMBL647574";"In vitro binding affinity of compound against Angiotensin II receptor, type 1";"B";"BAO_0000357";"single protein format";"None";"None";"None";"None";"None";"";"";"";"CHEMBL227";"Type-1 angiotensin II receptor";"Homo sapiens";"SINGLE PROTEIN";"CHEMBL1127975";"1";"Scientific Literature";"Bioorg Med Chem Lett";"1994";"None";"";"";"";"2.0"
"CHEMBL115021";"";"None";"416.49";"0";"3.99";"DMP-811";"CCCc1nc(CC)c(C(=O)O)n1Cc1ccc(-c2ccccc2-c2nn[nH]n2)cc1";"IC50";"'='";"6.0";"nM";"8.22";"";"";"UO_0000065";"19.74";"0.36";"4.23";"7.50";"0";"CHEMBL648492";"Binding affinity for Angiotensin II receptor, type 1";"B";"BAO_0000357";"single protein format";"None";"None";"None";"None";"None";"";"";"";"CHEMBL227";"Type-1 angiotensin II receptor";"Homo sapiens";"SINGLE PROTEIN";"CHEMBL1150518";"1";"Scientific Literature";"Bioorg Med Chem Lett";"1994";"None";"";"";"";"6.0"
"CHEMBL1069";"VALSARTAN";"4.0";"435.53";"0";"4.16";"valsartan";"CCCCC(=O)N(Cc1ccc(-c2ccccc2-c2nnn[nH]2)cc1)[C@H](C(=O)O)C(C)C";"IC50";"'='";"2.7";"nM";"8.57";"";"";"UO_0000065";"19.67";"0.37";"4.41";"7.65";"0";"CHEMBL648566";"Tested for inhibition of Angiotensin II receptor, type 1 in the absence of bovine serum albumin (BSA)";"B";"BAO_0000357";"single protein format";"None";"None";"None";"None";"None";"";"";"";"CHEMBL227";"Type-1 angiotensin II receptor";"Homo sapiens";"SINGLE PROTEIN";"CHEMBL1127873";"1";"Scientific Literature";"Bioorg Med Chem Lett";"1994";"None";"";"";"";"0.0027"
"CHEMBL2435820";"";"None";"545.68";"2";"7.07";"6h";"CCCc1nc2c(C)cc(C(=O)NCCCc3ccccc3)cc2n1Cc1ccc(-c2ccccc2C(=O)O)cc1";"IC50";"'='";"115.0";"nM";"6.94";"";"";"UO_0000065";"12.72";"0.23";"-0.13";"8.24";"0";"CHEMBL2439561";"Displacement of [125I]-Sar1Ile8-angiotensin 2 from angiotensin 2 AT1 receptor (unknown origin) after 180 mins by gamma counting analysis";"B";"BAO_0000357";"single protein format";"Homo sapiens";"None";"None";"None";"None";"";"";"";"CHEMBL227";"Type-1 angiotensin II receptor";"Homo sapiens";"SINGLE PROTEIN";"CHEMBL2434924";"1";"Scientific Literature";"Eur J Med Chem";"2013";"None";"";"";"";"115.0"
"CHEMBL1947131";"";"None";"547.66";"2";"6.65";"6d";"CCCc1nc2c(C)cc(C(=O)NCc3ccc(OC)cc3)cc2n1Cc1ccc(-c2ccccc2C(=O)O)cc1";"IC50";"'='";"4.3";"nM";"8.37";"";"";"UO_0000065";"15.28";"0.28";"1.72";"8.95";"0";"CHEMBL1949356";"Displacement of [125I]Sar1 Ile8-Ang 2 from angiotensin 2 AT1 receptor after 180 mins by gamma counting";"B";"BAO_0000357";"single protein format";"None";"None";"None";"None";"None";"";"";"";"CHEMBL227";"Type-1 angiotensin II receptor";"Homo sapiens";"SINGLE PROTEIN";"CHEMBL1944634";"1";"Scientific Literature";"Eur J Med Chem";"2012";"None";"";"";"";"4.3"
"CHEMBL1945007";"";"None";"561.68";"2";"6.69";"6f";"CCCc1nc2c(C)cc(C(=O)NCCc3cccc(OC)c3)cc2n1Cc1ccc(-c2ccccc2C(=O)O)cc1";"IC50";"'='";"30.8";"nM";"7.51";"";"";"UO_0000065";"13.37";"0.24";"0.82";"8.04";"0";"CHEMBL1949356";"Displacement of [125I]Sar1 Ile8-Ang 2 from angiotensin 2 AT1 receptor after 180 mins by gamma counting";"B";"BAO_0000357";"single protein format";"None";"None";"None";"None";"None";"";"";"";"CHEMBL227";"Type-1 angiotensin II receptor";"Homo sapiens";"SINGLE PROTEIN";"CHEMBL1944634";"1";"Scientific Literature";"Eur J Med Chem";"2012";"None";"";"";"";"30.8"
"CHEMBL12909";"";"None";"415.55";"0";"4.86";"50, SC-51757";"CCCCc1nc(Cc2ccc(-c3ccccc3-c3nn[nH]n3)cc2)n(CCCC)n1";"IC50";"'='";"16.0";"nM";"7.80";"";"";"UO_0000065";"18.76";"0.34";"2.94";"9.15";"0";"CHEMBL1670336";"Binding affinity to angiotensin AT1 receptor";"B";"BAO_0000357";"single protein format";"None";"None";"None";"None";"None";"";"";"";"CHEMBL227";"Type-1 angiotensin II receptor";"Homo sapiens";"SINGLE PROTEIN";"CHEMBL1667742";"1";"Scientific Literature";"Bioorg Med Chem";"2010";"None";"";"";"";"16.0"
"CHEMBL24224";"";"None";"502.58";"1";"4.67";"116";"CC1CC(=O)NN=C1c1ccc2nc(C3CC3)n(Cc3ccc(-c4ccccc4-c4nn[nH]n4)cc3)c2c1";"IC50";"'='";"1.8";"nM";"8.74";"";"";"UO_0000065";"";"";"";"";"0";"CHEMBL1669998";"Antagonist activity at angiotensin AT1 receptor";"F";"BAO_0000019";"assay format";"None";"None";"None";"None";"None";"";"";"";"CHEMBL227";"Type-1 angiotensin II receptor";"Homo sapiens";"SINGLE PROTEIN";"CHEMBL1667742";"1";"Scientific Literature";"Bioorg Med Chem";"2010";"None";"";"";"";"1.8"
"CHEMBL85595";"";"None";"415.55";"0";"4.86";"48, SC-50560";"CCCCc1nc(CCCC)n(Cc2ccc(-c3ccccc3-c3nn[nH]n3)cc2)n1";"IC50";"'='";"5.6";"nM";"8.25";"";"";"UO_0000065";"19.86";"0.36";"3.39";"9.69";"0";"CHEMBL1670336";"Binding affinity to angiotensin AT1 receptor";"B";"BAO_0000357";"single protein format";"None";"None";"None";"None";"None";"";"";"";"CHEMBL227";"Type-1 angiotensin II receptor";"Homo sapiens";"SINGLE PROTEIN";"CHEMBL1667742";"1";"Scientific Literature";"Bioorg Med Chem";"2010";"None";"";"";"";"5.6"
"CHEMBL114653";"";"None";"407.47";"0";"3.53";"4d";"CCCCC(=O)N(Cc1ccc(-c2ccccc2-c2nn[nH]n2)cc1)[C@H](C)C(=O)O";"IC50";"'='";"200.0";"nM";"6.70";"";"";"UO_0000065";"16.44";"0.30";"3.17";"5.98";"0";"CHEMBL648566";"Tested for inhibition of Angiotensin II receptor, type 1 in the absence of bovine serum albumin (BSA)";"B";"BAO_0000357";"single protein format";"None";"None";"None";"None";"None";"";"";"";"CHEMBL227";"Type-1 angiotensin II receptor";"Homo sapiens";"SINGLE PROTEIN";"CHEMBL1127873";"1";"Scientific Literature";"Bioorg Med Chem Lett";"1994";"None";"";"";"";"0.2"
"CHEMBL1495849";"";"None";"266.35";"0";"2.30";"SID3711096";"CCSc1nnc(NC(=O)c2ccccn2)s1";"IC50";"'='";"16812.0";"nM";"4.77";"";"Active";"UO_0000065";"";"";"";"";"0";"CHEMBL1614336";"PUBCHEM_BIOASSAY: Dose Response screen for antagonists of Angiotensin II Receptor Type 1 to assess selectivity of uHTS small molecule antagonists hits of the APJ receptor. (Class of assay: confirmatory) [Related pubchem assays: 2569, 2521 ]";"F";"BAO_0000019";"assay format";"Homo sapiens";"None";"None";"None";"None";"";"";"";"CHEMBL227";"Type-1 angiotensin II receptor";"Homo sapiens";"SINGLE PROTEIN";"CHEMBL1201862";"7";"PubChem BioAssays";"";"";"None";"";"";"";"16.812"
"CHEMBL302485";"";"None";"610.72";"2";"6.88";"13";"CCCc1nc(CC)c(C(=O)OCc2ccc(C(=O)c3ccccc3)cc2)n1Cc1ccc(-c2ccccc2-c2nn[nH]n2)cc1";"IC50";"'='";"9.0";"nM";"8.05";"";"";"UO_0000065";"13.17";"0.24";"1.17";"6.96";"0";"CHEMBL648492";"Binding affinity for Angiotensin II receptor, type 1";"B";"BAO_0000357";"single protein format";"None";"None";"None";"None";"None";"";"";"";"CHEMBL227";"Type-1 angiotensin II receptor";"Homo sapiens";"SINGLE PROTEIN";"CHEMBL1150518";"1";"Scientific Literature";"Bioorg Med Chem Lett";"1994";"None";"";"";"";"9.0"
"CHEMBL74573";"";"None";"753.89";"2";"8.30";"22";"CCCc1nc(CC)c(C(=O)OCc2ccccc2C(=O)c2ccccc2)n1Cc1ccc(-c2ccccc2S(=O)(=O)NC(=O)OCCC(C)C)cc1F";"IC50";"'='";"0.5";"nM";"9.30";"";"";"UO_0000065";"12.34";"0.24";"1.00";"6.96";"0";"CHEMBL648492";"Binding affinity for Angiotensin II receptor, type 1";"B";"BAO_0000357";"single protein format";"None";"None";"None";"None";"None";"";"";"";"CHEMBL227";"Type-1 angiotensin II receptor";"Homo sapiens";"SINGLE PROTEIN";"CHEMBL1150518";"1";"Scientific Literature";"Bioorg Med Chem Lett";"1994";"None";"";"";"";"0.5"
"CHEMBL70867";"";"None";"768.91";"2";"8.32";"56";"CCCc1nc(CC)c(C(=O)OCc2ccccc2C(=O)Nc2ccccc2)n1Cc1ccc(-c2ccccc2S(=O)(=O)NC(=O)OCCC(C)C)cc1F";"IC50";"'='";"0.3";"nM";"9.52";"";"";"UO_0000065";"12.38";"0.24";"1.20";"6.54";"0";"CHEMBL648492";"Binding affinity for Angiotensin II receptor, type 1";"B";"BAO_0000357";"single protein format";"None";"None";"None";"None";"None";"";"";"";"CHEMBL227";"Type-1 angiotensin II receptor";"Homo sapiens";"SINGLE PROTEIN";"CHEMBL1150518";"1";"Scientific Literature";"Bioorg Med Chem Lett";"1994";"None";"";"";"";"0.3"
"CHEMBL2322451";"";"None";"514.59";"1";"4.59";"12p";"CCc1nc2ccn(Cc3ccccn3)c(=O)c2n1[C@H]1CCc2cc(-c3ccccc3-c3nnn[nH]3)ccc21";"IC50";"'='";"63.8";"nM";"7.20";"";"";"UO_0000065";"13.98";"0.25";"2.61";"6.71";"0";"CHEMBL2327554";"Displacement of [125I]Tyr4-Sar1,Ile8-Angiotensin II from human Angiotensin 1 receptor after";"B";"BAO_0000357";"single protein format";"Homo sapiens";"None";"None";"None";"None";"";"";"";"CHEMBL227";"Type-1 angiotensin II receptor";"Homo sapiens";"SINGLE PROTEIN";"CHEMBL2321681";"1";"Scientific Literature";"Bioorg Med Chem Lett";"2013";"None";"";"";"";"63.8"
"CHEMBL1766103";"";"None";"432.95";"1";"6.27";"EUB0000487a";"Cc1cc(C)cc(-c2cnc3cc(Cl)c(-c4cccc(O)c4)cc3c2OCCCN)c1";"IC50";"'='";"3604.72";"nM";"5.44";"";"";"UO_0000065";"";"";"";"";"0";"CHEMBL5442690";"GPCR PRESTO-Tango dose-response in antagonist mode with target: AGTR1";"F";"BAO_0000219";"cell-based format";"Homo sapiens";"None";"None";"HTLA";"None";"";"";"";"CHEMBL227";"Type-1 angiotensin II receptor";"Homo sapiens";"SINGLE PROTEIN";"CHEMBL5442687";"55";"EUbOPEN Chemogenomic Library";"";"2024";"CHEMBL5446261";"";"ANTAGONIST";"";"3.60472"
"CHEMBL3786145";"";"None";"1616.43";"None";"None";"19";"CC[C@H](C)[C@H](NC(=O)[C@H](Cc1ccc(O)cc1)NC(=O)[C@@H](NC(=O)[C@H](CCCN/C(N)=N/C(=O)NCCCCN)NC(=O)[C@@H](N)CC(=O)O)C(C)C)C(=O)N[C@@H](Cc1cnc[nH]1)C(=O)N1CCC[C@H]1C(=O)N[C@@H](Cc1ccccc1)C(=O)O.O=C(O)C(F)(F)F.O=C(O)C(F)(F)F.O=C(O)C(F)(F)F.O=C(O)C(F)(F)F";"IC50";"'='";"6.166";"nM";"8.21";"";"";"UO_0000065";"7.08";"None";"None";"None";"0";"CHEMBL3789066";"Displacement of [3H]-Asp-{Nomega-[N-(4-propanoylaminobutyl)aminocarbonyl]}Arg-ValTyr-Ile-His-Pro-Phe-OH Tris(hydrotrifluoroacetate) from human AT1 receptor transfected in CHO cells co-expressing Galpha16-mtAEQ after 2 hrs by liquid scintillation counting";"B";"BAO_0000219";"cell-based format";"Homo sapiens";"None";"None";"CHO";"None";"";"";"";"CHEMBL227";"Type-1 angiotensin II receptor";"Homo sapiens";"SINGLE PROTEIN";"CHEMBL3784921";"1";"Scientific Literature";"J Med Chem";"2016";"CHEMBL3308072";"";"";"";"8.21"
"CHEMBL74113";"";"None";"625.73";"2";"6.20";"10f";"CCCc1nc(CN(Cc2ccccc2)C(=O)Cc2ccccc2)c(C(=O)O)n1Cc1ccc(-c2ccccc2-c2nn[nH]n2)cc1";"IC50";"'='";"20.0";"nM";"7.70";"";"";"UO_0000065";"12.30";"0.22";"1.50";"5.93";"0";"CHEMBL647574";"In vitro binding affinity of compound against Angiotensin II receptor, type 1";"B";"BAO_0000357";"single protein format";"None";"None";"None";"None";"None";"";"";"";"CHEMBL227";"Type-1 angiotensin II receptor";"Homo sapiens";"SINGLE PROTEIN";"CHEMBL1127975";"1";"Scientific Literature";"Bioorg Med Chem Lett";"1994";"None";"";"";"";"20.0"
"CHEMBL309365";"";"None";"652.80";"2";"6.36";"12o";"CCCc1nc(CN2CCN(c3ccccc3)C[C@H]2Cc2ccccc2)c(C(=O)O)n1Cc1ccc(-c2ccccc2-c2nn[nH]n2)cc1";"IC50";"'='";"10.0";"nM";"8.00";"";"";"UO_0000065";"12.25";"0.22";"1.64";"6.89";"0";"CHEMBL647574";"In vitro binding affinity of compound against Angiotensin II receptor, type 1";"B";"BAO_0000357";"single protein format";"None";"None";"None";"None";"None";"";"";"";"CHEMBL227";"Type-1 angiotensin II receptor";"Homo sapiens";"SINGLE PROTEIN";"CHEMBL1127975";"1";"Scientific Literature";"Bioorg Med Chem Lett";"1994";"None";"";"";"";"10.0"
"CHEMBL1017";"TELMISARTAN";"4.0";"514.63";"2";"7.26";"Telmisartan";"CCCc1nc2c(C)cc(-c3nc4ccccc4n3C)cc2n1Cc1ccc(-c2ccccc2C(=O)O)cc1";"IC50";"'='";"2.0";"nM";"8.70";"";"";"UO_0000065";"16.90";"0.30";"1.44";"11.93";"0";"CHEMBL3117635";"Antagonist activity at human AT1 receptor expressed in CHO cells measured after overnight incubation by luciferase reporter gene assay";"B";"BAO_0000219";"cell-based format";"Homo sapiens";"None";"None";"CHO";"None";"";"";"";"CHEMBL227";"Type-1 angiotensin II receptor";"Homo sapiens";"SINGLE PROTEIN";"CHEMBL3112505";"1";"Scientific Literature";"Bioorg Med Chem Lett";"2014";"CHEMBL3308072";"";"";"";"0.002"
"CHEMBL3115239";"";"None";"560.69";"2";"7.49";"15b";"CCCc1c(Cc2ccc(-c3ccccc3C(=O)O)cc2)c2cc(C(=O)NC(CC)c3ccccc3)ccc2n1OC";"IC50";"'>'";"10000.0";"nM";"";"";"";"UO_0000065";"";"";"";"";"0";"CHEMBL3117635";"Antagonist activity at human AT1 receptor expressed in CHO cells measured after overnight incubation by luciferase reporter gene assay";"B";"BAO_0000219";"cell-based format";"Homo sapiens";"None";"None";"CHO";"None";"";"";"";"CHEMBL227";"Type-1 angiotensin II receptor";"Homo sapiens";"SINGLE PROTEIN";"CHEMBL3112505";"1";"Scientific Literature";"Bioorg Med Chem Lett";"2014";"CHEMBL3308072";"";"";"";"10.0"
"CHEMBL122273";"";"None";"752.64";"2";"6.60";"48";"CCCCC(=O)Nc1ccc(Br)c(-n2nc(CC)n(Cc3ccc(-c4ccccc4S(=O)(=O)NC(=O)c4ccccc4F)cc3F)c2=O)c1";"IC50";"'='";"0.72";"nM";"9.14";"";"";"UO_0000065";"12.15";"0.25";"2.54";"6.92";"0";"CHEMBL650312";"In vitro inhibitory activity against angiotensin II receptor type 1, in human adrenal membrane preparations.";"B";"BAO_0000249";"cell membrane format";"None";"None";"None";"None";"None";"";"";"";"CHEMBL227";"Type-1 angiotensin II receptor";"Homo sapiens";"SINGLE PROTEIN";"CHEMBL1128554";"1";"Scientific Literature";"J Med Chem";"1995";"None";"";"";"";"0.72"
"CHEMBL1610625";"";"None";"341.37";"0";"1.22";"SID49647526";"COc1cccc(N2CC(C)Cn3c2nc2c3c(=O)[nH]c(=O)n2C)c1";"IC50";"'>'";"40000.0";"nM";"";"";"Not Active";"UO_0000065";"";"";"";"";"0";"CHEMBL1614336";"PUBCHEM_BIOASSAY: Dose Response screen for antagonists of Angiotensin II Receptor Type 1 to assess selectivity of uHTS small molecule antagonists hits of the APJ receptor. (Class of assay: confirmatory) [Related pubchem assays: 2569, 2521 ]";"F";"BAO_0000019";"assay format";"Homo sapiens";"None";"None";"None";"None";"";"";"";"CHEMBL227";"Type-1 angiotensin II receptor";"Homo sapiens";"SINGLE PROTEIN";"CHEMBL1201862";"7";"PubChem BioAssays";"";"";"None";"";"";"";"40.0"
"CHEMBL1347212";"";"None";"267.44";"0";"3.96";"SID24820479";"CCCCCC1CCC(c2nnc(S)n2C)CC1";"IC50";"'>'";"40000.0";"nM";"";"";"Not Active";"UO_0000065";"";"";"";"";"0";"CHEMBL1614336";"PUBCHEM_BIOASSAY: Dose Response screen for antagonists of Angiotensin II Receptor Type 1 to assess selectivity of uHTS small molecule antagonists hits of the APJ receptor. (Class of assay: confirmatory) [Related pubchem assays: 2569, 2521 ]";"F";"BAO_0000019";"assay format";"Homo sapiens";"None";"None";"None";"None";"";"";"";"CHEMBL227";"Type-1 angiotensin II receptor";"Homo sapiens";"SINGLE PROTEIN";"CHEMBL1201862";"7";"PubChem BioAssays";"";"";"None";"";"";"";"40.0"
"CHEMBL1544373";"";"None";"558.18";"1";"2.49";"SID49726534";"O=C(CCN1C(=O)C2C3CC(C(Br)C3Br)C2C1=O)OCC(=O)c1cccc([N+](=O)[O-])c1";"IC50";"'='";"28379.0";"nM";"4.55";"";"Not Active";"UO_0000065";"";"";"";"";"0";"CHEMBL1614336";"PUBCHEM_BIOASSAY: Dose Response screen for antagonists of Angiotensin II Receptor Type 1 to assess selectivity of uHTS small molecule antagonists hits of the APJ receptor. (Class of assay: confirmatory) [Related pubchem assays: 2569, 2521 ]";"F";"BAO_0000019";"assay format";"Homo sapiens";"None";"None";"None";"None";"";"";"";"CHEMBL227";"Type-1 angiotensin II receptor";"Homo sapiens";"SINGLE PROTEIN";"CHEMBL1201862";"7";"PubChem BioAssays";"";"";"None";"";"";"";"28.379"
"CHEMBL3210228";"";"None";"337.49";"0";"4.72";"SID22403678";"Cc1ccc(C)c(NC(=S)N/N=C2/CCCCc3ccccc32)c1";"IC50";"'>'";"40000.0";"nM";"";"";"Not Active";"UO_0000065";"";"";"";"";"0";"CHEMBL1614336";"PUBCHEM_BIOASSAY: Dose Response screen for antagonists of Angiotensin II Receptor Type 1 to assess selectivity of uHTS small molecule antagonists hits of the APJ receptor. (Class of assay: confirmatory) [Related pubchem assays: 2569, 2521 ]";"F";"BAO_0000019";"assay format";"Homo sapiens";"None";"None";"None";"None";"";"";"";"CHEMBL227";"Type-1 angiotensin II receptor";"Homo sapiens";"SINGLE PROTEIN";"CHEMBL1201862";"7";"PubChem BioAssays";"";"";"None";"";"";"";"40.0"
"CHEMBL1358014";"";"None";"276.43";"0";"4.27";"SID51087989";"Cc1ccc(SSc2cc(C)ccc2N)c(N)c1";"IC50";"'>'";"40000.0";"nM";"";"";"Not Active";"UO_0000065";"";"";"";"";"0";"CHEMBL1614336";"PUBCHEM_BIOASSAY: Dose Response screen for antagonists of Angiotensin II Receptor Type 1 to assess selectivity of uHTS small molecule antagonists hits of the APJ receptor. (Class of assay: confirmatory) [Related pubchem assays: 2569, 2521 ]";"F";"BAO_0000019";"assay format";"Homo sapiens";"None";"None";"None";"None";"";"";"";"CHEMBL227";"Type-1 angiotensin II receptor";"Homo sapiens";"SINGLE PROTEIN";"CHEMBL1201862";"7";"PubChem BioAssays";"";"";"None";"";"";"";"40.0"
"CHEMBL3192432";"";"None";"273.72";"0";"2.89";"SID47201524";"C/C(=N\NC(=O)c1ccc(Cl)cc1)c1ccccn1";"IC50";"'='";"2263.0";"nM";"5.64";"";"Active";"UO_0000065";"";"";"";"";"0";"CHEMBL1614336";"PUBCHEM_BIOASSAY: Dose Response screen for antagonists of Angiotensin II Receptor Type 1 to assess selectivity of uHTS small molecule antagonists hits of the APJ receptor. (Class of assay: confirmatory) [Related pubchem assays: 2569, 2521 ]";"F";"BAO_0000019";"assay format";"Homo sapiens";"None";"None";"None";"None";"";"";"";"CHEMBL227";"Type-1 angiotensin II receptor";"Homo sapiens";"SINGLE PROTEIN";"CHEMBL1201862";"7";"PubChem BioAssays";"";"";"None";"";"";"";"2.263"
"CHEMBL1332717";"";"None";"288.73";"0";"2.73";"SID49680007";"NC(=O)c1ccccc1NCC(=O)c1ccc(Cl)cc1";"IC50";"'='";"7407.0";"nM";"5.13";"";"Active";"UO_0000065";"";"";"";"";"0";"CHEMBL1614336";"PUBCHEM_BIOASSAY: Dose Response screen for antagonists of Angiotensin II Receptor Type 1 to assess selectivity of uHTS small molecule antagonists hits of the APJ receptor. (Class of assay: confirmatory) [Related pubchem assays: 2569, 2521 ]";"F";"BAO_0000019";"assay format";"Homo sapiens";"None";"None";"None";"None";"";"";"";"CHEMBL227";"Type-1 angiotensin II receptor";"Homo sapiens";"SINGLE PROTEIN";"CHEMBL1201862";"7";"PubChem BioAssays";"";"";"None";"";"";"";"7.407"
"CHEMBL1444877";"";"None";"599.22";"2";"5.65";"SID51085864";"Cc1cc(C)c2sc(N(CCCN(C)C)C(=O)c3ccc(S(=O)(=O)N4CCCc5ccccc54)cc3)nc2c1.Cl";"IC50";"'>'";"40000.0";"nM";"";"";"Not Active";"UO_0000065";"";"";"";"";"0";"CHEMBL1614336";"PUBCHEM_BIOASSAY: Dose Response screen for antagonists of Angiotensin II Receptor Type 1 to assess selectivity of uHTS small molecule antagonists hits of the APJ receptor. (Class of assay: confirmatory) [Related pubchem assays: 2569, 2521 ]";"F";"BAO_0000019";"assay format";"Homo sapiens";"None";"None";"None";"None";"";"";"";"CHEMBL227";"Type-1 angiotensin II receptor";"Homo sapiens";"SINGLE PROTEIN";"CHEMBL1201862";"7";"PubChem BioAssays";"";"";"None";"";"";"";"40.0"
"CHEMBL3195226";"";"None";"351.37";"0";"2.94";"SID26658597";"Cc1cc(N/N=C/c2ccccc2[N+](=O)[O-])nc(-n2nc(C)cc2C)n1";"IC50";"'='";"6140.0";"nM";"5.21";"";"Active";"UO_0000065";"";"";"";"";"0";"CHEMBL1614336";"PUBCHEM_BIOASSAY: Dose Response screen for antagonists of Angiotensin II Receptor Type 1 to assess selectivity of uHTS small molecule antagonists hits of the APJ receptor. (Class of assay: confirmatory) [Related pubchem assays: 2569, 2521 ]";"F";"BAO_0000019";"assay format";"Homo sapiens";"None";"None";"None";"None";"";"";"";"CHEMBL227";"Type-1 angiotensin II receptor";"Homo sapiens";"SINGLE PROTEIN";"CHEMBL1201862";"7";"PubChem BioAssays";"";"";"None";"";"";"";"6.14"
"CHEMBL1574553";"";"None";"312.17";"1";"5.41";"SID26665073";"Brc1ccc(N=Nc2ccc3ccccc3n2)cc1";"IC50";"'>'";"40000.0";"nM";"";"";"Not Active";"UO_0000065";"";"";"";"";"0";"CHEMBL1614336";"PUBCHEM_BIOASSAY: Dose Response screen for antagonists of Angiotensin II Receptor Type 1 to assess selectivity of uHTS small molecule antagonists hits of the APJ receptor. (Class of assay: confirmatory) [Related pubchem assays: 2569, 2521 ]";"F";"BAO_0000019";"assay format";"Homo sapiens";"None";"None";"None";"None";"";"";"";"CHEMBL227";"Type-1 angiotensin II receptor";"Homo sapiens";"SINGLE PROTEIN";"CHEMBL1201862";"7";"PubChem BioAssays";"";"";"None";"";"";"";"40.0"
"CHEMBL1613515";"";"None";"272.26";"0";"0.94";"SID24827983";"CCOC(=O)C1=C2NC(=O)c3ccccc3N2C(=O)C1";"IC50";"'='";"9246.0";"nM";"5.03";"";"Active";"UO_0000065";"";"";"";"";"0";"CHEMBL1614336";"PUBCHEM_BIOASSAY: Dose Response screen for antagonists of Angiotensin II Receptor Type 1 to assess selectivity of uHTS small molecule antagonists hits of the APJ receptor. (Class of assay: confirmatory) [Related pubchem assays: 2569, 2521 ]";"F";"BAO_0000019";"assay format";"Homo sapiens";"None";"None";"None";"None";"";"";"";"CHEMBL227";"Type-1 angiotensin II receptor";"Homo sapiens";"SINGLE PROTEIN";"CHEMBL1201862";"7";"PubChem BioAssays";"";"";"None";"";"";"";"9.246"
"CHEMBL1546607";"";"None";"467.88";"0";"4.27";"SID49736699";"Cc1ccc(CS(=O)(=O)c2ncc(Cl)c(C(=O)Nc3ccc(OC(F)F)cc3)n2)cc1";"IC50";"'='";"11276.0";"nM";"4.95";"";"Active";"UO_0000065";"";"";"";"";"0";"CHEMBL1614336";"PUBCHEM_BIOASSAY: Dose Response screen for antagonists of Angiotensin II Receptor Type 1 to assess selectivity of uHTS small molecule antagonists hits of the APJ receptor. (Class of assay: confirmatory) [Related pubchem assays: 2569, 2521 ]";"F";"BAO_0000019";"assay format";"Homo sapiens";"None";"None";"None";"None";"";"";"";"CHEMBL227";"Type-1 angiotensin II receptor";"Homo sapiens";"SINGLE PROTEIN";"CHEMBL1201862";"7";"PubChem BioAssays";"";"";"None";"";"";"";"11.276"
"CHEMBL1601762";"";"None";"394.25";"0";"4.63";"SID17386777";"CC(C)C(=O)Nc1cccc(C(=O)OCC(=O)c2ccc(Cl)cc2Cl)c1";"IC50";"'>'";"40000.0";"nM";"";"";"Not Active";"UO_0000065";"";"";"";"";"0";"CHEMBL1614336";"PUBCHEM_BIOASSAY: Dose Response screen for antagonists of Angiotensin II Receptor Type 1 to assess selectivity of uHTS small molecule antagonists hits of the APJ receptor. (Class of assay: confirmatory) [Related pubchem assays: 2569, 2521 ]";"F";"BAO_0000019";"assay format";"Homo sapiens";"None";"None";"None";"None";"";"";"";"CHEMBL227";"Type-1 angiotensin II receptor";"Homo sapiens";"SINGLE PROTEIN";"CHEMBL1201862";"7";"PubChem BioAssays";"";"";"None";"";"";"";"40.0"
"CHEMBL1563257";"";"None";"424.50";"0";"2.89";"SID56321797";"CCN(CC)S(=O)(=O)c1ccc2oc(SCC(=O)Nc3cc(C)on3)nc2c1";"IC50";"'>'";"40000.0";"nM";"";"";"Not Active";"UO_0000065";"";"";"";"";"0";"CHEMBL1614336";"PUBCHEM_BIOASSAY: Dose Response screen for antagonists of Angiotensin II Receptor Type 1 to assess selectivity of uHTS small molecule antagonists hits of the APJ receptor. (Class of assay: confirmatory) [Related pubchem assays: 2569, 2521 ]";"F";"BAO_0000019";"assay format";"Homo sapiens";"None";"None";"None";"None";"";"";"";"CHEMBL227";"Type-1 angiotensin II receptor";"Homo sapiens";"SINGLE PROTEIN";"CHEMBL1201862";"7";"PubChem BioAssays";"";"";"None";"";"";"";"40.0"
"CHEMBL1548173";"";"None";"379.21";"0";"3.14";"SID14728719";"COc1ccc2c(c1)C(=O)[C@@H](O)[C@H](c1ccc(OC)c(Br)c1)O2";"IC50";"'='";"34590.0";"nM";"4.46";"";"Not Active";"UO_0000065";"";"";"";"";"0";"CHEMBL1614336";"PUBCHEM_BIOASSAY: Dose Response screen for antagonists of Angiotensin II Receptor Type 1 to assess selectivity of uHTS small molecule antagonists hits of the APJ receptor. (Class of assay: confirmatory) [Related pubchem assays: 2569, 2521 ]";"F";"BAO_0000019";"assay format";"Homo sapiens";"None";"None";"None";"None";"";"";"";"CHEMBL227";"Type-1 angiotensin II receptor";"Homo sapiens";"SINGLE PROTEIN";"CHEMBL1201862";"7";"PubChem BioAssays";"";"";"None";"";"";"";"34.59"
"CHEMBL1610025";"";"None";"445.48";"1";"4.26";"SID14734078";"CCC(=O)OCCNc1cc(Sc2nc3ccccc3s2)c2nonc2c1[N+](=O)[O-]";"IC50";"'='";"3506.0";"nM";"5.46";"";"Active";"UO_0000065";"";"";"";"";"0";"CHEMBL1614336";"PUBCHEM_BIOASSAY: Dose Response screen for antagonists of Angiotensin II Receptor Type 1 to assess selectivity of uHTS small molecule antagonists hits of the APJ receptor. (Class of assay: confirmatory) [Related pubchem assays: 2569, 2521 ]";"F";"BAO_0000019";"assay format";"Homo sapiens";"None";"None";"None";"None";"";"";"";"CHEMBL227";"Type-1 angiotensin II receptor";"Homo sapiens";"SINGLE PROTEIN";"CHEMBL1201862";"7";"PubChem BioAssays";"";"";"None";"";"";"";"3.506"
"CHEMBL1505508";"";"None";"268.34";"0";"3.48";"SID47201324";"CSc1cccc(N=C2C(=O)Nc3ccccc32)c1";"IC50";"'>'";"40000.0";"nM";"";"";"Not Active";"UO_0000065";"";"";"";"";"0";"CHEMBL1614336";"PUBCHEM_BIOASSAY: Dose Response screen for antagonists of Angiotensin II Receptor Type 1 to assess selectivity of uHTS small molecule antagonists hits of the APJ receptor. (Class of assay: confirmatory) [Related pubchem assays: 2569, 2521 ]";"F";"BAO_0000019";"assay format";"Homo sapiens";"None";"None";"None";"None";"";"";"";"CHEMBL227";"Type-1 angiotensin II receptor";"Homo sapiens";"SINGLE PROTEIN";"CHEMBL1201862";"7";"PubChem BioAssays";"";"";"None";"";"";"";"40.0"
"CHEMBL1347921";"";"None";"250.30";"0";"3.38";"SID47204448";"Cc1ccc(N=C2C(=O)Nc3c(C)cccc32)cc1";"IC50";"'>'";"40000.0";"nM";"";"";"Not Active";"UO_0000065";"";"";"";"";"0";"CHEMBL1614336";"PUBCHEM_BIOASSAY: Dose Response screen for antagonists of Angiotensin II Receptor Type 1 to assess selectivity of uHTS small molecule antagonists hits of the APJ receptor. (Class of assay: confirmatory) [Related pubchem assays: 2569, 2521 ]";"F";"BAO_0000019";"assay format";"Homo sapiens";"None";"None";"None";"None";"";"";"";"CHEMBL227";"Type-1 angiotensin II receptor";"Homo sapiens";"SINGLE PROTEIN";"CHEMBL1201862";"7";"PubChem BioAssays";"";"";"None";"";"";"";"40.0"
"CHEMBL1377737";"";"None";"415.30";"0";"3.63";"SID24817234";"COc1ccc(C[S+]([O-])/C(Cl)=C(/Cl)C(=O)Nc2ccc(OC)nc2)cc1";"IC50";"'='";"2919.0";"nM";"5.54";"";"Active";"UO_0000065";"";"";"";"";"0";"CHEMBL1614336";"PUBCHEM_BIOASSAY: Dose Response screen for antagonists of Angiotensin II Receptor Type 1 to assess selectivity of uHTS small molecule antagonists hits of the APJ receptor. (Class of assay: confirmatory) [Related pubchem assays: 2569, 2521 ]";"F";"BAO_0000019";"assay format";"Homo sapiens";"None";"None";"None";"None";"";"";"";"CHEMBL227";"Type-1 angiotensin II receptor";"Homo sapiens";"SINGLE PROTEIN";"CHEMBL1201862";"7";"PubChem BioAssays";"";"";"None";"";"";"";"2.919"
"CHEMBL1333737";"";"None";"367.31";"0";"3.27";"SID49641775";"COc1cc(/C=C/[N+](=O)[O-])ccc1OC(=O)c1cc2ccccc2oc1=O";"IC50";"'='";"10415.0";"nM";"4.98";"";"Active";"UO_0000065";"";"";"";"";"0";"CHEMBL1614336";"PUBCHEM_BIOASSAY: Dose Response screen for antagonists of Angiotensin II Receptor Type 1 to assess selectivity of uHTS small molecule antagonists hits of the APJ receptor. (Class of assay: confirmatory) [Related pubchem assays: 2569, 2521 ]";"F";"BAO_0000019";"assay format";"Homo sapiens";"None";"None";"None";"None";"";"";"";"CHEMBL227";"Type-1 angiotensin II receptor";"Homo sapiens";"SINGLE PROTEIN";"CHEMBL1201862";"7";"PubChem BioAssays";"";"";"None";"";"";"";"10.415"
"CHEMBL486196";"ANGUSTIBALIN";"None";"304.34";"0";"1.82";"SID26725215";"C=C1C(=O)O[C@@H]2C[C@@H](C)[C@@H]3C=CC(=O)[C@@]3(C)[C@@H](OC(C)=O)[C@H]12";"IC50";"'='";"21974.0";"nM";"4.66";"";"Not Active";"UO_0000065";"";"";"";"";"0";"CHEMBL1614336";"PUBCHEM_BIOASSAY: Dose Response screen for antagonists of Angiotensin II Receptor Type 1 to assess selectivity of uHTS small molecule antagonists hits of the APJ receptor. (Class of assay: confirmatory) [Related pubchem assays: 2569, 2521 ]";"F";"BAO_0000019";"assay format";"Homo sapiens";"None";"None";"None";"None";"";"";"";"CHEMBL227";"Type-1 angiotensin II receptor";"Homo sapiens";"SINGLE PROTEIN";"CHEMBL1201862";"7";"PubChem BioAssays";"";"";"None";"";"";"";"21.974"
"CHEMBL1322344";"";"None";"377.42";"0";"2.49";"SID49817683";"O=C(COC(=O)c1ccco1)c1ccc(S(=O)(=O)N2CCCCC2)cc1";"IC50";"'='";"16477.0";"nM";"4.78";"";"Active";"UO_0000065";"";"";"";"";"0";"CHEMBL1614336";"PUBCHEM_BIOASSAY: Dose Response screen for antagonists of Angiotensin II Receptor Type 1 to assess selectivity of uHTS small molecule antagonists hits of the APJ receptor. (Class of assay: confirmatory) [Related pubchem assays: 2569, 2521 ]";"F";"BAO_0000019";"assay format";"Homo sapiens";"None";"None";"None";"None";"";"";"";"CHEMBL227";"Type-1 angiotensin II receptor";"Homo sapiens";"SINGLE PROTEIN";"CHEMBL1201862";"7";"PubChem BioAssays";"";"";"None";"";"";"";"16.477"
"CHEMBL3199234";"";"None";"249.34";"0";"1.23";"SID22404918";"S=C(N/N=C/c1ccccc1)N1CCOCC1";"IC50";"'='";"13338.0";"nM";"4.88";"";"Active";"UO_0000065";"";"";"";"";"0";"CHEMBL1614336";"PUBCHEM_BIOASSAY: Dose Response screen for antagonists of Angiotensin II Receptor Type 1 to assess selectivity of uHTS small molecule antagonists hits of the APJ receptor. (Class of assay: confirmatory) [Related pubchem assays: 2569, 2521 ]";"F";"BAO_0000019";"assay format";"Homo sapiens";"None";"None";"None";"None";"";"";"";"CHEMBL227";"Type-1 angiotensin II receptor";"Homo sapiens";"SINGLE PROTEIN";"CHEMBL1201862";"7";"PubChem BioAssays";"";"";"None";"";"";"";"13.338"
"CHEMBL3735036";"";"None";"633.77";"2";"7.67";"9";"CCCc1nc2c(C)cc(C(=O)Nc3ccccc3)cc2n1Cc1ccc(-c2ccccc2S(=O)(=O)Nc2onc(C)c2C)cc1";"IC50";"'='";"201.0";"nM";"6.70";"";"";"UO_0000065";"10.57";"0.20";"-0.97";"5.62";"0";"CHEMBL3739215";"Displacement of 125I-labeled Sar1-Ile8-angiotensin II from human AT1 receptor incubated for 2 hrs by gamma counting analysis";"B";"BAO_0000357";"single protein format";"Homo sapiens";"None";"None";"None";"None";"";"";"";"CHEMBL227";"Type-1 angiotensin II receptor";"Homo sapiens";"SINGLE PROTEIN";"CHEMBL3734700";"1";"Scientific Literature";"Medchemcomm";"2015";"None";"";"";"";"201.0"
"CHEMBL3734870";"";"None";"721.88";"2";"7.41";"19";"CCCc1nc2c(C)cc(C(=O)NCCc3cc(OC)ccc3OC)cc2n1Cc1ccc(-c2ccccc2S(=O)(=O)Nc2onc(C)c2C)cc1";"IC50";"'='";"37.0";"nM";"7.43";"";"";"UO_0000065";"10.30";"0.20";"0.02";"5.40";"0";"CHEMBL3739215";"Displacement of 125I-labeled Sar1-Ile8-angiotensin II from human AT1 receptor incubated for 2 hrs by gamma counting analysis";"B";"BAO_0000357";"single protein format";"Homo sapiens";"None";"None";"None";"None";"";"";"";"CHEMBL227";"Type-1 angiotensin II receptor";"Homo sapiens";"SINGLE PROTEIN";"CHEMBL3734700";"1";"Scientific Literature";"Medchemcomm";"2015";"None";"";"";"";"37.0"
"CHEMBL3734829";"";"None";"679.82";"2";"7.53";"21";"CCCc1nc2c(C)cc(C(=O)NCCc3ccccc3F)cc2n1Cc1ccc(-c2ccccc2S(=O)(=O)Nc2onc(C)c2C)cc1";"IC50";"'='";"160.0";"nM";"6.80";"";"";"UO_0000065";"10.00";"0.19";"-0.73";"5.71";"0";"CHEMBL3739215";"Displacement of 125I-labeled Sar1-Ile8-angiotensin II from human AT1 receptor incubated for 2 hrs by gamma counting analysis";"B";"BAO_0000357";"single protein format";"Homo sapiens";"None";"None";"None";"None";"";"";"";"CHEMBL227";"Type-1 angiotensin II receptor";"Homo sapiens";"SINGLE PROTEIN";"CHEMBL3734700";"1";"Scientific Literature";"Medchemcomm";"2015";"None";"";"";"";"160.0"
"CHEMBL72053";"";"None";"441.45";"0";"2.81";"4";"Cc1nc(C(=O)O)nc2c1CCC(=O)N2Cc1ccc(-c2ccccc2-c2nn[nH]n2)cc1";"IC50";"'='";"23.0";"nM";"7.64";"";"";"UO_0000065";"17.30";"0.32";"4.83";"5.54";"0";"CHEMBL649492";"Compound was tested in vitro for inhibitory activity against human Angiotensin II receptor in cultured preadipocytes";"B";"BAO_0000219";"cell-based format";"None";"None";"None";"None";"None";"";"";"";"CHEMBL227";"Type-1 angiotensin II receptor";"Homo sapiens";"SINGLE PROTEIN";"CHEMBL1135844";"1";"Scientific Literature";"Bioorg Med Chem Lett";"2002";"None";"";"";"";"23.0"
"CHEMBL2322448";"";"None";"531.60";"2";"5.33";"12m";"CCc1nc2ccn(Cc3cccc(F)c3)c(=O)c2n1[C@H]1CCc2cc(-c3ccccc3-c3nnn[nH]3)ccc21";"IC50";"'='";"67.4";"nM";"7.17";"";"";"UO_0000065";"13.49";"0.24";"1.84";"7.61";"0";"CHEMBL2327554";"Displacement of [125I]Tyr4-Sar1,Ile8-Angiotensin II from human Angiotensin 1 receptor after";"B";"BAO_0000357";"single protein format";"Homo sapiens";"None";"None";"None";"None";"";"";"";"CHEMBL227";"Type-1 angiotensin II receptor";"Homo sapiens";"SINGLE PROTEIN";"CHEMBL2321681";"1";"Scientific Literature";"Bioorg Med Chem Lett";"2013";"None";"";"";"";"67.4"
"CHEMBL1082723";"CIPARGAMIN";"2.0";"390.24";"0";"4.34";"NITD609";"C[C@H]1Cc2c([nH]c3cc(Cl)c(F)cc23)[C@@]2(N1)C(=O)Nc1ccc(Cl)cc12";"IC50";"'>'";"30000.0";"nM";"";"";"";"UO_0000065";"";"";"";"";"0";"CHEMBL1247734";"Binding affinity to human recombinant angiotensin2 AT1 receptor";"B";"BAO_0000357";"single protein format";"Homo sapiens";"None";"None";"None";"None";"";"";"";"CHEMBL227";"Type-1 angiotensin II receptor";"Homo sapiens";"SINGLE PROTEIN";"CHEMBL1240532";"1";"Scientific Literature";"Science";"2010";"None";"";"";"";"30.0"
"CHEMBL288174";"";"None";"582.79";"2";"6.80";"L-162313";"CCCCOC(=O)NS(=O)(=O)c1sc(CC(C)C)cc1-c1ccc(Cn2c(CC)nc3c(C)cc(C)nc32)cc1";"IC50";"'='";"1.1";"nM";"8.96";"";"";"UO_0000065";"15.37";"0.31";"2.16";"8.68";"0";"CHEMBL647575";"Inhibition of Angiotensin II receptor, type 1";"B";"BAO_0000357";"single protein format";"None";"None";"None";"None";"None";"";"";"";"CHEMBL227";"Type-1 angiotensin II receptor";"Homo sapiens";"SINGLE PROTEIN";"CHEMBL1129469";"1";"Scientific Literature";"J Med Chem";"1996";"None";"";"";"";"1.1"
"CHEMBL2435832";"";"None";"497.60";"1";"5.18";"6c";"CCCc1nc2c(C)cc(C(=O)N3CCOCC3)cc2n1Cc1ccc(-c2ccccc2C(=O)O)cc1";"IC50";"'='";"1008.0";"nM";"6.00";"";"";"UO_0000065";"12.05";"0.22";"0.82";"7.08";"0";"CHEMBL2439561";"Displacement of [125I]-Sar1Ile8-angiotensin 2 from angiotensin 2 AT1 receptor (unknown origin) after 180 mins by gamma counting analysis";"B";"BAO_0000357";"single protein format";"Homo sapiens";"None";"None";"None";"None";"";"";"";"CHEMBL227";"Type-1 angiotensin II receptor";"Homo sapiens";"SINGLE PROTEIN";"CHEMBL2434924";"1";"Scientific Literature";"Eur J Med Chem";"2013";"None";"";"";"";"1008.0"
"CHEMBL74144";"";"None";"671.75";"2";"5.92";"18";"CCc1nc2ccc(NC(=O)c3ccccn3)cc2c(=O)n1Cc1ccc(-c2ccccc2S(=O)(=O)NC(=O)OCCC(C)C)cc1F";"IC50";"'='";"85.0";"nM";"7.07";"";"";"UO_0000065";"10.53";"0.20";"1.15";"4.73";"0";"CHEMBL875934";"In vivo inhibitory concentration against Angiotensin II receptor, type 1 of human adrenal membrane";"B";"BAO_0000218";"organism-based format";"None";"None";"None";"None";"None";"";"";"";"CHEMBL227";"Type-1 angiotensin II receptor";"Homo sapiens";"SINGLE PROTEIN";"CHEMBL1150477";"1";"Scientific Literature";"Bioorg Med Chem Lett";"1994";"None";"";"";"";"85.0"
"CHEMBL2158350";"";"None";"419.26";"0";"3.70";"9";"O=C(Oc1coc(CSc2ncccn2)cc1=O)c1ccc(Br)cc1";"IC50";"'>'";"79000.0";"nM";"";"";"";"UO_0000065";"";"";"";"";"0";"CHEMBL2161529";"Inhibition of AT1 receptor";"B";"BAO_0000357";"single protein format";"None";"None";"None";"None";"None";"";"";"";"CHEMBL227";"Type-1 angiotensin II receptor";"Homo sapiens";"SINGLE PROTEIN";"CHEMBL2157975";"1";"Scientific Literature";"Bioorg Med Chem Lett";"2012";"None";"";"";"";"79.0"
"CHEMBL2058855";"";"None";"571.69";"2";"6.13";"6b";"CCCc1nc2c(C)cc(C(=O)NCc3ccccc3OC)cc2n1Cc1ccc(-c2ccccc2-c2nnn[nH]2)cc1";"IC50";"'='";"19.7";"nM";"7.71";"";"";"UO_0000065";"13.48";"0.24";"1.58";"6.97";"0";"CHEMBL2061970";"Displacement of [125I]Sar1Ile8-Ang2 from angiotensin AT1 receptor after 180 mins by gamma counting";"B";"BAO_0000357";"single protein format";"Homo sapiens";"None";"None";"None";"None";"";"";"";"CHEMBL227";"Type-1 angiotensin II receptor";"Homo sapiens";"SINGLE PROTEIN";"CHEMBL2057074";"1";"Scientific Literature";"Bioorg Med Chem";"2012";"None";"";"";"";"19.7"
"CHEMBL2058864";"";"None";"615.74";"2";"6.18";"6k";"CCCc1nc2c(C)cc(C(=O)NCCc3ccc(OC)c(OC)c3)cc2n1Cc1ccc(-c2ccccc2-c2nnn[nH]2)cc1";"IC50";"'='";"3.7";"nM";"8.43";"";"";"UO_0000065";"13.69";"0.25";"2.25";"7.04";"0";"CHEMBL2061970";"Displacement of [125I]Sar1Ile8-Ang2 from angiotensin AT1 receptor after 180 mins by gamma counting";"B";"BAO_0000357";"single protein format";"Homo sapiens";"None";"None";"None";"None";"";"";"";"CHEMBL227";"Type-1 angiotensin II receptor";"Homo sapiens";"SINGLE PROTEIN";"CHEMBL2057074";"1";"Scientific Literature";"Bioorg Med Chem";"2012";"None";"";"";"";"3.7"
"CHEMBL267056";"";"None";"442.48";"0";"2.65";"148";"CCCCc1nc2c(=O)[nH][nH]c(=O)c2n1Cc1ccc(-c2ccccc2-c2nn[nH]n2)cc1";"IC50";"'='";"17.0";"nM";"7.77";"";"";"UO_0000065";"17.56";"0.32";"5.12";"5.63";"0";"CHEMBL1670336";"Binding affinity to angiotensin AT1 receptor";"B";"BAO_0000357";"single protein format";"None";"None";"None";"None";"None";"";"";"";"CHEMBL227";"Type-1 angiotensin II receptor";"Homo sapiens";"SINGLE PROTEIN";"CHEMBL1667742";"1";"Scientific Literature";"Bioorg Med Chem";"2010";"None";"";"";"";"0.017"
"CHEMBL3640127";"";"None";"612.64";"1";"4.88";"BDBM99948";"CCc1cc2c(=O)n(CC(=O)c3ccc(OC)cc3F)c(=O)n(Cc3ccc(-c4ccccc4-c4nc(=O)o[nH]4)cc3)c2s1";"IC50";"'='";"1.5";"nM";"8.82";"";"216946";"UO_0000065";"14.40";"0.27";"3.94";"6.83";"0";"CHEMBL3705302";"Binding Assay: Binding assay using human AT1.";"B";"BAO_0000357";"single protein format";"Homo sapiens";"None";"None";"None";"None";"";"";"";"CHEMBL227";"Type-1 angiotensin II receptor";"Homo sapiens";"SINGLE PROTEIN";"CHEMBL3639103";"37";"BindingDB Patent Bioactivity Data";"";"2013";"None";"";"";"";"1.5"
"CHEMBL2058859";"";"None";"555.69";"2";"6.17";"6f";"CCCc1nc2c(C)cc(C(=O)NCCc3ccccc3)cc2n1Cc1ccc(-c2ccccc2-c2nnn[nH]2)cc1";"IC50";"'='";"1.3";"nM";"8.89";"";"";"UO_0000065";"15.99";"0.29";"2.72";"8.77";"0";"CHEMBL2061970";"Displacement of [125I]Sar1Ile8-Ang2 from angiotensin AT1 receptor after 180 mins by gamma counting";"B";"BAO_0000357";"single protein format";"Homo sapiens";"None";"None";"None";"None";"";"";"";"CHEMBL227";"Type-1 angiotensin II receptor";"Homo sapiens";"SINGLE PROTEIN";"CHEMBL2057074";"1";"Scientific Literature";"Bioorg Med Chem";"2012";"None";"";"";"";"1.3"
"CHEMBL3751994";"";"None";"644.74";"2";"5.73";"1o";"CCCc1nc2c(C)cc(C(=O)NCc3ccc(OC)c(OC)c3)cc2n1Cc1ccc(-c2ccccc2C(=O)Nc2nnn[nH]2)cc1";"IC50";"'='";"32.9";"nM";"7.48";"";"";"UO_0000065";"11.61";"0.21";"1.75";"5.02";"0";"CHEMBL3757817";"Displacement of 125I-labelled Sar1-Ile8-angiotensin-2 from human AT1 receptor";"B";"BAO_0000357";"single protein format";"Homo sapiens";"None";"None";"None";"None";"";"";"";"CHEMBL227";"Type-1 angiotensin II receptor";"Homo sapiens";"SINGLE PROTEIN";"CHEMBL3751753";"1";"Scientific Literature";"Medchemcomm";"2015";"None";"";"";"";"32.9"
"CHEMBL3751986";"";"None";"620.76";"1";"3.76";"1c";"CCCc1nc2c(C)cc(C(=O)NCCN3CCN(C)CC3)cc2n1Cc1ccc(-c2ccccc2C(=O)Nc2nnn[nH]2)cc1";"IC50";"'='";"53.5";"nM";"7.27";"";"";"UO_0000065";"11.71";"0.22";"3.51";"5.31";"0";"CHEMBL3757817";"Displacement of 125I-labelled Sar1-Ile8-angiotensin-2 from human AT1 receptor";"B";"BAO_0000357";"single protein format";"Homo sapiens";"None";"None";"None";"None";"";"";"";"CHEMBL227";"Type-1 angiotensin II receptor";"Homo sapiens";"SINGLE PROTEIN";"CHEMBL3751753";"1";"Scientific Literature";"Medchemcomm";"2015";"None";"";"";"";"53.5"
"CHEMBL3752947";"";"None";"607.72";"1";"3.84";"1d";"CCCc1nc2c(C)cc(C(=O)NCCN3CCOCC3)cc2n1Cc1ccc(-c2ccccc2C(=O)Nc2nnn[nH]2)cc1";"IC50";"'='";"44.0";"nM";"7.36";"";"";"UO_0000065";"12.11";"0.22";"3.52";"5.15";"0";"CHEMBL3757817";"Displacement of 125I-labelled Sar1-Ile8-angiotensin-2 from human AT1 receptor";"B";"BAO_0000357";"single protein format";"Homo sapiens";"None";"None";"None";"None";"";"";"";"CHEMBL227";"Type-1 angiotensin II receptor";"Homo sapiens";"SINGLE PROTEIN";"CHEMBL3751753";"1";"Scientific Literature";"Medchemcomm";"2015";"None";"";"";"";"44.0"
"CHEMBL3752117";"";"None";"614.71";"2";"5.72";"1l";"CCCc1nc2c(C)cc(C(=O)NCc3ccccc3OC)cc2n1Cc1ccc(-c2ccccc2C(=O)Nc2nnn[nH]2)cc1";"IC50";"'='";"73.3";"nM";"7.13";"";"";"UO_0000065";"11.61";"0.21";"1.41";"5.11";"0";"CHEMBL3757817";"Displacement of 125I-labelled Sar1-Ile8-angiotensin-2 from human AT1 receptor";"B";"BAO_0000357";"single protein format";"Homo sapiens";"None";"None";"None";"None";"";"";"";"CHEMBL227";"Type-1 angiotensin II receptor";"Homo sapiens";"SINGLE PROTEIN";"CHEMBL3751753";"1";"Scientific Literature";"Medchemcomm";"2015";"None";"";"";"";"73.3"
"CHEMBL3753047";"";"None";"616.70";"2";"5.89";"1w";"CCCc1nc2c(C)cc(C(=O)NCCc3ccc(F)cc3)cc2n1Cc1ccc(-c2ccccc2C(=O)Nc2nnn[nH]2)cc1";"IC50";"'='";"140.0";"nM";"6.85";"";"";"UO_0000065";"11.11";"0.20";"0.96";"5.25";"0";"CHEMBL3757817";"Displacement of 125I-labelled Sar1-Ile8-angiotensin-2 from human AT1 receptor";"B";"BAO_0000357";"single protein format";"Homo sapiens";"None";"None";"None";"None";"";"";"";"CHEMBL227";"Type-1 angiotensin II receptor";"Homo sapiens";"SINGLE PROTEIN";"CHEMBL3751753";"1";"Scientific Literature";"Medchemcomm";"2015";"None";"";"";"";"140.0"
"CHEMBL3752680";"";"None";"598.71";"2";"5.75";"1p";"CCCc1nc2c(C)cc(C(=O)NCCc3ccccc3)cc2n1Cc1ccc(-c2ccccc2C(=O)Nc2nnn[nH]2)cc1";"IC50";"'='";"3.9";"nM";"8.41";"";"";"UO_0000065";"14.05";"0.26";"2.66";"6.44";"0";"CHEMBL3757817";"Displacement of 125I-labelled Sar1-Ile8-angiotensin-2 from human AT1 receptor";"B";"BAO_0000357";"single protein format";"Homo sapiens";"None";"None";"None";"None";"";"";"";"CHEMBL227";"Type-1 angiotensin II receptor";"Homo sapiens";"SINGLE PROTEIN";"CHEMBL3751753";"1";"Scientific Literature";"Medchemcomm";"2015";"None";"";"";"";"3.9"
"CHEMBL3753888";"";"None";"591.72";"1";"4.60";"1a";"CCCc1nc2c(C)cc(C(=O)NCCN3CCCC3)cc2n1Cc1ccc(-c2ccccc2C(=O)Nc2nnn[nH]2)cc1";"IC50";"'='";"69.4";"nM";"7.16";"";"";"UO_0000065";"12.10";"0.22";"2.56";"5.35";"0";"CHEMBL3757817";"Displacement of 125I-labelled Sar1-Ile8-angiotensin-2 from human AT1 receptor";"B";"BAO_0000357";"single protein format";"Homo sapiens";"None";"None";"None";"None";"";"";"";"CHEMBL227";"Type-1 angiotensin II receptor";"Homo sapiens";"SINGLE PROTEIN";"CHEMBL3751753";"1";"Scientific Literature";"Medchemcomm";"2015";"None";"";"";"";"69.4"
"CHEMBL238804";"SELEXIPAG";"4.0";"496.63";"0";"3.90";"EUB0000859a";"CC(C)N(CCCCOCC(=O)NS(C)(=O)=O)c1cnc(-c2ccccc2)c(-c2ccccc2)n1";"IC50";"'>'";"10000.0";"nM";"";"";"";"UO_0000065";"";"";"";"";"0";"CHEMBL5442690";"GPCR PRESTO-Tango dose-response in antagonist mode with target: AGTR1";"F";"BAO_0000219";"cell-based format";"Homo sapiens";"None";"None";"HTLA";"None";"";"";"";"CHEMBL227";"Type-1 angiotensin II receptor";"Homo sapiens";"SINGLE PROTEIN";"CHEMBL5442687";"55";"EUbOPEN Chemogenomic Library";"";"2024";"CHEMBL5446261";"";"";"";"10.0"
"CHEMBL1498886";"";"None";"278.31";"0";"2.80";"SID17401876";"NNc1nc(-c2ccccc2)cc(-c2ccccc2O)n1";"IC50";"'='";"4197.0";"nM";"5.38";"";"Active";"UO_0000065";"";"";"";"";"0";"CHEMBL1614336";"PUBCHEM_BIOASSAY: Dose Response screen for antagonists of Angiotensin II Receptor Type 1 to assess selectivity of uHTS small molecule antagonists hits of the APJ receptor. (Class of assay: confirmatory) [Related pubchem assays: 2569, 2521 ]";"F";"BAO_0000019";"assay format";"Homo sapiens";"None";"None";"None";"None";"";"";"";"CHEMBL227";"Type-1 angiotensin II receptor";"Homo sapiens";"SINGLE PROTEIN";"CHEMBL1201862";"7";"PubChem BioAssays";"";"";"None";"";"";"";"4.197"
"CHEMBL1371256";"";"None";"552.72";"2";"5.07";"SID85201278";"COc1ccc(NC(=O)Nc2cccc3c2O[C@@H](CN(C)CC2CCCCC2)[C@@H](C)CN([C@H](C)CO)C3=O)cc1";"IC50";"'>'";"40000.0";"nM";"";"";"Not Active";"UO_0000065";"";"";"";"";"0";"CHEMBL1614336";"PUBCHEM_BIOASSAY: Dose Response screen for antagonists of Angiotensin II Receptor Type 1 to assess selectivity of uHTS small molecule antagonists hits of the APJ receptor. (Class of assay: confirmatory) [Related pubchem assays: 2569, 2521 ]";"F";"BAO_0000019";"assay format";"Homo sapiens";"None";"None";"None";"None";"";"";"";"CHEMBL227";"Type-1 angiotensin II receptor";"Homo sapiens";"SINGLE PROTEIN";"CHEMBL1201862";"7";"PubChem BioAssays";"";"";"None";"";"";"";"40.0"
"CHEMBL1514691";"";"None";"217.19";"0";"2.73";"SID49679365";"O=[N+]([O-])c1ccc(N=Nc2ncc[nH]2)cc1";"IC50";"'='";"23546.0";"nM";"4.63";"";"Not Active";"UO_0000065";"";"";"";"";"0";"CHEMBL1614336";"PUBCHEM_BIOASSAY: Dose Response screen for antagonists of Angiotensin II Receptor Type 1 to assess selectivity of uHTS small molecule antagonists hits of the APJ receptor. (Class of assay: confirmatory) [Related pubchem assays: 2569, 2521 ]";"F";"BAO_0000019";"assay format";"Homo sapiens";"None";"None";"None";"None";"";"";"";"CHEMBL227";"Type-1 angiotensin II receptor";"Homo sapiens";"SINGLE PROTEIN";"CHEMBL1201862";"7";"PubChem BioAssays";"";"";"None";"";"";"";"23.546"
"CHEMBL1567899";"";"None";"337.38";"0";"4.14";"SID49649308";"COc1cc(/C=C/c2ccc3cccc(O)c3n2)cc(OC)c1OC";"IC50";"'='";"6200.0";"nM";"5.21";"";"Active";"UO_0000065";"";"";"";"";"0";"CHEMBL1614336";"PUBCHEM_BIOASSAY: Dose Response screen for antagonists of Angiotensin II Receptor Type 1 to assess selectivity of uHTS small molecule antagonists hits of the APJ receptor. (Class of assay: confirmatory) [Related pubchem assays: 2569, 2521 ]";"F";"BAO_0000019";"assay format";"Homo sapiens";"None";"None";"None";"None";"";"";"";"CHEMBL227";"Type-1 angiotensin II receptor";"Homo sapiens";"SINGLE PROTEIN";"CHEMBL1201862";"7";"PubChem BioAssays";"";"";"None";"";"";"";"6.2"
"CHEMBL1604367";"";"None";"290.16";"0";"3.74";"SID17414854";"O=C(CNc1ccc(Br)cc1)c1ccccc1";"IC50";"'='";"13491.0";"nM";"4.87";"";"Active";"UO_0000065";"";"";"";"";"0";"CHEMBL1614336";"PUBCHEM_BIOASSAY: Dose Response screen for antagonists of Angiotensin II Receptor Type 1 to assess selectivity of uHTS small molecule antagonists hits of the APJ receptor. (Class of assay: confirmatory) [Related pubchem assays: 2569, 2521 ]";"F";"BAO_0000019";"assay format";"Homo sapiens";"None";"None";"None";"None";"";"";"";"CHEMBL227";"Type-1 angiotensin II receptor";"Homo sapiens";"SINGLE PROTEIN";"CHEMBL1201862";"7";"PubChem BioAssays";"";"";"None";"";"";"";"13.491"
"CHEMBL2158336";"";"None";"449.47";"0";"3.01";"65";"Cc1cc(C)nc(SCc2cc(=O)c(OS(=O)(=O)c3ccc([N+](=O)[O-])cc3)co2)n1";"IC50";"'>'";"79000.0";"nM";"";"";"";"UO_0000065";"";"";"";"";"0";"CHEMBL2161529";"Inhibition of AT1 receptor";"B";"BAO_0000357";"single protein format";"None";"None";"None";"None";"None";"";"";"";"CHEMBL227";"Type-1 angiotensin II receptor";"Homo sapiens";"SINGLE PROTEIN";"CHEMBL2157975";"1";"Scientific Literature";"Bioorg Med Chem Lett";"2012";"None";"";"";"";"79.0"
"CHEMBL1667999";"";"None";"444.54";"0";"3.28";"46";"CCCCN1CC2(CN1Cc1ccc(-c3ccccc3-c3nnn[nH]3)cc1)C(=O)CCC2=O";"IC50";"'='";"22.0";"nM";"7.66";"";"";"UO_0000065";"";"";"";"";"0";"CHEMBL1670344";"Antagonist activity at angiotensin AT1 receptor in human PLC-PRF5 cells";"F";"BAO_0000219";"cell-based format";"Homo sapiens";"None";"None";"PLC-PRF5";"None";"";"";"";"CHEMBL227";"Type-1 angiotensin II receptor";"Homo sapiens";"SINGLE PROTEIN";"CHEMBL1667742";"1";"Scientific Literature";"Bioorg Med Chem";"2010";"None";"";"";"";"22.0"
"CHEMBL2158270";"";"None";"489.53";"0";"1.96";"26";"O=C(Oc1coc(CSc2ncccn2)cc1=O)c1ccc(S(=O)(=O)N2CCOCC2)cc1";"IC50";"'>'";"79000.0";"nM";"";"";"";"UO_0000065";"";"";"";"";"0";"CHEMBL2161529";"Inhibition of AT1 receptor";"B";"BAO_0000357";"single protein format";"None";"None";"None";"None";"None";"";"";"";"CHEMBL227";"Type-1 angiotensin II receptor";"Homo sapiens";"SINGLE PROTEIN";"CHEMBL2157975";"1";"Scientific Literature";"Bioorg Med Chem Lett";"2012";"None";"";"";"";"79.0"
"CHEMBL4743495";"";"None";"511.97";"1";"7.36";"EUB0000274cCl";"Cl.O=C(O)c1cc(-c2ccc(C3CCNCC3)cc2)c2ccc(-c3ccc(C(F)(F)F)cc3)cc2c1";"IC50";"'='";"6257.99";"nM";"5.20";"";"";"UO_0000065";"";"";"";"";"0";"CHEMBL5442690";"GPCR PRESTO-Tango dose-response in antagonist mode with target: AGTR1";"F";"BAO_0000219";"cell-based format";"Homo sapiens";"None";"None";"HTLA";"None";"";"";"";"CHEMBL227";"Type-1 angiotensin II receptor";"Homo sapiens";"SINGLE PROTEIN";"CHEMBL5442687";"55";"EUbOPEN Chemogenomic Library";"";"2024";"CHEMBL5446261";"";"ANTAGONIST";"";"6.25799"
"CHEMBL1535168";"";"None";"353.29";"0";"2.74";"SID17504666";"O=C(COC(=O)c1cc2ccccc2oc1=O)c1cccc([N+](=O)[O-])c1";"IC50";"'>'";"40000.0";"nM";"";"";"Not Active";"UO_0000065";"";"";"";"";"0";"CHEMBL1614336";"PUBCHEM_BIOASSAY: Dose Response screen for antagonists of Angiotensin II Receptor Type 1 to assess selectivity of uHTS small molecule antagonists hits of the APJ receptor. (Class of assay: confirmatory) [Related pubchem assays: 2569, 2521 ]";"F";"BAO_0000019";"assay format";"Homo sapiens";"None";"None";"None";"None";"";"";"";"CHEMBL227";"Type-1 angiotensin II receptor";"Homo sapiens";"SINGLE PROTEIN";"CHEMBL1201862";"7";"PubChem BioAssays";"";"";"None";"";"";"";"40.0"
"CHEMBL1407961";"";"None";"487.00";"0";"2.74";"SID49731688";"CCC1CCCCN1S(=O)(=O)c1ccc(NC(=O)c2nc(S(C)(=O)=O)ncc2Cl)cc1";"IC50";"'='";"5897.0";"nM";"5.23";"";"Active";"UO_0000065";"";"";"";"";"0";"CHEMBL1614336";"PUBCHEM_BIOASSAY: Dose Response screen for antagonists of Angiotensin II Receptor Type 1 to assess selectivity of uHTS small molecule antagonists hits of the APJ receptor. (Class of assay: confirmatory) [Related pubchem assays: 2569, 2521 ]";"F";"BAO_0000019";"assay format";"Homo sapiens";"None";"None";"None";"None";"";"";"";"CHEMBL227";"Type-1 angiotensin II receptor";"Homo sapiens";"SINGLE PROTEIN";"CHEMBL1201862";"7";"PubChem BioAssays";"";"";"None";"";"";"";"5.897"
"CHEMBL1568922";"";"None";"267.37";"0";"3.88";"SID4262714";"CCN(CC)CC(=O)c1ccc(-c2ccccc2)cc1";"IC50";"'='";"18792.0";"nM";"4.73";"";"Active";"UO_0000065";"";"";"";"";"0";"CHEMBL1614336";"PUBCHEM_BIOASSAY: Dose Response screen for antagonists of Angiotensin II Receptor Type 1 to assess selectivity of uHTS small molecule antagonists hits of the APJ receptor. (Class of assay: confirmatory) [Related pubchem assays: 2569, 2521 ]";"F";"BAO_0000019";"assay format";"Homo sapiens";"None";"None";"None";"None";"";"";"";"CHEMBL227";"Type-1 angiotensin II receptor";"Homo sapiens";"SINGLE PROTEIN";"CHEMBL1201862";"7";"PubChem BioAssays";"";"";"None";"";"";"";"18.792"
"CHEMBL1309127";"";"None";"360.78";"0";"4.02";"SID24827149";"O=C(Nc1nc(-c2ccccn2)cs1)c1cc(Cl)ccc1[N+](=O)[O-]";"IC50";"'='";"5369.0";"nM";"5.27";"";"Active";"UO_0000065";"";"";"";"";"0";"CHEMBL1614336";"PUBCHEM_BIOASSAY: Dose Response screen for antagonists of Angiotensin II Receptor Type 1 to assess selectivity of uHTS small molecule antagonists hits of the APJ receptor. (Class of assay: confirmatory) [Related pubchem assays: 2569, 2521 ]";"F";"BAO_0000019";"assay format";"Homo sapiens";"None";"None";"None";"None";"";"";"";"CHEMBL227";"Type-1 angiotensin II receptor";"Homo sapiens";"SINGLE PROTEIN";"CHEMBL1201862";"7";"PubChem BioAssays";"";"";"None";"";"";"";"5.369"
"CHEMBL1428985";"";"None";"391.38";"0";"-2.27";"SID49665286";"CN(C)c1ccc2nc3c(=O)[nH]c(=O)nc-3n(CC(O)C(O)C(O)CO)c2c1";"IC50";"'='";"29122.0";"nM";"4.54";"";"Not Active";"UO_0000065";"";"";"";"";"0";"CHEMBL1614336";"PUBCHEM_BIOASSAY: Dose Response screen for antagonists of Angiotensin II Receptor Type 1 to assess selectivity of uHTS small molecule antagonists hits of the APJ receptor. (Class of assay: confirmatory) [Related pubchem assays: 2569, 2521 ]";"F";"BAO_0000019";"assay format";"Homo sapiens";"None";"None";"None";"None";"";"";"";"CHEMBL227";"Type-1 angiotensin II receptor";"Homo sapiens";"SINGLE PROTEIN";"CHEMBL1201862";"7";"PubChem BioAssays";"";"";"None";"";"";"";"29.122"
"CHEMBL1898721";"";"None";"592.70";"2";"5.42";"SID24785904";"Cc1ccc(NS(=O)(=O)c2cc([N+](=O)[O-])ccc2N/N=C/c2sc(N3CCOCC3)nc2-c2ccccc2)c(C)c1";"IC50";"'>'";"40000.0";"nM";"";"";"Not Active";"UO_0000065";"";"";"";"";"0";"CHEMBL1614336";"PUBCHEM_BIOASSAY: Dose Response screen for antagonists of Angiotensin II Receptor Type 1 to assess selectivity of uHTS small molecule antagonists hits of the APJ receptor. (Class of assay: confirmatory) [Related pubchem assays: 2569, 2521 ]";"F";"BAO_0000019";"assay format";"Homo sapiens";"None";"None";"None";"None";"";"";"";"CHEMBL227";"Type-1 angiotensin II receptor";"Homo sapiens";"SINGLE PROTEIN";"CHEMBL1201862";"7";"PubChem BioAssays";"";"";"None";"";"";"";"40.0"
"CHEMBL1366735";"";"None";"312.36";"0";"1.49";"SID49819830";"Cn1nnc(NC(=S)NC(=O)c2cccc3ccccc23)n1";"IC50";"'>'";"40000.0";"nM";"";"";"Not Active";"UO_0000065";"";"";"";"";"0";"CHEMBL1614336";"PUBCHEM_BIOASSAY: Dose Response screen for antagonists of Angiotensin II Receptor Type 1 to assess selectivity of uHTS small molecule antagonists hits of the APJ receptor. (Class of assay: confirmatory) [Related pubchem assays: 2569, 2521 ]";"F";"BAO_0000019";"assay format";"Homo sapiens";"None";"None";"None";"None";"";"";"";"CHEMBL227";"Type-1 angiotensin II receptor";"Homo sapiens";"SINGLE PROTEIN";"CHEMBL1201862";"7";"PubChem BioAssays";"";"";"None";"";"";"";"40.0"
"CHEMBL256042";"";"None";"343.36";"0";"3.25";"SID49724410";"Cc1ccc(S(=O)(=O)Nc2cccc3cccnc23)c([N+](=O)[O-])c1";"IC50";"'='";"8215.0";"nM";"5.08";"";"Active";"UO_0000065";"";"";"";"";"0";"CHEMBL1614336";"PUBCHEM_BIOASSAY: Dose Response screen for antagonists of Angiotensin II Receptor Type 1 to assess selectivity of uHTS small molecule antagonists hits of the APJ receptor. (Class of assay: confirmatory) [Related pubchem assays: 2569, 2521 ]";"F";"BAO_0000019";"assay format";"Homo sapiens";"None";"None";"None";"None";"";"";"";"CHEMBL227";"Type-1 angiotensin II receptor";"Homo sapiens";"SINGLE PROTEIN";"CHEMBL1201862";"7";"PubChem BioAssays";"";"";"None";"";"";"";"8.215"
"CHEMBL3197135";"";"None";"521.65";"1";"3.61";"SID17403342";"CN1/C(=c2/s/c(=C3/C(=O)N(c4ccccc4)N=C3Nc3ccccc3)n(C)c2=O)C(C)(C)c2ccccc21";"IC50";"'='";"26969.0";"nM";"4.57";"";"Not Active";"UO_0000065";"";"";"";"";"0";"CHEMBL1614336";"PUBCHEM_BIOASSAY: Dose Response screen for antagonists of Angiotensin II Receptor Type 1 to assess selectivity of uHTS small molecule antagonists hits of the APJ receptor. (Class of assay: confirmatory) [Related pubchem assays: 2569, 2521 ]";"F";"BAO_0000019";"assay format";"Homo sapiens";"None";"None";"None";"None";"";"";"";"CHEMBL227";"Type-1 angiotensin II receptor";"Homo sapiens";"SINGLE PROTEIN";"CHEMBL1201862";"7";"PubChem BioAssays";"";"";"None";"";"";"";"26.969"
"CHEMBL586135";"";"None";"295.35";"0";"3.04";"SID3713089";"Cc1ccc(Nc2cc(C)nn2-c2nc(C)cc(O)n2)cc1";"IC50";"'='";"1773.0";"nM";"5.75";"";"Active";"UO_0000065";"";"";"";"";"0";"CHEMBL1614336";"PUBCHEM_BIOASSAY: Dose Response screen for antagonists of Angiotensin II Receptor Type 1 to assess selectivity of uHTS small molecule antagonists hits of the APJ receptor. (Class of assay: confirmatory) [Related pubchem assays: 2569, 2521 ]";"F";"BAO_0000019";"assay format";"Homo sapiens";"None";"None";"None";"None";"";"";"";"CHEMBL227";"Type-1 angiotensin II receptor";"Homo sapiens";"SINGLE PROTEIN";"CHEMBL1201862";"7";"PubChem BioAssays";"";"";"None";"";"";"";"1.773"
"CHEMBL1485784";"";"None";"370.36";"0";"2.37";"SID17431779";"Cc1ccc(C(=O)NCC(=O)OCC(=O)c2ccc(C)c([N+](=O)[O-])c2)cc1";"IC50";"'='";"36392.0";"nM";"4.44";"";"Not Active";"UO_0000065";"";"";"";"";"0";"CHEMBL1614336";"PUBCHEM_BIOASSAY: Dose Response screen for antagonists of Angiotensin II Receptor Type 1 to assess selectivity of uHTS small molecule antagonists hits of the APJ receptor. (Class of assay: confirmatory) [Related pubchem assays: 2569, 2521 ]";"F";"BAO_0000019";"assay format";"Homo sapiens";"None";"None";"None";"None";"";"";"";"CHEMBL227";"Type-1 angiotensin II receptor";"Homo sapiens";"SINGLE PROTEIN";"CHEMBL1201862";"7";"PubChem BioAssays";"";"";"None";"";"";"";"36.392"
"CHEMBL1446600";"";"None";"370.36";"0";"1.99";"SID17412137";"Cc1ccc(C(=O)COC(=O)CNC(=O)Cc2ccccc2)cc1[N+](=O)[O-]";"IC50";"'>'";"40000.0";"nM";"";"";"Not Active";"UO_0000065";"";"";"";"";"0";"CHEMBL1614336";"PUBCHEM_BIOASSAY: Dose Response screen for antagonists of Angiotensin II Receptor Type 1 to assess selectivity of uHTS small molecule antagonists hits of the APJ receptor. (Class of assay: confirmatory) [Related pubchem assays: 2569, 2521 ]";"F";"BAO_0000019";"assay format";"Homo sapiens";"None";"None";"None";"None";"";"";"";"CHEMBL227";"Type-1 angiotensin II receptor";"Homo sapiens";"SINGLE PROTEIN";"CHEMBL1201862";"7";"PubChem BioAssays";"";"";"None";"";"";"";"40.0"
"CHEMBL488140";"";"None";"277.32";"0";"4.12";"SID49649577";"COc1cccc(/C=C/c2ccc3cccc(O)c3n2)c1";"IC50";"'='";"15100.0";"nM";"4.82";"";"Active";"UO_0000065";"";"";"";"";"0";"CHEMBL1614336";"PUBCHEM_BIOASSAY: Dose Response screen for antagonists of Angiotensin II Receptor Type 1 to assess selectivity of uHTS small molecule antagonists hits of the APJ receptor. (Class of assay: confirmatory) [Related pubchem assays: 2569, 2521 ]";"F";"BAO_0000019";"assay format";"Homo sapiens";"None";"None";"None";"None";"";"";"";"CHEMBL227";"Type-1 angiotensin II receptor";"Homo sapiens";"SINGLE PROTEIN";"CHEMBL1201862";"7";"PubChem BioAssays";"";"";"None";"";"";"";"15.1"
"CHEMBL3190971";"";"None";"326.38";"0";"2.25";"SID26660416";"Cc1ccc(S(=O)(=O)N/N=C/c2ccc3nccnc3c2)cc1";"IC50";"'>'";"40000.0";"nM";"";"";"Not Active";"UO_0000065";"";"";"";"";"0";"CHEMBL1614336";"PUBCHEM_BIOASSAY: Dose Response screen for antagonists of Angiotensin II Receptor Type 1 to assess selectivity of uHTS small molecule antagonists hits of the APJ receptor. (Class of assay: confirmatory) [Related pubchem assays: 2569, 2521 ]";"F";"BAO_0000019";"assay format";"Homo sapiens";"None";"None";"None";"None";"";"";"";"CHEMBL227";"Type-1 angiotensin II receptor";"Homo sapiens";"SINGLE PROTEIN";"CHEMBL1201862";"7";"PubChem BioAssays";"";"";"None";"";"";"";"40.0"
"CHEMBL571380";"";"None";"236.27";"0";"3.07";"SID49672313";"Cc1ccc(/N=C2\C(=O)Nc3ccccc32)cc1";"IC50";"'>'";"40000.0";"nM";"";"";"Not Active";"UO_0000065";"";"";"";"";"0";"CHEMBL1614336";"PUBCHEM_BIOASSAY: Dose Response screen for antagonists of Angiotensin II Receptor Type 1 to assess selectivity of uHTS small molecule antagonists hits of the APJ receptor. (Class of assay: confirmatory) [Related pubchem assays: 2569, 2521 ]";"F";"BAO_0000019";"assay format";"Homo sapiens";"None";"None";"None";"None";"";"";"";"CHEMBL227";"Type-1 angiotensin II receptor";"Homo sapiens";"SINGLE PROTEIN";"CHEMBL1201862";"7";"PubChem BioAssays";"";"";"None";"";"";"";"40.0"
"CHEMBL1550301";"";"None";"392.39";"0";"1.61";"SID17412138";"Cc1ccc(C(=O)COC(=O)CNS(=O)(=O)c2ccccc2)cc1[N+](=O)[O-]";"IC50";"'='";"32974.0";"nM";"4.48";"";"Not Active";"UO_0000065";"";"";"";"";"0";"CHEMBL1614336";"PUBCHEM_BIOASSAY: Dose Response screen for antagonists of Angiotensin II Receptor Type 1 to assess selectivity of uHTS small molecule antagonists hits of the APJ receptor. (Class of assay: confirmatory) [Related pubchem assays: 2569, 2521 ]";"F";"BAO_0000019";"assay format";"Homo sapiens";"None";"None";"None";"None";"";"";"";"CHEMBL227";"Type-1 angiotensin II receptor";"Homo sapiens";"SINGLE PROTEIN";"CHEMBL1201862";"7";"PubChem BioAssays";"";"";"None";"";"";"";"32.974"
"CHEMBL3735409";"";"None";"569.71";"2";"6.73";"8S";"CCCc1nc2c(C)cc(C(=O)NC[C@@H](C)c3ccccc3)cc2n1Cc1ccc(-c2ccccc2-c2nnn[nH]2)cc1";"IC50";"'='";"5.0";"nM";"8.30";"";"";"UO_0000065";"14.57";"0.26";"1.57";"8.19";"0";"CHEMBL3736606";"Displacement of [125I]Sar1Ile8-Ang2 from human AT1 receptor expressed in CHO-K1 cell membranes after 180 mins";"B";"BAO_0000219";"cell-based format";"Homo sapiens";"None";"None";"CHO-K1";"None";"";"";"";"CHEMBL227";"Type-1 angiotensin II receptor";"Homo sapiens";"SINGLE PROTEIN";"CHEMBL3734751";"1";"Scientific Literature";"Eur J Med Chem";"2015";"CHEMBL3307512";"";"";"";"5.0"
"CHEMBL2058863";"";"None";"615.74";"2";"6.18";"6j";"CCCc1nc2c(C)cc(C(=O)NCCc3cc(OC)ccc3OC)cc2n1Cc1ccc(-c2ccccc2-c2nnn[nH]2)cc1";"IC50";"'='";"78.0";"nM";"7.11";"";"";"UO_0000065";"11.54";"0.21";"0.93";"5.93";"0";"CHEMBL2061970";"Displacement of [125I]Sar1Ile8-Ang2 from angiotensin AT1 receptor after 180 mins by gamma counting";"B";"BAO_0000357";"single protein format";"Homo sapiens";"None";"None";"None";"None";"";"";"";"CHEMBL227";"Type-1 angiotensin II receptor";"Homo sapiens";"SINGLE PROTEIN";"CHEMBL2057074";"1";"Scientific Literature";"Bioorg Med Chem";"2012";"None";"";"";"";"78.0"
"CHEMBL2058865";"";"None";"573.68";"2";"6.30";"6l";"CCCc1nc2c(C)cc(C(=O)NCCc3ccccc3F)cc2n1Cc1ccc(-c2ccccc2-c2nnn[nH]2)cc1";"IC50";"'='";"37.6";"nM";"7.42";"";"";"UO_0000065";"12.94";"0.24";"1.12";"7.32";"0";"CHEMBL2061970";"Displacement of [125I]Sar1Ile8-Ang2 from angiotensin AT1 receptor after 180 mins by gamma counting";"B";"BAO_0000357";"single protein format";"Homo sapiens";"None";"None";"None";"None";"";"";"";"CHEMBL227";"Type-1 angiotensin II receptor";"Homo sapiens";"SINGLE PROTEIN";"CHEMBL2057074";"1";"Scientific Literature";"Bioorg Med Chem";"2012";"None";"";"";"";"37.6"
"CHEMBL1017";"TELMISARTAN";"4.0";"514.63";"2";"7.26";"Telmisartan";"CCCc1nc2c(C)cc(-c3nc4ccccc4n3C)cc2n1Cc1ccc(-c2ccccc2C(=O)O)cc1";"IC50";"'='";"1.0";"nM";"9.00";"";"";"UO_0000065";"17.49";"0.32";"1.74";"12.34";"0";"CHEMBL2061970";"Displacement of [125I]Sar1Ile8-Ang2 from angiotensin AT1 receptor after 180 mins by gamma counting";"B";"BAO_0000357";"single protein format";"Homo sapiens";"None";"None";"None";"None";"";"";"";"CHEMBL227";"Type-1 angiotensin II receptor";"Homo sapiens";"SINGLE PROTEIN";"CHEMBL2057074";"1";"Scientific Literature";"Bioorg Med Chem";"2012";"None";"";"";"";"1.0"
"CHEMBL339256";"";"None";"758.19";"2";"7.37";"22";"CCCCc1nn(-c2cc(NC(=O)CC)ccc2C(F)(F)F)c(=O)n1Cc1ccc(-c2ccccc2S(=O)(=O)NC(=O)c2ccccc2Cl)cc1F";"IC50";"'='";"0.25";"nM";"9.60";"";"";"UO_0000065";"12.66";"0.25";"2.23";"7.27";"0";"CHEMBL650313";"In vitro inhibitory activity against Angiotensin II receptor, type 1 in human adrenal membrane preparations. For this assay, only 0.02%BSA was present in the assay mixture.";"B";"BAO_0000249";"cell membrane format";"None";"None";"None";"None";"None";"";"";"";"CHEMBL227";"Type-1 angiotensin II receptor";"Homo sapiens";"SINGLE PROTEIN";"CHEMBL1128554";"1";"Scientific Literature";"J Med Chem";"1995";"None";"";"";"";"0.25"
"CHEMBL339722";"";"None";"716.23";"2";"6.07";"10";"CCCCc1nn(-c2cc(NC(=O)COCC)ccc2Cl)c(=O)n1Cc1ccc(-c2ccccc2S(=O)(=O)NC(=O)OC(C)(C)C)cc1F";"IC50";"'='";"0.56";"nM";"9.25";"";"";"UO_0000065";"12.92";"0.26";"3.18";"6.14";"0";"CHEMBL650312";"In vitro inhibitory activity against angiotensin II receptor type 1, in human adrenal membrane preparations.";"B";"BAO_0000249";"cell membrane format";"None";"None";"None";"None";"None";"";"";"";"CHEMBL227";"Type-1 angiotensin II receptor";"Homo sapiens";"SINGLE PROTEIN";"CHEMBL1128554";"1";"Scientific Literature";"J Med Chem";"1995";"None";"";"";"";"0.56"
"CHEMBL339722";"";"None";"716.23";"2";"6.07";"10";"CCCCc1nn(-c2cc(NC(=O)COCC)ccc2Cl)c(=O)n1Cc1ccc(-c2ccccc2S(=O)(=O)NC(=O)OC(C)(C)C)cc1F";"IC50";"'='";"0.38";"nM";"9.42";"";"";"UO_0000065";"13.15";"0.26";"3.35";"6.25";"0";"CHEMBL650313";"In vitro inhibitory activity against Angiotensin II receptor, type 1 in human adrenal membrane preparations. For this assay, only 0.02%BSA was present in the assay mixture.";"B";"BAO_0000249";"cell membrane format";"None";"None";"None";"None";"None";"";"";"";"CHEMBL227";"Type-1 angiotensin II receptor";"Homo sapiens";"SINGLE PROTEIN";"CHEMBL1128554";"1";"Scientific Literature";"J Med Chem";"1995";"None";"";"";"";"0.38"
"CHEMBL4854916";"";"None";"416.53";"0";"3.86";"19b";"CCCC[C@H]1N(Cc2ccc(-c3ccccc3-c3nnn[nH]3)cc2)C(=O)[C@H]2CCCN21";"IC50";"'='";"10000.0";"nM";"5.00";"";"";"UO_0000065";"";"";"";"";"0";"CHEMBL4839255";"Antagonist activity at human AT1 overexpressed in CHO-K1 cells in presence of 10 nM [Val5-angiotensin II measured after 90 mins by HTRF based IP-one assay";"F";"BAO_0000219";"cell-based format";"Homo sapiens";"None";"None";"CHO-K1";"None";"";"";"";"CHEMBL227";"Type-1 angiotensin II receptor";"Homo sapiens";"SINGLE PROTEIN";"CHEMBL4837242";"1";"Scientific Literature";"ACS Med Chem Lett";"2021";"None";"Dose = 10.0 nM | TIME = 1.5 hr";"ANTAGONIST";"";"10.0"
"CHEMBL2063979";"";"None";"388.48";"0";"3.61";"21";"CCCCc1cnc(CO)n1Cc1ccc(-c2ccccc2-c2nn[nH]n2)cc1";"IC50";"'='";"30.2";"nM";"7.52";"";"";"UO_0000065";"19.36";"0.35";"3.91";"8.13";"0";"CHEMBL2067441";"Displacement of 125[I-Sar1-Ile8]ANG II from human AT1 receptor expressed in HEK293 membranes after 1 hr by gamma counting";"B";"BAO_0000249";"cell membrane format";"Homo sapiens";"None";"None";"HEK293";"None";"";"";"";"CHEMBL227";"Type-1 angiotensin II receptor";"Homo sapiens";"SINGLE PROTEIN";"CHEMBL2062490";"1";"Scientific Literature";"Eur J Med Chem";"2012";"CHEMBL3307715";"";"";"";"7.52"
"CHEMBL2063984";"";"None";"402.46";"0";"3.82";"30";"CCCCc1cnc(C(=O)O)n1Cc1ccc(-c2ccccc2-c2nn[nH]n2)cc1";"IC50";"'='";"3.0";"nM";"8.52";"";"";"UO_0000065";"21.18";"0.39";"4.70";"7.78";"0";"CHEMBL2067441";"Displacement of 125[I-Sar1-Ile8]ANG II from human AT1 receptor expressed in HEK293 membranes after 1 hr by gamma counting";"B";"BAO_0000249";"cell membrane format";"Homo sapiens";"None";"None";"HEK293";"None";"";"";"";"CHEMBL227";"Type-1 angiotensin II receptor";"Homo sapiens";"SINGLE PROTEIN";"CHEMBL2062490";"1";"Scientific Literature";"Eur J Med Chem";"2012";"CHEMBL3307715";"";"";"";"3.0"
"CHEMBL1321817";"";"None";"470.34";"0";"3.78";"SID17509669";"O=C(NN=C(S)Nc1ccc(Cl)cc1Cl)c1ccc(N2CCOCC2)c([N+](=O)[O-])c1";"IC50";"'>'";"40000.0";"nM";"";"";"Not Active";"UO_0000065";"";"";"";"";"0";"CHEMBL1614336";"PUBCHEM_BIOASSAY: Dose Response screen for antagonists of Angiotensin II Receptor Type 1 to assess selectivity of uHTS small molecule antagonists hits of the APJ receptor. (Class of assay: confirmatory) [Related pubchem assays: 2569, 2521 ]";"F";"BAO_0000019";"assay format";"Homo sapiens";"None";"None";"None";"None";"";"";"";"CHEMBL227";"Type-1 angiotensin II receptor";"Homo sapiens";"SINGLE PROTEIN";"CHEMBL1201862";"7";"PubChem BioAssays";"";"";"None";"";"";"";"40.0"
"CHEMBL1303334";"";"None";"253.34";"0";"3.91";"SID47202478";"Cc1ccc(C(=O)CNc2cc(C)ccc2C)cc1";"IC50";"'='";"9852.0";"nM";"5.01";"";"Active";"UO_0000065";"";"";"";"";"0";"CHEMBL1614336";"PUBCHEM_BIOASSAY: Dose Response screen for antagonists of Angiotensin II Receptor Type 1 to assess selectivity of uHTS small molecule antagonists hits of the APJ receptor. (Class of assay: confirmatory) [Related pubchem assays: 2569, 2521 ]";"F";"BAO_0000019";"assay format";"Homo sapiens";"None";"None";"None";"None";"";"";"";"CHEMBL227";"Type-1 angiotensin II receptor";"Homo sapiens";"SINGLE PROTEIN";"CHEMBL1201862";"7";"PubChem BioAssays";"";"";"None";"";"";"";"9.852"
"CHEMBL1374750";"";"None";"346.80";"0";"2.14";"SID49820587";"Cn1nnc(NC(=S)NC(=O)c2cccc3c(Cl)cccc23)n1";"IC50";"'>'";"40000.0";"nM";"";"";"Not Active";"UO_0000065";"";"";"";"";"0";"CHEMBL1614336";"PUBCHEM_BIOASSAY: Dose Response screen for antagonists of Angiotensin II Receptor Type 1 to assess selectivity of uHTS small molecule antagonists hits of the APJ receptor. (Class of assay: confirmatory) [Related pubchem assays: 2569, 2521 ]";"F";"BAO_0000019";"assay format";"Homo sapiens";"None";"None";"None";"None";"";"";"";"CHEMBL227";"Type-1 angiotensin II receptor";"Homo sapiens";"SINGLE PROTEIN";"CHEMBL1201862";"7";"PubChem BioAssays";"";"";"None";"";"";"";"40.0"
"CHEMBL1597563";"";"None";"269.30";"0";"2.77";"SID3711949";"COC(=O)c1ccc(NCC(=O)c2ccccc2)cc1";"IC50";"'='";"13749.0";"nM";"4.86";"";"Active";"UO_0000065";"";"";"";"";"0";"CHEMBL1614336";"PUBCHEM_BIOASSAY: Dose Response screen for antagonists of Angiotensin II Receptor Type 1 to assess selectivity of uHTS small molecule antagonists hits of the APJ receptor. (Class of assay: confirmatory) [Related pubchem assays: 2569, 2521 ]";"F";"BAO_0000019";"assay format";"Homo sapiens";"None";"None";"None";"None";"";"";"";"CHEMBL227";"Type-1 angiotensin II receptor";"Homo sapiens";"SINGLE PROTEIN";"CHEMBL1201862";"7";"PubChem BioAssays";"";"";"None";"";"";"";"13.749"
"CHEMBL964";"DISULFIRAM";"4.0";"296.55";"0";"3.62";"SID56422197";"CCN(CC)C(=S)SSC(=S)N(CC)CC";"IC50";"'='";"6637.0";"nM";"5.18";"";"Active";"UO_0000065";"";"";"";"";"0";"CHEMBL1614336";"PUBCHEM_BIOASSAY: Dose Response screen for antagonists of Angiotensin II Receptor Type 1 to assess selectivity of uHTS small molecule antagonists hits of the APJ receptor. (Class of assay: confirmatory) [Related pubchem assays: 2569, 2521 ]";"F";"BAO_0000019";"assay format";"Homo sapiens";"None";"None";"None";"None";"";"";"";"CHEMBL227";"Type-1 angiotensin II receptor";"Homo sapiens";"SINGLE PROTEIN";"CHEMBL1201862";"7";"PubChem BioAssays";"";"";"None";"";"";"";"6.637"
"CHEMBL1334719";"";"None";"345.17";"0";"3.10";"SID24803942";"COC(=O)CSc1[nH]c2ccc(Br)cc2c1[N+](=O)[O-]";"IC50";"'>'";"40000.0";"nM";"";"";"Not Active";"UO_0000065";"";"";"";"";"0";"CHEMBL1614336";"PUBCHEM_BIOASSAY: Dose Response screen for antagonists of Angiotensin II Receptor Type 1 to assess selectivity of uHTS small molecule antagonists hits of the APJ receptor. (Class of assay: confirmatory) [Related pubchem assays: 2569, 2521 ]";"F";"BAO_0000019";"assay format";"Homo sapiens";"None";"None";"None";"None";"";"";"";"CHEMBL227";"Type-1 angiotensin II receptor";"Homo sapiens";"SINGLE PROTEIN";"CHEMBL1201862";"7";"PubChem BioAssays";"";"";"None";"";"";"";"40.0"
"CHEMBL1984138";"";"None";"422.84";"0";"2.63";"SID49820257";"Cc1ccc(-c2c(C(=O)N/N=C/c3cccc(Cl)c3)nnn2-c2nonc2N)cc1";"IC50";"'>'";"40000.0";"nM";"";"";"Not Active";"UO_0000065";"";"";"";"";"0";"CHEMBL1614336";"PUBCHEM_BIOASSAY: Dose Response screen for antagonists of Angiotensin II Receptor Type 1 to assess selectivity of uHTS small molecule antagonists hits of the APJ receptor. (Class of assay: confirmatory) [Related pubchem assays: 2569, 2521 ]";"F";"BAO_0000019";"assay format";"Homo sapiens";"None";"None";"None";"None";"";"";"";"CHEMBL227";"Type-1 angiotensin II receptor";"Homo sapiens";"SINGLE PROTEIN";"CHEMBL1201862";"7";"PubChem BioAssays";"";"";"None";"";"";"";"40.0"
"CHEMBL1344824";"";"None";"286.20";"0";"3.91";"SID24829652";"CC1CCCN(CC(=O)c2ccc(Cl)c(Cl)c2)C1";"IC50";"'='";"4756.0";"nM";"5.32";"";"Active";"UO_0000065";"";"";"";"";"0";"CHEMBL1614336";"PUBCHEM_BIOASSAY: Dose Response screen for antagonists of Angiotensin II Receptor Type 1 to assess selectivity of uHTS small molecule antagonists hits of the APJ receptor. (Class of assay: confirmatory) [Related pubchem assays: 2569, 2521 ]";"F";"BAO_0000019";"assay format";"Homo sapiens";"None";"None";"None";"None";"";"";"";"CHEMBL227";"Type-1 angiotensin II receptor";"Homo sapiens";"SINGLE PROTEIN";"CHEMBL1201862";"7";"PubChem BioAssays";"";"";"None";"";"";"";"4.756"
"CHEMBL1552207";"";"None";"458.47";"0";"3.10";"SID85271426";"COc1cc(OC)cc(C(=O)N[C@H](C(=O)OCC(=O)c2ccc(C)c([N+](=O)[O-])c2)C(C)C)c1";"IC50";"'>'";"40000.0";"nM";"";"";"Not Active";"UO_0000065";"";"";"";"";"0";"CHEMBL1614336";"PUBCHEM_BIOASSAY: Dose Response screen for antagonists of Angiotensin II Receptor Type 1 to assess selectivity of uHTS small molecule antagonists hits of the APJ receptor. (Class of assay: confirmatory) [Related pubchem assays: 2569, 2521 ]";"F";"BAO_0000019";"assay format";"Homo sapiens";"None";"None";"None";"None";"";"";"";"CHEMBL227";"Type-1 angiotensin II receptor";"Homo sapiens";"SINGLE PROTEIN";"CHEMBL1201862";"7";"PubChem BioAssays";"";"";"None";"";"";"";"40.0"
"CHEMBL1454235";"";"None";"375.86";"0";"1.95";"SID865625";"CCn1c(=O)cc(N=C2NCC(C)CN2c2cccc(Cl)c2)n(C)c1=O";"IC50";"'>'";"40000.0";"nM";"";"";"Not Active";"UO_0000065";"";"";"";"";"0";"CHEMBL1614336";"PUBCHEM_BIOASSAY: Dose Response screen for antagonists of Angiotensin II Receptor Type 1 to assess selectivity of uHTS small molecule antagonists hits of the APJ receptor. (Class of assay: confirmatory) [Related pubchem assays: 2569, 2521 ]";"F";"BAO_0000019";"assay format";"Homo sapiens";"None";"None";"None";"None";"";"";"";"CHEMBL227";"Type-1 angiotensin II receptor";"Homo sapiens";"SINGLE PROTEIN";"CHEMBL1201862";"7";"PubChem BioAssays";"";"";"None";"";"";"";"40.0"
"CHEMBL1463829";"";"None";"406.44";"0";"4.41";"SID857769";"CCCCn1c(NC(=O)c2ccco2)c(C(=O)OCC)c2nc3ccccc3nc21";"IC50";"'='";"10393.0";"nM";"4.98";"";"Active";"UO_0000065";"";"";"";"";"0";"CHEMBL1614336";"PUBCHEM_BIOASSAY: Dose Response screen for antagonists of Angiotensin II Receptor Type 1 to assess selectivity of uHTS small molecule antagonists hits of the APJ receptor. (Class of assay: confirmatory) [Related pubchem assays: 2569, 2521 ]";"F";"BAO_0000019";"assay format";"Homo sapiens";"None";"None";"None";"None";"";"";"";"CHEMBL227";"Type-1 angiotensin II receptor";"Homo sapiens";"SINGLE PROTEIN";"CHEMBL1201862";"7";"PubChem BioAssays";"";"";"None";"";"";"";"10.393"
"CHEMBL1521897";"";"None";"321.38";"0";"3.83";"SID14741408";"C=CCN(CC=C)Cc1c(O)ccc2c1oc(=O)c1ccccc12";"IC50";"'>'";"40000.0";"nM";"";"";"Not Active";"UO_0000065";"";"";"";"";"0";"CHEMBL1614336";"PUBCHEM_BIOASSAY: Dose Response screen for antagonists of Angiotensin II Receptor Type 1 to assess selectivity of uHTS small molecule antagonists hits of the APJ receptor. (Class of assay: confirmatory) [Related pubchem assays: 2569, 2521 ]";"F";"BAO_0000019";"assay format";"Homo sapiens";"None";"None";"None";"None";"";"";"";"CHEMBL227";"Type-1 angiotensin II receptor";"Homo sapiens";"SINGLE PROTEIN";"CHEMBL1201862";"7";"PubChem BioAssays";"";"";"None";"";"";"";"40.0"
"CHEMBL1466556";"";"None";"300.27";"0";"2.34";"SID22416114";"Cc1ccc(C(=O)COC(=O)c2ccncc2)cc1[N+](=O)[O-]";"IC50";"'='";"19983.0";"nM";"4.70";"";"Active";"UO_0000065";"";"";"";"";"0";"CHEMBL1614336";"PUBCHEM_BIOASSAY: Dose Response screen for antagonists of Angiotensin II Receptor Type 1 to assess selectivity of uHTS small molecule antagonists hits of the APJ receptor. (Class of assay: confirmatory) [Related pubchem assays: 2569, 2521 ]";"F";"BAO_0000019";"assay format";"Homo sapiens";"None";"None";"None";"None";"";"";"";"CHEMBL227";"Type-1 angiotensin II receptor";"Homo sapiens";"SINGLE PROTEIN";"CHEMBL1201862";"7";"PubChem BioAssays";"";"";"None";"";"";"";"19.983"
"CHEMBL1405610";"";"None";"436.31";"0";"4.51";"SID14746760";"O=C1Nc2ccc(Br)cc2C1=Nc1ccc(-c2nnc3n2CCCCC3)cc1";"IC50";"'='";"29371.0";"nM";"4.53";"";"Not Active";"UO_0000065";"";"";"";"";"0";"CHEMBL1614336";"PUBCHEM_BIOASSAY: Dose Response screen for antagonists of Angiotensin II Receptor Type 1 to assess selectivity of uHTS small molecule antagonists hits of the APJ receptor. (Class of assay: confirmatory) [Related pubchem assays: 2569, 2521 ]";"F";"BAO_0000019";"assay format";"Homo sapiens";"None";"None";"None";"None";"";"";"";"CHEMBL227";"Type-1 angiotensin II receptor";"Homo sapiens";"SINGLE PROTEIN";"CHEMBL1201862";"7";"PubChem BioAssays";"";"";"None";"";"";"";"29.371"
"CHEMBL1523699";"";"None";"425.46";"0";"1.82";"SID864288";"COC(=O)CS(=O)(=O)c1nnc([C@H](Cc2ccccc2)NC(=O)OC(C)(C)C)o1";"IC50";"'='";"12370.0";"nM";"4.91";"";"Active";"UO_0000065";"";"";"";"";"0";"CHEMBL1614336";"PUBCHEM_BIOASSAY: Dose Response screen for antagonists of Angiotensin II Receptor Type 1 to assess selectivity of uHTS small molecule antagonists hits of the APJ receptor. (Class of assay: confirmatory) [Related pubchem assays: 2569, 2521 ]";"F";"BAO_0000019";"assay format";"Homo sapiens";"None";"None";"None";"None";"";"";"";"CHEMBL227";"Type-1 angiotensin II receptor";"Homo sapiens";"SINGLE PROTEIN";"CHEMBL1201862";"7";"PubChem BioAssays";"";"";"None";"";"";"";"12.37"
"CHEMBL1613520";"";"None";"259.28";"0";"3.13";"SID49677197";"COc1ccc(C(=O)CNc2cccc(F)c2)cc1";"IC50";"'='";"27963.0";"nM";"4.55";"";"Not Active";"UO_0000065";"";"";"";"";"0";"CHEMBL1614336";"PUBCHEM_BIOASSAY: Dose Response screen for antagonists of Angiotensin II Receptor Type 1 to assess selectivity of uHTS small molecule antagonists hits of the APJ receptor. (Class of assay: confirmatory) [Related pubchem assays: 2569, 2521 ]";"F";"BAO_0000019";"assay format";"Homo sapiens";"None";"None";"None";"None";"";"";"";"CHEMBL227";"Type-1 angiotensin II receptor";"Homo sapiens";"SINGLE PROTEIN";"CHEMBL1201862";"7";"PubChem BioAssays";"";"";"None";"";"";"";"27.963"
"CHEMBL3208943";"";"None";"443.59";"1";"5.59";"SID7973917";"CCOCCO/C(O)=C1\C(C)=NC2=C(C(=O)CC(c3cccs3)C2)C1c1ccsc1";"IC50";"'>'";"40000.0";"nM";"";"";"Not Active";"UO_0000065";"";"";"";"";"0";"CHEMBL1614336";"PUBCHEM_BIOASSAY: Dose Response screen for antagonists of Angiotensin II Receptor Type 1 to assess selectivity of uHTS small molecule antagonists hits of the APJ receptor. (Class of assay: confirmatory) [Related pubchem assays: 2569, 2521 ]";"F";"BAO_0000019";"assay format";"Homo sapiens";"None";"None";"None";"None";"";"";"";"CHEMBL227";"Type-1 angiotensin II receptor";"Homo sapiens";"SINGLE PROTEIN";"CHEMBL1201862";"7";"PubChem BioAssays";"";"";"None";"";"";"";"40.0"
"CHEMBL1509162";"";"None";"245.28";"0";"2.36";"SID26726446";"Cc1cc(C(=O)NNc2ccc(C)c(C)c2)no1";"IC50";"'='";"8578.0";"nM";"5.07";"";"Active";"UO_0000065";"";"";"";"";"0";"CHEMBL1614336";"PUBCHEM_BIOASSAY: Dose Response screen for antagonists of Angiotensin II Receptor Type 1 to assess selectivity of uHTS small molecule antagonists hits of the APJ receptor. (Class of assay: confirmatory) [Related pubchem assays: 2569, 2521 ]";"F";"BAO_0000019";"assay format";"Homo sapiens";"None";"None";"None";"None";"";"";"";"CHEMBL227";"Type-1 angiotensin II receptor";"Homo sapiens";"SINGLE PROTEIN";"CHEMBL1201862";"7";"PubChem BioAssays";"";"";"None";"";"";"";"8.578"
"CHEMBL1485503";"";"None";"406.91";"0";"4.85";"SID24813764";"CC1(C)CC2(CC(c3ccccc3F)c3cc(Cl)c(O)cc3O2)N=C(S)N1";"IC50";"'>'";"40000.0";"nM";"";"";"Not Active";"UO_0000065";"";"";"";"";"0";"CHEMBL1614336";"PUBCHEM_BIOASSAY: Dose Response screen for antagonists of Angiotensin II Receptor Type 1 to assess selectivity of uHTS small molecule antagonists hits of the APJ receptor. (Class of assay: confirmatory) [Related pubchem assays: 2569, 2521 ]";"F";"BAO_0000019";"assay format";"Homo sapiens";"None";"None";"None";"None";"";"";"";"CHEMBL227";"Type-1 angiotensin II receptor";"Homo sapiens";"SINGLE PROTEIN";"CHEMBL1201862";"7";"PubChem BioAssays";"";"";"None";"";"";"";"40.0"
"CHEMBL1491932";"";"None";"321.38";"0";"4.52";"SID49669883";"CCOc1cccc(/C=C/c2ccc3cccc(O)c3n2)c1OC";"IC50";"'='";"16565.0";"nM";"4.78";"";"Active";"UO_0000065";"";"";"";"";"0";"CHEMBL1614336";"PUBCHEM_BIOASSAY: Dose Response screen for antagonists of Angiotensin II Receptor Type 1 to assess selectivity of uHTS small molecule antagonists hits of the APJ receptor. (Class of assay: confirmatory) [Related pubchem assays: 2569, 2521 ]";"F";"BAO_0000019";"assay format";"Homo sapiens";"None";"None";"None";"None";"";"";"";"CHEMBL227";"Type-1 angiotensin II receptor";"Homo sapiens";"SINGLE PROTEIN";"CHEMBL1201862";"7";"PubChem BioAssays";"";"";"None";"";"";"";"16.565"
"CHEMBL2058588";"";"None";"541.66";"2";"6.12";"6a";"CCCc1nc2c(C)cc(C(=O)NCc3ccccc3)cc2n1Cc1ccc(-c2ccccc2-c2nnn[nH]2)cc1";"IC50";"'='";"410.0";"nM";"6.39";"";"";"UO_0000065";"11.79";"0.21";"0.27";"6.30";"0";"CHEMBL2061970";"Displacement of [125I]Sar1Ile8-Ang2 from angiotensin AT1 receptor after 180 mins by gamma counting";"B";"BAO_0000357";"single protein format";"Homo sapiens";"None";"None";"None";"None";"";"";"";"CHEMBL227";"Type-1 angiotensin II receptor";"Homo sapiens";"SINGLE PROTEIN";"CHEMBL2057074";"1";"Scientific Literature";"Bioorg Med Chem";"2012";"None";"";"";"";"410.0"
"CHEMBL2058860";"";"None";"569.71";"2";"6.73";"6g";"CCCc1nc2c(C)cc(C(=O)NCC(C)c3ccccc3)cc2n1Cc1ccc(-c2ccccc2-c2nnn[nH]2)cc1";"IC50";"'='";"0.9";"nM";"9.05";"";"";"UO_0000065";"15.88";"0.29";"2.32";"8.92";"0";"CHEMBL2061970";"Displacement of [125I]Sar1Ile8-Ang2 from angiotensin AT1 receptor after 180 mins by gamma counting";"B";"BAO_0000357";"single protein format";"Homo sapiens";"None";"None";"None";"None";"";"";"";"CHEMBL227";"Type-1 angiotensin II receptor";"Homo sapiens";"SINGLE PROTEIN";"CHEMBL2057074";"1";"Scientific Literature";"Bioorg Med Chem";"2012";"None";"";"";"";"0.9"
"CHEMBL3752444";"";"None";"570.66";"2";"6.03";"1i";"CCCc1nc2c(C)cc(C(=O)Nc3ccccc3)cc2n1Cc1ccc(-c2ccccc2C(=O)Nc2nnn[nH]2)cc1";"IC50";"'='";"73.7";"nM";"7.13";"";"";"UO_0000065";"12.50";"0.23";"1.10";"5.47";"0";"CHEMBL3757817";"Displacement of 125I-labelled Sar1-Ile8-angiotensin-2 from human AT1 receptor";"B";"BAO_0000357";"single protein format";"Homo sapiens";"None";"None";"None";"None";"";"";"";"CHEMBL227";"Type-1 angiotensin II receptor";"Homo sapiens";"SINGLE PROTEIN";"CHEMBL3751753";"1";"Scientific Literature";"Medchemcomm";"2015";"None";"";"";"";"73.7"
"CHEMBL3751899";"";"None";"600.68";"2";"6.04";"1j";"CCCc1nc2c(C)cc(C(=O)Nc3ccccc3OC)cc2n1Cc1ccc(-c2ccccc2C(=O)Nc2nnn[nH]2)cc1";"IC50";"'='";"347.0";"nM";"6.46";"";"";"UO_0000065";"10.75";"0.20";"0.42";"4.62";"0";"CHEMBL3757817";"Displacement of 125I-labelled Sar1-Ile8-angiotensin-2 from human AT1 receptor";"B";"BAO_0000357";"single protein format";"Homo sapiens";"None";"None";"None";"None";"";"";"";"CHEMBL227";"Type-1 angiotensin II receptor";"Homo sapiens";"SINGLE PROTEIN";"CHEMBL3751753";"1";"Scientific Literature";"Medchemcomm";"2015";"None";"";"";"";"347.0"
"CHEMBL2058856";"";"None";"571.69";"2";"6.13";"6c";"CCCc1nc2c(C)cc(C(=O)NCc3cccc(OC)c3)cc2n1Cc1ccc(-c2ccccc2-c2nnn[nH]2)cc1";"IC50";"'='";"78.3";"nM";"7.11";"";"";"UO_0000065";"12.43";"0.23";"0.98";"6.42";"0";"CHEMBL2061970";"Displacement of [125I]Sar1Ile8-Ang2 from angiotensin AT1 receptor after 180 mins by gamma counting";"B";"BAO_0000357";"single protein format";"Homo sapiens";"None";"None";"None";"None";"";"";"";"CHEMBL227";"Type-1 angiotensin II receptor";"Homo sapiens";"SINGLE PROTEIN";"CHEMBL2057074";"1";"Scientific Literature";"Bioorg Med Chem";"2012";"None";"";"";"";"78.3"
"CHEMBL191";"LOSARTAN";"4.0";"422.92";"0";"4.27";"Losartan DuP-753";"CCCCc1nc(Cl)c(CO)n1Cc1ccc(-c2ccccc2-c2nnn[nH]2)cc1";"IC50";"'='";"16.2";"nM";"7.79";"";"";"UO_0000065";"18.42";"0.35";"3.52";"8.42";"0";"CHEMBL2061970";"Displacement of [125I]Sar1Ile8-Ang2 from angiotensin AT1 receptor after 180 mins by gamma counting";"B";"BAO_0000357";"single protein format";"Homo sapiens";"None";"None";"None";"None";"";"";"";"CHEMBL227";"Type-1 angiotensin II receptor";"Homo sapiens";"SINGLE PROTEIN";"CHEMBL2057074";"1";"Scientific Literature";"Bioorg Med Chem";"2012";"None";"";"";"";"16.2"
"CHEMBL2063983";"";"None";"386.46";"0";"3.93";"29";"CCCCc1cnc(C=O)n1Cc1ccc(-c2ccccc2-c2nn[nH]n2)cc1";"IC50";"'='";"24.0";"nM";"7.62";"";"";"UO_0000065";"19.72";"0.36";"3.69";"8.53";"0";"CHEMBL2067441";"Displacement of 125[I-Sar1-Ile8]ANG II from human AT1 receptor expressed in HEK293 membranes after 1 hr by gamma counting";"B";"BAO_0000249";"cell membrane format";"Homo sapiens";"None";"None";"HEK293";"None";"";"";"";"CHEMBL227";"Type-1 angiotensin II receptor";"Homo sapiens";"SINGLE PROTEIN";"CHEMBL2062490";"1";"Scientific Literature";"Eur J Med Chem";"2012";"CHEMBL3307715";"";"";"";"24.0"
"CHEMBL55508";"";"None";"380.51";"1";"5.05";"3";"CCCCc1ncc(/C=C(\Cc2cccs2)C(=O)O)n1Cc1ccccc1";"IC50";"'='";"440.0";"nM";"6.36";"";"";"UO_0000065";"16.71";"0.32";"1.31";"11.53";"0";"CHEMBL648565";"Tested for binding affinity to Angiotensin II receptor, type 1";"B";"BAO_0000357";"single protein format";"None";"None";"None";"None";"None";"";"";"";"CHEMBL227";"Type-1 angiotensin II receptor";"Homo sapiens";"SINGLE PROTEIN";"CHEMBL1152092";"1";"Scientific Literature";"Bioorg Med Chem Lett";"1994";"None";"";"";"";"440.0"
"CHEMBL339256";"";"None";"758.19";"2";"7.37";"22";"CCCCc1nn(-c2cc(NC(=O)CC)ccc2C(F)(F)F)c(=O)n1Cc1ccc(-c2ccccc2S(=O)(=O)NC(=O)c2ccccc2Cl)cc1F";"IC50";"'='";"0.43";"nM";"9.37";"";"";"UO_0000065";"12.35";"0.25";"2.00";"7.09";"0";"CHEMBL650312";"In vitro inhibitory activity against angiotensin II receptor type 1, in human adrenal membrane preparations.";"B";"BAO_0000249";"cell membrane format";"None";"None";"None";"None";"None";"";"";"";"CHEMBL227";"Type-1 angiotensin II receptor";"Homo sapiens";"SINGLE PROTEIN";"CHEMBL1128554";"1";"Scientific Literature";"J Med Chem";"1995";"None";"";"";"";"0.43"
"CHEMBL1384529";"";"None";"369.47";"0";"4.01";"SID49668784";"CC(=O)Oc1ccc(/C=C2/SC(=S)N(Cc3ccccc3)C2=O)cc1";"IC50";"'>'";"40000.0";"nM";"";"";"Not Active";"UO_0000065";"";"";"";"";"0";"CHEMBL1614336";"PUBCHEM_BIOASSAY: Dose Response screen for antagonists of Angiotensin II Receptor Type 1 to assess selectivity of uHTS small molecule antagonists hits of the APJ receptor. (Class of assay: confirmatory) [Related pubchem assays: 2569, 2521 ]";"F";"BAO_0000019";"assay format";"Homo sapiens";"None";"None";"None";"None";"";"";"";"CHEMBL227";"Type-1 angiotensin II receptor";"Homo sapiens";"SINGLE PROTEIN";"CHEMBL1201862";"7";"PubChem BioAssays";"";"";"None";"";"";"";"40.0"
"CHEMBL1561";"MIGLITOL";"4.0";"207.23";"0";"-3.26";"SID49681630";"OCCN1C[C@H](O)[C@@H](O)[C@H](O)[C@H]1CO";"IC50";"'>'";"40000.0";"nM";"";"";"Not Active";"UO_0000065";"";"";"";"";"0";"CHEMBL1614336";"PUBCHEM_BIOASSAY: Dose Response screen for antagonists of Angiotensin II Receptor Type 1 to assess selectivity of uHTS small molecule antagonists hits of the APJ receptor. (Class of assay: confirmatory) [Related pubchem assays: 2569, 2521 ]";"F";"BAO_0000019";"assay format";"Homo sapiens";"None";"None";"None";"None";"";"";"";"CHEMBL227";"Type-1 angiotensin II receptor";"Homo sapiens";"SINGLE PROTEIN";"CHEMBL1201862";"7";"PubChem BioAssays";"";"";"None";"";"";"";"40.0"
"CHEMBL528694";"";"None";"268.35";"0";"3.65";"SID14726352";"Cc1cccnc1Nc1nc(-c2ccccn2)cs1";"IC50";"'='";"2238.0";"nM";"5.65";"";"Active";"UO_0000065";"";"";"";"";"0";"CHEMBL1614336";"PUBCHEM_BIOASSAY: Dose Response screen for antagonists of Angiotensin II Receptor Type 1 to assess selectivity of uHTS small molecule antagonists hits of the APJ receptor. (Class of assay: confirmatory) [Related pubchem assays: 2569, 2521 ]";"F";"BAO_0000019";"assay format";"Homo sapiens";"None";"None";"None";"None";"";"";"";"CHEMBL227";"Type-1 angiotensin II receptor";"Homo sapiens";"SINGLE PROTEIN";"CHEMBL1201862";"7";"PubChem BioAssays";"";"";"None";"";"";"";"2.238"
"CHEMBL1442884";"";"None";"334.40";"1";"5.42";"SID22411140";"Cn1c(O)c(N=Nc2nc(-c3ccccc3)cs2)c2ccccc21";"IC50";"'>'";"40000.0";"nM";"";"";"Not Active";"UO_0000065";"";"";"";"";"0";"CHEMBL1614336";"PUBCHEM_BIOASSAY: Dose Response screen for antagonists of Angiotensin II Receptor Type 1 to assess selectivity of uHTS small molecule antagonists hits of the APJ receptor. (Class of assay: confirmatory) [Related pubchem assays: 2569, 2521 ]";"F";"BAO_0000019";"assay format";"Homo sapiens";"None";"None";"None";"None";"";"";"";"CHEMBL227";"Type-1 angiotensin II receptor";"Homo sapiens";"SINGLE PROTEIN";"CHEMBL1201862";"7";"PubChem BioAssays";"";"";"None";"";"";"";"40.0"
"CHEMBL1416184";"";"None";"389.42";"0";"3.30";"SID17402029";"O=[N+]([O-])c1c(NCCO)cc(Sc2nc3ccccc3s2)c2nonc12";"IC50";"'='";"1898.0";"nM";"5.72";"";"Active";"UO_0000065";"";"";"";"";"0";"CHEMBL1614336";"PUBCHEM_BIOASSAY: Dose Response screen for antagonists of Angiotensin II Receptor Type 1 to assess selectivity of uHTS small molecule antagonists hits of the APJ receptor. (Class of assay: confirmatory) [Related pubchem assays: 2569, 2521 ]";"F";"BAO_0000019";"assay format";"Homo sapiens";"None";"None";"None";"None";"";"";"";"CHEMBL227";"Type-1 angiotensin II receptor";"Homo sapiens";"SINGLE PROTEIN";"CHEMBL1201862";"7";"PubChem BioAssays";"";"";"None";"";"";"";"1.898"
"CHEMBL1443205";"";"None";"304.40";"0";"4.07";"SID864349";"c1ccc(-c2nc(N3CCCCCC3)c3ccccc3n2)nc1";"IC50";"'>'";"40000.0";"nM";"";"";"Not Active";"UO_0000065";"";"";"";"";"0";"CHEMBL1614336";"PUBCHEM_BIOASSAY: Dose Response screen for antagonists of Angiotensin II Receptor Type 1 to assess selectivity of uHTS small molecule antagonists hits of the APJ receptor. (Class of assay: confirmatory) [Related pubchem assays: 2569, 2521 ]";"F";"BAO_0000019";"assay format";"Homo sapiens";"None";"None";"None";"None";"";"";"";"CHEMBL227";"Type-1 angiotensin II receptor";"Homo sapiens";"SINGLE PROTEIN";"CHEMBL1201862";"7";"PubChem BioAssays";"";"";"None";"";"";"";"40.0"
"CHEMBL1504620";"";"None";"401.49";"0";"4.37";"SID24811955";"CCN1CCN(c2ncnc3c2c(-c2ccccc2)cn3-c2ccc(F)cc2)CC1";"IC50";"'>'";"40000.0";"nM";"";"";"Not Active";"UO_0000065";"";"";"";"";"0";"CHEMBL1614336";"PUBCHEM_BIOASSAY: Dose Response screen for antagonists of Angiotensin II Receptor Type 1 to assess selectivity of uHTS small molecule antagonists hits of the APJ receptor. (Class of assay: confirmatory) [Related pubchem assays: 2569, 2521 ]";"F";"BAO_0000019";"assay format";"Homo sapiens";"None";"None";"None";"None";"";"";"";"CHEMBL227";"Type-1 angiotensin II receptor";"Homo sapiens";"SINGLE PROTEIN";"CHEMBL1201862";"7";"PubChem BioAssays";"";"";"None";"";"";"";"40.0"
"CHEMBL1374155";"";"None";"409.51";"0";"4.43";"SID74373567";"COC(=O)C1=C(C)N(Cc2ccccc2)C(NCC(C)C)=N[C@H]1c1cccc(F)c1";"IC50";"'>'";"40000.0";"nM";"";"";"Not Active";"UO_0000065";"";"";"";"";"0";"CHEMBL1614336";"PUBCHEM_BIOASSAY: Dose Response screen for antagonists of Angiotensin II Receptor Type 1 to assess selectivity of uHTS small molecule antagonists hits of the APJ receptor. (Class of assay: confirmatory) [Related pubchem assays: 2569, 2521 ]";"F";"BAO_0000019";"assay format";"Homo sapiens";"None";"None";"None";"None";"";"";"";"CHEMBL227";"Type-1 angiotensin II receptor";"Homo sapiens";"SINGLE PROTEIN";"CHEMBL1201862";"7";"PubChem BioAssays";"";"";"None";"";"";"";"40.0"
"CHEMBL1582697";"";"None";"375.09";"0";"4.57";"SID49675755";"O=C(CNc1ccc(Br)cc1)c1ccc(Br)s1";"IC50";"'='";"14685.0";"nM";"4.83";"";"Active";"UO_0000065";"";"";"";"";"0";"CHEMBL1614336";"PUBCHEM_BIOASSAY: Dose Response screen for antagonists of Angiotensin II Receptor Type 1 to assess selectivity of uHTS small molecule antagonists hits of the APJ receptor. (Class of assay: confirmatory) [Related pubchem assays: 2569, 2521 ]";"F";"BAO_0000019";"assay format";"Homo sapiens";"None";"None";"None";"None";"";"";"";"CHEMBL227";"Type-1 angiotensin II receptor";"Homo sapiens";"SINGLE PROTEIN";"CHEMBL1201862";"7";"PubChem BioAssays";"";"";"None";"";"";"";"14.685"
"CHEMBL1456428";"";"None";"360.79";"0";"4.60";"SID16953248";"Cc1ccccc1N=C(S)NNc1ncc(C(F)(F)F)cc1Cl";"IC50";"'='";"39328.0";"nM";"4.41";"";"Not Active";"UO_0000065";"";"";"";"";"0";"CHEMBL1614336";"PUBCHEM_BIOASSAY: Dose Response screen for antagonists of Angiotensin II Receptor Type 1 to assess selectivity of uHTS small molecule antagonists hits of the APJ receptor. (Class of assay: confirmatory) [Related pubchem assays: 2569, 2521 ]";"F";"BAO_0000019";"assay format";"Homo sapiens";"None";"None";"None";"None";"";"";"";"CHEMBL227";"Type-1 angiotensin II receptor";"Homo sapiens";"SINGLE PROTEIN";"CHEMBL1201862";"7";"PubChem BioAssays";"";"";"None";"";"";"";"39.328"
"CHEMBL1601013";"";"None";"465.56";"0";"2.30";"SID14746294";"COc1cc(NS(=O)(=O)c2ccc(NC(=S)NC(=O)C3CCCC3)cc2)nc(OC)n1";"IC50";"'>'";"40000.0";"nM";"";"";"Not Active";"UO_0000065";"";"";"";"";"0";"CHEMBL1614336";"PUBCHEM_BIOASSAY: Dose Response screen for antagonists of Angiotensin II Receptor Type 1 to assess selectivity of uHTS small molecule antagonists hits of the APJ receptor. (Class of assay: confirmatory) [Related pubchem assays: 2569, 2521 ]";"F";"BAO_0000019";"assay format";"Homo sapiens";"None";"None";"None";"None";"";"";"";"CHEMBL227";"Type-1 angiotensin II receptor";"Homo sapiens";"SINGLE PROTEIN";"CHEMBL1201862";"7";"PubChem BioAssays";"";"";"None";"";"";"";"40.0"
"CHEMBL3210072";"";"None";"328.33";"0";"2.30";"SID17401334";"C/C(=N\NC(=O)C(C)Oc1ccc([N+](=O)[O-])cc1)c1ccccn1";"IC50";"'='";"9481.0";"nM";"5.02";"";"Active";"UO_0000065";"";"";"";"";"0";"CHEMBL1614336";"PUBCHEM_BIOASSAY: Dose Response screen for antagonists of Angiotensin II Receptor Type 1 to assess selectivity of uHTS small molecule antagonists hits of the APJ receptor. (Class of assay: confirmatory) [Related pubchem assays: 2569, 2521 ]";"F";"BAO_0000019";"assay format";"Homo sapiens";"None";"None";"None";"None";"";"";"";"CHEMBL227";"Type-1 angiotensin II receptor";"Homo sapiens";"SINGLE PROTEIN";"CHEMBL1201862";"7";"PubChem BioAssays";"";"";"None";"";"";"";"9.481"
"CHEMBL1428950";"";"None";"353.72";"0";"3.60";"SID17413055";"O=C1c2cccc3c([N+](=O)[O-])ccc(c23)C(=O)N1c1ccc(Cl)cn1";"IC50";"'='";"15495.0";"nM";"4.81";"";"Active";"UO_0000065";"";"";"";"";"0";"CHEMBL1614336";"PUBCHEM_BIOASSAY: Dose Response screen for antagonists of Angiotensin II Receptor Type 1 to assess selectivity of uHTS small molecule antagonists hits of the APJ receptor. (Class of assay: confirmatory) [Related pubchem assays: 2569, 2521 ]";"F";"BAO_0000019";"assay format";"Homo sapiens";"None";"None";"None";"None";"";"";"";"CHEMBL227";"Type-1 angiotensin II receptor";"Homo sapiens";"SINGLE PROTEIN";"CHEMBL1201862";"7";"PubChem BioAssays";"";"";"None";"";"";"";"15.495"
"CHEMBL3190347";"";"None";"399.54";"1";"5.57";"SID14721057";"CCOC(=O)C1=C(C)N=C2CC(c3cccs3)CC(O)=C2C1c1cccs1";"IC50";"'='";"35987.0";"nM";"4.44";"";"Not Active";"UO_0000065";"";"";"";"";"0";"CHEMBL1614336";"PUBCHEM_BIOASSAY: Dose Response screen for antagonists of Angiotensin II Receptor Type 1 to assess selectivity of uHTS small molecule antagonists hits of the APJ receptor. (Class of assay: confirmatory) [Related pubchem assays: 2569, 2521 ]";"F";"BAO_0000019";"assay format";"Homo sapiens";"None";"None";"None";"None";"";"";"";"CHEMBL227";"Type-1 angiotensin II receptor";"Homo sapiens";"SINGLE PROTEIN";"CHEMBL1201862";"7";"PubChem BioAssays";"";"";"None";"";"";"";"35.987"
"CHEMBL1368499";"";"None";"586.70";"2";"5.15";"SID85200614";"O=C1NC[C@H](c2ccccc2)OC(=O)[C@@H](Cc2ccc(F)cc2)CC/C=C/C[C@@H]1CC(=O)N(CCO)Cc1ccccc1";"IC50";"'='";"33723.0";"nM";"4.47";"";"Not Active";"UO_0000065";"";"";"";"";"0";"CHEMBL1614336";"PUBCHEM_BIOASSAY: Dose Response screen for antagonists of Angiotensin II Receptor Type 1 to assess selectivity of uHTS small molecule antagonists hits of the APJ receptor. (Class of assay: confirmatory) [Related pubchem assays: 2569, 2521 ]";"F";"BAO_0000019";"assay format";"Homo sapiens";"None";"None";"None";"None";"";"";"";"CHEMBL227";"Type-1 angiotensin II receptor";"Homo sapiens";"SINGLE PROTEIN";"CHEMBL1201862";"7";"PubChem BioAssays";"";"";"None";"";"";"";"33.723"
"CHEMBL1477291";"";"None";"417.48";"0";"2.67";"SID57258497";"O=C(COc1ccccc1)OCC(=O)c1ccc(S(=O)(=O)N2CCCCC2)cc1";"IC50";"'='";"16931.0";"nM";"4.77";"";"Active";"UO_0000065";"";"";"";"";"0";"CHEMBL1614336";"PUBCHEM_BIOASSAY: Dose Response screen for antagonists of Angiotensin II Receptor Type 1 to assess selectivity of uHTS small molecule antagonists hits of the APJ receptor. (Class of assay: confirmatory) [Related pubchem assays: 2569, 2521 ]";"F";"BAO_0000019";"assay format";"Homo sapiens";"None";"None";"None";"None";"";"";"";"CHEMBL227";"Type-1 angiotensin II receptor";"Homo sapiens";"SINGLE PROTEIN";"CHEMBL1201862";"7";"PubChem BioAssays";"";"";"None";"";"";"";"16.931"
"CHEMBL1419495";"";"None";"398.37";"0";"2.94";"SID49735984";"CC(=O)c1ccc(NC(=O)CCC(=O)OCC(=O)c2cccc([N+](=O)[O-])c2)cc1";"IC50";"'='";"34501.0";"nM";"4.46";"";"Not Active";"UO_0000065";"";"";"";"";"0";"CHEMBL1614336";"PUBCHEM_BIOASSAY: Dose Response screen for antagonists of Angiotensin II Receptor Type 1 to assess selectivity of uHTS small molecule antagonists hits of the APJ receptor. (Class of assay: confirmatory) [Related pubchem assays: 2569, 2521 ]";"F";"BAO_0000019";"assay format";"Homo sapiens";"None";"None";"None";"None";"";"";"";"CHEMBL227";"Type-1 angiotensin II receptor";"Homo sapiens";"SINGLE PROTEIN";"CHEMBL1201862";"7";"PubChem BioAssays";"";"";"None";"";"";"";"34.501"
"CHEMBL1380035";"";"None";"276.34";"0";"3.40";"SID47199102";"Cc1ccc(-c2cc(-c3ccccc3)nc(NN)n2)cc1";"IC50";"'='";"6660.0";"nM";"5.18";"";"Active";"UO_0000065";"";"";"";"";"0";"CHEMBL1614336";"PUBCHEM_BIOASSAY: Dose Response screen for antagonists of Angiotensin II Receptor Type 1 to assess selectivity of uHTS small molecule antagonists hits of the APJ receptor. (Class of assay: confirmatory) [Related pubchem assays: 2569, 2521 ]";"F";"BAO_0000019";"assay format";"Homo sapiens";"None";"None";"None";"None";"";"";"";"CHEMBL227";"Type-1 angiotensin II receptor";"Homo sapiens";"SINGLE PROTEIN";"CHEMBL1201862";"7";"PubChem BioAssays";"";"";"None";"";"";"";"6.66"
"CHEMBL1438779";"";"None";"314.37";"0";"2.13";"SID24813820";"CC(=O)C1=C(c2ccccc2)N(C(C)=O)n2c(C)nnc2S1";"IC50";"'='";"11323.0";"nM";"4.95";"";"Active";"UO_0000065";"";"";"";"";"0";"CHEMBL1614336";"PUBCHEM_BIOASSAY: Dose Response screen for antagonists of Angiotensin II Receptor Type 1 to assess selectivity of uHTS small molecule antagonists hits of the APJ receptor. (Class of assay: confirmatory) [Related pubchem assays: 2569, 2521 ]";"F";"BAO_0000019";"assay format";"Homo sapiens";"None";"None";"None";"None";"";"";"";"CHEMBL227";"Type-1 angiotensin II receptor";"Homo sapiens";"SINGLE PROTEIN";"CHEMBL1201862";"7";"PubChem BioAssays";"";"";"None";"";"";"";"11.323"
"CHEMBL1537991";"";"None";"287.23";"0";"1.42";"SID26660609";"O=C(COC(=O)c1cnccn1)c1cccc([N+](=O)[O-])c1";"IC50";"'='";"13593.0";"nM";"4.87";"";"Active";"UO_0000065";"";"";"";"";"0";"CHEMBL1614336";"PUBCHEM_BIOASSAY: Dose Response screen for antagonists of Angiotensin II Receptor Type 1 to assess selectivity of uHTS small molecule antagonists hits of the APJ receptor. (Class of assay: confirmatory) [Related pubchem assays: 2569, 2521 ]";"F";"BAO_0000019";"assay format";"Homo sapiens";"None";"None";"None";"None";"";"";"";"CHEMBL227";"Type-1 angiotensin II receptor";"Homo sapiens";"SINGLE PROTEIN";"CHEMBL1201862";"7";"PubChem BioAssays";"";"";"None";"";"";"";"13.593"
"CHEMBL1518619";"";"None";"404.81";"0";"3.70";"SID17432880";"Cc1ccc(C(=O)COC(=O)CCC(=O)Nc2ccccc2Cl)cc1[N+](=O)[O-]";"IC50";"'='";"22922.0";"nM";"4.64";"";"Not Active";"UO_0000065";"";"";"";"";"0";"CHEMBL1614336";"PUBCHEM_BIOASSAY: Dose Response screen for antagonists of Angiotensin II Receptor Type 1 to assess selectivity of uHTS small molecule antagonists hits of the APJ receptor. (Class of assay: confirmatory) [Related pubchem assays: 2569, 2521 ]";"F";"BAO_0000019";"assay format";"Homo sapiens";"None";"None";"None";"None";"";"";"";"CHEMBL227";"Type-1 angiotensin II receptor";"Homo sapiens";"SINGLE PROTEIN";"CHEMBL1201862";"7";"PubChem BioAssays";"";"";"None";"";"";"";"22.922"
"CHEMBL3197070";"";"None";"257.27";"0";"2.37";"SID49667626";"C/C(=N\NC(=O)c1ccc(F)cc1)c1ccccn1";"IC50";"'='";"1958.0";"nM";"5.71";"";"Active";"UO_0000065";"";"";"";"";"0";"CHEMBL1614336";"PUBCHEM_BIOASSAY: Dose Response screen for antagonists of Angiotensin II Receptor Type 1 to assess selectivity of uHTS small molecule antagonists hits of the APJ receptor. (Class of assay: confirmatory) [Related pubchem assays: 2569, 2521 ]";"F";"BAO_0000019";"assay format";"Homo sapiens";"None";"None";"None";"None";"";"";"";"CHEMBL227";"Type-1 angiotensin II receptor";"Homo sapiens";"SINGLE PROTEIN";"CHEMBL1201862";"7";"PubChem BioAssays";"";"";"None";"";"";"";"1.958"
"CHEMBL9714";"SC-51895";"None";"430.56";"0";"4.69";"35, SC-51895";"CCCCc1cn(CCCC)c(=O)n1Cc1ccc(-c2ccccc2-c2nn[nH]n2)cc1";"IC50";"'='";"12.0";"nM";"7.92";"";"";"UO_0000065";"18.40";"0.34";"3.23";"9.73";"0";"CHEMBL1670336";"Binding affinity to angiotensin AT1 receptor";"B";"BAO_0000357";"single protein format";"None";"None";"None";"None";"None";"";"";"";"CHEMBL227";"Type-1 angiotensin II receptor";"Homo sapiens";"SINGLE PROTEIN";"CHEMBL1667742";"1";"Scientific Literature";"Bioorg Med Chem";"2010";"None";"";"";"";"12.0"
"CHEMBL1016";"CANDESARTAN";"3.0";"440.46";"0";"4.03";"102, CV-11974";"CCOc1nc2cccc(C(=O)O)c2n1Cc1ccc(-c2ccccc2-c2nnn[nH]2)cc1";"IC50";"'='";"110.0";"nM";"6.96";"";"";"UO_0000065";"15.80";"0.29";"2.93";"5.86";"0";"CHEMBL1670336";"Binding affinity to angiotensin AT1 receptor";"B";"BAO_0000357";"single protein format";"None";"None";"None";"None";"None";"";"";"";"CHEMBL227";"Type-1 angiotensin II receptor";"Homo sapiens";"SINGLE PROTEIN";"CHEMBL1667742";"1";"Scientific Literature";"Bioorg Med Chem";"2010";"None";"";"";"";"0.11"
"CHEMBL117941";"";"None";"489.62";"1";"5.48";"4g";"CCCCC(=O)N(Cc1ccc(-c2ccccc2-c2nn[nH]n2)cc1)[C@@H](CC1CCCCC1)C(=O)O";"IC50";"'='";"60.0";"nM";"7.22";"";"";"UO_0000065";"14.75";"0.27";"1.74";"6.44";"0";"CHEMBL648566";"Tested for inhibition of Angiotensin II receptor, type 1 in the absence of bovine serum albumin (BSA)";"B";"BAO_0000357";"single protein format";"None";"None";"None";"None";"None";"";"";"";"CHEMBL227";"Type-1 angiotensin II receptor";"Homo sapiens";"SINGLE PROTEIN";"CHEMBL1127873";"1";"Scientific Literature";"Bioorg Med Chem Lett";"1994";"None";"";"";"";"0.06"
"CHEMBL1454369";"";"None";"396.31";"0";"3.08";"SID22412684";"Cc1nn(CCC(=O)NN=C(S)Nc2ccccc2)c(C)c1Br";"IC50";"'>'";"40000.0";"nM";"";"";"Not Active";"UO_0000065";"";"";"";"";"0";"CHEMBL1614336";"PUBCHEM_BIOASSAY: Dose Response screen for antagonists of Angiotensin II Receptor Type 1 to assess selectivity of uHTS small molecule antagonists hits of the APJ receptor. (Class of assay: confirmatory) [Related pubchem assays: 2569, 2521 ]";"F";"BAO_0000019";"assay format";"Homo sapiens";"None";"None";"None";"None";"";"";"";"CHEMBL227";"Type-1 angiotensin II receptor";"Homo sapiens";"SINGLE PROTEIN";"CHEMBL1201862";"7";"PubChem BioAssays";"";"";"None";"";"";"";"40.0"
"CHEMBL1496517";"";"None";"382.46";"0";"3.55";"SID863665";"CC(C)CCn1c(N)c(C(=O)OCC2CCCO2)c2nc3ccccc3nc21";"IC50";"'>'";"40000.0";"nM";"";"";"Not Active";"UO_0000065";"";"";"";"";"0";"CHEMBL1614336";"PUBCHEM_BIOASSAY: Dose Response screen for antagonists of Angiotensin II Receptor Type 1 to assess selectivity of uHTS small molecule antagonists hits of the APJ receptor. (Class of assay: confirmatory) [Related pubchem assays: 2569, 2521 ]";"F";"BAO_0000019";"assay format";"Homo sapiens";"None";"None";"None";"None";"";"";"";"CHEMBL227";"Type-1 angiotensin II receptor";"Homo sapiens";"SINGLE PROTEIN";"CHEMBL1201862";"7";"PubChem BioAssays";"";"";"None";"";"";"";"40.0"
"CHEMBL1476264";"";"None";"293.67";"0";"2.19";"SID17416266";"O=[N+]([O-])c1ccc(O)c(/C=N/Nc2ccc(Cl)nn2)c1";"IC50";"'='";"3628.0";"nM";"5.44";"";"Active";"UO_0000065";"";"";"";"";"0";"CHEMBL1614336";"PUBCHEM_BIOASSAY: Dose Response screen for antagonists of Angiotensin II Receptor Type 1 to assess selectivity of uHTS small molecule antagonists hits of the APJ receptor. (Class of assay: confirmatory) [Related pubchem assays: 2569, 2521 ]";"F";"BAO_0000019";"assay format";"Homo sapiens";"None";"None";"None";"None";"";"";"";"CHEMBL227";"Type-1 angiotensin II receptor";"Homo sapiens";"SINGLE PROTEIN";"CHEMBL1201862";"7";"PubChem BioAssays";"";"";"None";"";"";"";"3.628"
"CHEMBL1549272";"";"None";"347.75";"0";"3.87";"SID24826960";"FC(F)(F)c1cnc(NN=C(S)Nc2cccnc2)c(Cl)c1";"IC50";"'='";"15114.0";"nM";"4.82";"";"Active";"UO_0000065";"";"";"";"";"0";"CHEMBL1614336";"PUBCHEM_BIOASSAY: Dose Response screen for antagonists of Angiotensin II Receptor Type 1 to assess selectivity of uHTS small molecule antagonists hits of the APJ receptor. (Class of assay: confirmatory) [Related pubchem assays: 2569, 2521 ]";"F";"BAO_0000019";"assay format";"Homo sapiens";"None";"None";"None";"None";"";"";"";"CHEMBL227";"Type-1 angiotensin II receptor";"Homo sapiens";"SINGLE PROTEIN";"CHEMBL1201862";"7";"PubChem BioAssays";"";"";"None";"";"";"";"15.114"
"CHEMBL1549587";"";"None";"362.38";"0";"2.55";"SID26665377";"O=C(CCC(=O)OCC(=O)c1cccc([N+](=O)[O-])c1)NC1CCCCC1";"IC50";"'='";"25201.0";"nM";"4.60";"";"Not Active";"UO_0000065";"";"";"";"";"0";"CHEMBL1614336";"PUBCHEM_BIOASSAY: Dose Response screen for antagonists of Angiotensin II Receptor Type 1 to assess selectivity of uHTS small molecule antagonists hits of the APJ receptor. (Class of assay: confirmatory) [Related pubchem assays: 2569, 2521 ]";"F";"BAO_0000019";"assay format";"Homo sapiens";"None";"None";"None";"None";"";"";"";"CHEMBL227";"Type-1 angiotensin II receptor";"Homo sapiens";"SINGLE PROTEIN";"CHEMBL1201862";"7";"PubChem BioAssays";"";"";"None";"";"";"";"25.201"
"CHEMBL1443417";"";"None";"239.32";"0";"3.60";"SID22416932";"Cc1ccc(C(=O)CNc2ccccc2C)cc1";"IC50";"'='";"8203.0";"nM";"5.09";"";"Active";"UO_0000065";"";"";"";"";"0";"CHEMBL1614336";"PUBCHEM_BIOASSAY: Dose Response screen for antagonists of Angiotensin II Receptor Type 1 to assess selectivity of uHTS small molecule antagonists hits of the APJ receptor. (Class of assay: confirmatory) [Related pubchem assays: 2569, 2521 ]";"F";"BAO_0000019";"assay format";"Homo sapiens";"None";"None";"None";"None";"";"";"";"CHEMBL227";"Type-1 angiotensin II receptor";"Homo sapiens";"SINGLE PROTEIN";"CHEMBL1201862";"7";"PubChem BioAssays";"";"";"None";"";"";"";"8.203"
"CHEMBL1386972";"";"None";"292.32";"0";"0.35";"SID22402996";"COc1ccc(C(=O)NC(=S)Nc2nnn(C)n2)cc1";"IC50";"'>'";"40000.0";"nM";"";"";"Not Active";"UO_0000065";"";"";"";"";"0";"CHEMBL1614336";"PUBCHEM_BIOASSAY: Dose Response screen for antagonists of Angiotensin II Receptor Type 1 to assess selectivity of uHTS small molecule antagonists hits of the APJ receptor. (Class of assay: confirmatory) [Related pubchem assays: 2569, 2521 ]";"F";"BAO_0000019";"assay format";"Homo sapiens";"None";"None";"None";"None";"";"";"";"CHEMBL227";"Type-1 angiotensin II receptor";"Homo sapiens";"SINGLE PROTEIN";"CHEMBL1201862";"7";"PubChem BioAssays";"";"";"None";"";"";"";"40.0"
"CHEMBL1416497";"";"None";"360.79";"0";"4.79";"SID22401701";"Cc1cccc(NC(S)=NNc2ncc(C(F)(F)F)cc2Cl)c1";"IC50";"'='";"13111.0";"nM";"4.88";"";"Active";"UO_0000065";"";"";"";"";"0";"CHEMBL1614336";"PUBCHEM_BIOASSAY: Dose Response screen for antagonists of Angiotensin II Receptor Type 1 to assess selectivity of uHTS small molecule antagonists hits of the APJ receptor. (Class of assay: confirmatory) [Related pubchem assays: 2569, 2521 ]";"F";"BAO_0000019";"assay format";"Homo sapiens";"None";"None";"None";"None";"";"";"";"CHEMBL227";"Type-1 angiotensin II receptor";"Homo sapiens";"SINGLE PROTEIN";"CHEMBL1201862";"7";"PubChem BioAssays";"";"";"None";"";"";"";"13.111"
"CHEMBL1505893";"";"None";"310.14";"0";"3.43";"SID24807531";"O=C(COC(=O)c1ccncc1)c1ccc(Cl)c(Cl)c1";"IC50";"'='";"14993.0";"nM";"4.82";"";"Active";"UO_0000065";"";"";"";"";"0";"CHEMBL1614336";"PUBCHEM_BIOASSAY: Dose Response screen for antagonists of Angiotensin II Receptor Type 1 to assess selectivity of uHTS small molecule antagonists hits of the APJ receptor. (Class of assay: confirmatory) [Related pubchem assays: 2569, 2521 ]";"F";"BAO_0000019";"assay format";"Homo sapiens";"None";"None";"None";"None";"";"";"";"CHEMBL227";"Type-1 angiotensin II receptor";"Homo sapiens";"SINGLE PROTEIN";"CHEMBL1201862";"7";"PubChem BioAssays";"";"";"None";"";"";"";"14.993"
"CHEMBL1338304";"";"None";"487.00";"0";"2.60";"SID49721493";"CCS(=O)(=O)c1ncc(Cl)c(C(=O)Nc2ccc(S(=O)(=O)N3CCC(C)CC3)cc2)n1";"IC50";"'='";"6112.0";"nM";"5.21";"";"Active";"UO_0000065";"";"";"";"";"0";"CHEMBL1614336";"PUBCHEM_BIOASSAY: Dose Response screen for antagonists of Angiotensin II Receptor Type 1 to assess selectivity of uHTS small molecule antagonists hits of the APJ receptor. (Class of assay: confirmatory) [Related pubchem assays: 2569, 2521 ]";"F";"BAO_0000019";"assay format";"Homo sapiens";"None";"None";"None";"None";"";"";"";"CHEMBL227";"Type-1 angiotensin II receptor";"Homo sapiens";"SINGLE PROTEIN";"CHEMBL1201862";"7";"PubChem BioAssays";"";"";"None";"";"";"";"6.112"
"CHEMBL3191392";"";"None";"305.31";"0";"1.91";"SID24817760";"O=[N+]([O-])c1cccc(/C=N/NS(=O)(=O)c2ccccc2)c1";"IC50";"'='";"24304.0";"nM";"4.61";"";"Not Active";"UO_0000065";"";"";"";"";"0";"CHEMBL1614336";"PUBCHEM_BIOASSAY: Dose Response screen for antagonists of Angiotensin II Receptor Type 1 to assess selectivity of uHTS small molecule antagonists hits of the APJ receptor. (Class of assay: confirmatory) [Related pubchem assays: 2569, 2521 ]";"F";"BAO_0000019";"assay format";"Homo sapiens";"None";"None";"None";"None";"";"";"";"CHEMBL227";"Type-1 angiotensin II receptor";"Homo sapiens";"SINGLE PROTEIN";"CHEMBL1201862";"7";"PubChem BioAssays";"";"";"None";"";"";"";"24.304"
"CHEMBL1457414";"";"None";"446.46";"0";"3.58";"SID17413248";"Cc1ccc(C(=O)COC(=O)CNC(=O)C(c2ccccc2)c2ccccc2)cc1[N+](=O)[O-]";"IC50";"'='";"29494.0";"nM";"4.53";"";"Not Active";"UO_0000065";"";"";"";"";"0";"CHEMBL1614336";"PUBCHEM_BIOASSAY: Dose Response screen for antagonists of Angiotensin II Receptor Type 1 to assess selectivity of uHTS small molecule antagonists hits of the APJ receptor. (Class of assay: confirmatory) [Related pubchem assays: 2569, 2521 ]";"F";"BAO_0000019";"assay format";"Homo sapiens";"None";"None";"None";"None";"";"";"";"CHEMBL227";"Type-1 angiotensin II receptor";"Homo sapiens";"SINGLE PROTEIN";"CHEMBL1201862";"7";"PubChem BioAssays";"";"";"None";"";"";"";"29.494"
"CHEMBL1968402";"";"None";"283.40";"0";"3.71";"SID17413671";"C/C(=N\NC(=S)Nc1cccc(C)c1)c1ccccc1";"IC50";"'>'";"40000.0";"nM";"";"";"Not Active";"UO_0000065";"";"";"";"";"0";"CHEMBL1614336";"PUBCHEM_BIOASSAY: Dose Response screen for antagonists of Angiotensin II Receptor Type 1 to assess selectivity of uHTS small molecule antagonists hits of the APJ receptor. (Class of assay: confirmatory) [Related pubchem assays: 2569, 2521 ]";"F";"BAO_0000019";"assay format";"Homo sapiens";"None";"None";"None";"None";"";"";"";"CHEMBL227";"Type-1 angiotensin II receptor";"Homo sapiens";"SINGLE PROTEIN";"CHEMBL1201862";"7";"PubChem BioAssays";"";"";"None";"";"";"";"40.0"
"CHEMBL1390716";"";"None";"340.43";"0";"3.99";"SID14737257";"Cc1[nH]c2ccccc2c1/C=C1\SC(=N)N(c2nccs2)C1=O";"IC50";"'='";"14843.0";"nM";"4.83";"";"Active";"UO_0000065";"";"";"";"";"0";"CHEMBL1614336";"PUBCHEM_BIOASSAY: Dose Response screen for antagonists of Angiotensin II Receptor Type 1 to assess selectivity of uHTS small molecule antagonists hits of the APJ receptor. (Class of assay: confirmatory) [Related pubchem assays: 2569, 2521 ]";"F";"BAO_0000019";"assay format";"Homo sapiens";"None";"None";"None";"None";"";"";"";"CHEMBL227";"Type-1 angiotensin II receptor";"Homo sapiens";"SINGLE PROTEIN";"CHEMBL1201862";"7";"PubChem BioAssays";"";"";"None";"";"";"";"14.843"
"CHEMBL1469448";"";"None";"270.72";"0";"3.72";"SID47200789";"Cc1cccc2c1NC(=O)C2=Nc1ccc(Cl)cc1";"IC50";"'='";"27938.0";"nM";"4.55";"";"Not Active";"UO_0000065";"";"";"";"";"0";"CHEMBL1614336";"PUBCHEM_BIOASSAY: Dose Response screen for antagonists of Angiotensin II Receptor Type 1 to assess selectivity of uHTS small molecule antagonists hits of the APJ receptor. (Class of assay: confirmatory) [Related pubchem assays: 2569, 2521 ]";"F";"BAO_0000019";"assay format";"Homo sapiens";"None";"None";"None";"None";"";"";"";"CHEMBL227";"Type-1 angiotensin II receptor";"Homo sapiens";"SINGLE PROTEIN";"CHEMBL1201862";"7";"PubChem BioAssays";"";"";"None";"";"";"";"27.938"
"CHEMBL1407100";"";"None";"341.21";"0";"3.86";"SID47198773";"NNc1nc(-c2ccccc2)cc(-c2ccc(Br)cc2)n1";"IC50";"'='";"2093.0";"nM";"5.68";"";"Active";"UO_0000065";"";"";"";"";"0";"CHEMBL1614336";"PUBCHEM_BIOASSAY: Dose Response screen for antagonists of Angiotensin II Receptor Type 1 to assess selectivity of uHTS small molecule antagonists hits of the APJ receptor. (Class of assay: confirmatory) [Related pubchem assays: 2569, 2521 ]";"F";"BAO_0000019";"assay format";"Homo sapiens";"None";"None";"None";"None";"";"";"";"CHEMBL227";"Type-1 angiotensin II receptor";"Homo sapiens";"SINGLE PROTEIN";"CHEMBL1201862";"7";"PubChem BioAssays";"";"";"None";"";"";"";"2.093"
"CHEMBL1327721";"";"None";"403.45";"0";"3.69";"SID17401857";"O=[N+]([O-])c1c(NCCCO)cc(Sc2nc3ccccc3s2)c2nonc12";"IC50";"'='";"2054.0";"nM";"5.69";"";"Active";"UO_0000065";"";"";"";"";"0";"CHEMBL1614336";"PUBCHEM_BIOASSAY: Dose Response screen for antagonists of Angiotensin II Receptor Type 1 to assess selectivity of uHTS small molecule antagonists hits of the APJ receptor. (Class of assay: confirmatory) [Related pubchem assays: 2569, 2521 ]";"F";"BAO_0000019";"assay format";"Homo sapiens";"None";"None";"None";"None";"";"";"";"CHEMBL227";"Type-1 angiotensin II receptor";"Homo sapiens";"SINGLE PROTEIN";"CHEMBL1201862";"7";"PubChem BioAssays";"";"";"None";"";"";"";"2.054"
"CHEMBL331632";"";"None";"706.20";"2";"6.57";"41";"CCc1nn(-c2cc(NC(=O)c3ccccc3)ccc2Cl)c(=O)n1Cc1ccc(-c2ccccc2S(=O)(=O)NC(=O)OC(C)(C)C)cc1F";"IC50";"'='";"28.0";"nM";"7.55";"";"";"UO_0000065";"10.70";"0.21";"0.98";"5.34";"0";"CHEMBL650312";"In vitro inhibitory activity against angiotensin II receptor type 1, in human adrenal membrane preparations.";"B";"BAO_0000249";"cell membrane format";"None";"None";"None";"None";"None";"";"";"";"CHEMBL227";"Type-1 angiotensin II receptor";"Homo sapiens";"SINGLE PROTEIN";"CHEMBL1128554";"1";"Scientific Literature";"J Med Chem";"1995";"None";"";"";"";"28.0"
"CHEMBL309820";"";"None";"554.66";"1";"3.48";"12b";"CCCc1nc(CN2CCN(C(=O)C3CC3)CC2)c(C(=O)O)n1Cc1ccc(-c2ccccc2-c2nn[nH]n2)cc1";"IC50";"'='";"10.0";"nM";"8.00";"";"";"UO_0000065";"14.42";"0.27";"4.52";"6.01";"0";"CHEMBL647574";"In vitro binding affinity of compound against Angiotensin II receptor, type 1";"B";"BAO_0000357";"single protein format";"None";"None";"None";"None";"None";"";"";"";"CHEMBL227";"Type-1 angiotensin II receptor";"Homo sapiens";"SINGLE PROTEIN";"CHEMBL1127975";"1";"Scientific Literature";"Bioorg Med Chem Lett";"1994";"None";"";"";"";"10.0"
"CHEMBL938";"SARALASIN";"4.0";"912.06";"3";"-2.30";"saralasin";"CNCC(=O)N[C@@H](CCCNC(=N)N)C(=O)N[C@H](C(=O)N[C@@H](Cc1ccc(O)cc1)C(=O)N[C@H](C(=O)N[C@@H](Cc1cnc[nH]1)C(=O)N1CCC[C@H]1C(=O)N[C@@H](C)C(=O)O)C(C)C)C(C)C";"IC50";"'='";"0.6";"nM";"9.22";"";"";"UO_0000065";"10.11";"0.19";"11.52";"2.60";"0";"CHEMBL2395773";"Binding affinity to human angiotensin AT1 receptor by radioligand displacement assay";"B";"BAO_0000357";"single protein format";"Homo sapiens";"None";"None";"None";"None";"";"";"";"CHEMBL227";"Type-1 angiotensin II receptor";"Homo sapiens";"SINGLE PROTEIN";"CHEMBL2390917";"1";"Scientific Literature";"Bioorg Med Chem";"2013";"None";"";"";"";"0.6"
"CHEMBL1801735";"";"None";"447.55";"1";"5.31";"2g";"Cc1cc(C)c2nc(C3CC3)n([C@H]3CCc4cc(-c5ccccc5-c5nnn[nH]5)ccc43)c2n1";"IC50";"'='";"8.2";"nM";"8.09";"";"";"UO_0000065";"18.07";"0.32";"2.78";"9.49";"0";"CHEMBL1803889";"Displacement of [125I]Tyr4-Sar1,Ile8-Angiotensin II from human Angiotensin 1 receptor after 60 mins by scintillation counting";"B";"BAO_0000357";"single protein format";"Homo sapiens";"None";"None";"None";"None";"";"";"";"CHEMBL227";"Type-1 angiotensin II receptor";"Homo sapiens";"SINGLE PROTEIN";"CHEMBL1800018";"1";"Scientific Literature";"J Med Chem";"2011";"None";"";"";"";"8.2"
"CHEMBL1801734";"";"None";"449.56";"1";"5.55";"2f";"Cc1cc(C)c2nc(C(C)C)n([C@H]3CCc4cc(-c5ccccc5-c5nnn[nH]5)ccc43)c2n1";"IC50";"'='";"10.2";"nM";"7.99";"";"";"UO_0000065";"17.78";"0.32";"2.44";"9.38";"0";"CHEMBL1803889";"Displacement of [125I]Tyr4-Sar1,Ile8-Angiotensin II from human Angiotensin 1 receptor after 60 mins by scintillation counting";"B";"BAO_0000357";"single protein format";"Homo sapiens";"None";"None";"None";"None";"";"";"";"CHEMBL227";"Type-1 angiotensin II receptor";"Homo sapiens";"SINGLE PROTEIN";"CHEMBL1800018";"1";"Scientific Literature";"J Med Chem";"2011";"None";"";"";"";"10.2"
"CHEMBL3752160";"";"None";"658.76";"2";"5.77";"1t";"CCCc1nc2c(C)cc(C(=O)NCCc3cc(OC)ccc3OC)cc2n1Cc1ccc(-c2ccccc2C(=O)Nc2nnn[nH]2)cc1";"IC50";"'='";"30.7";"nM";"7.51";"";"";"UO_0000065";"11.40";"0.21";"1.74";"5.04";"0";"CHEMBL3757817";"Displacement of 125I-labelled Sar1-Ile8-angiotensin-2 from human AT1 receptor";"B";"BAO_0000357";"single protein format";"Homo sapiens";"None";"None";"None";"None";"";"";"";"CHEMBL227";"Type-1 angiotensin II receptor";"Homo sapiens";"SINGLE PROTEIN";"CHEMBL3751753";"1";"Scientific Literature";"Medchemcomm";"2015";"None";"";"";"";"30.7"
"CHEMBL3754198";"";"None";"550.67";"2";"5.31";"1h";"CCCc1nc2c(C)cc(C(=O)NC(C)(C)C)cc2n1Cc1ccc(-c2ccccc2C(=O)Nc2nnn[nH]2)cc1";"IC50";"'='";"390.0";"nM";"6.41";"";"";"UO_0000065";"11.64";"0.21";"1.10";"4.91";"0";"CHEMBL3757817";"Displacement of 125I-labelled Sar1-Ile8-angiotensin-2 from human AT1 receptor";"B";"BAO_0000357";"single protein format";"Homo sapiens";"None";"None";"None";"None";"";"";"";"CHEMBL227";"Type-1 angiotensin II receptor";"Homo sapiens";"SINGLE PROTEIN";"CHEMBL3751753";"1";"Scientific Literature";"Medchemcomm";"2015";"None";"";"";"";"390.0"
"CHEMBL3752198";"";"None";"536.64";"1";"4.92";"1f";"CCCc1nc2c(C)cc(C(=O)NC(C)C)cc2n1Cc1ccc(-c2ccccc2C(=O)Nc2nnn[nH]2)cc1";"IC50";"'='";"161.0";"nM";"6.79";"";"";"UO_0000065";"12.66";"0.23";"1.87";"5.21";"0";"CHEMBL3757817";"Displacement of 125I-labelled Sar1-Ile8-angiotensin-2 from human AT1 receptor";"B";"BAO_0000357";"single protein format";"Homo sapiens";"None";"None";"None";"None";"";"";"";"CHEMBL227";"Type-1 angiotensin II receptor";"Homo sapiens";"SINGLE PROTEIN";"CHEMBL3751753";"1";"Scientific Literature";"Medchemcomm";"2015";"None";"";"";"";"161.0"
"CHEMBL1557707";"";"None";"385.36";"0";"2.85";"4";"O=C(Oc1coc(CSc2ncccn2)cc1=O)c1cccc([N+](=O)[O-])c1";"IC50";"'>'";"79000.0";"nM";"";"";"";"UO_0000065";"";"";"";"";"0";"CHEMBL2161529";"Inhibition of AT1 receptor";"B";"BAO_0000357";"single protein format";"None";"None";"None";"None";"None";"";"";"";"CHEMBL227";"Type-1 angiotensin II receptor";"Homo sapiens";"SINGLE PROTEIN";"CHEMBL2157975";"1";"Scientific Literature";"Bioorg Med Chem Lett";"2012";"None";"";"";"";"79.0"
"CHEMBL3735098";"";"None";"561.68";"2";"6.83";"5R";"CCCc1nc2c(C)cc(C(=O)N[C@@H](COC)c3ccccc3)cc2n1Cc1ccc(-c2ccccc2C(=O)O)cc1";"IC50";"'='";"70.0";"nM";"7.16";"";"";"UO_0000065";"12.74";"0.23";"0.32";"7.66";"0";"CHEMBL3736606";"Displacement of [125I]Sar1Ile8-Ang2 from human AT1 receptor expressed in CHO-K1 cell membranes after 180 mins";"B";"BAO_0000219";"cell-based format";"Homo sapiens";"None";"None";"CHO-K1";"None";"";"";"";"CHEMBL227";"Type-1 angiotensin II receptor";"Homo sapiens";"SINGLE PROTEIN";"CHEMBL3734751";"1";"Scientific Literature";"Eur J Med Chem";"2015";"CHEMBL3307512";"";"";"";"70.0"
"CHEMBL3734815";"";"None";"555.69";"2";"6.68";"2R";"CCCc1nc2c(C)cc(C(=O)N[C@H](C)c3ccccc3)cc2n1Cc1ccc(-c2ccccc2-c2nnn[nH]2)cc1";"IC50";"'='";"1536.6";"nM";"5.81";"";"";"UO_0000065";"10.46";"0.19";"-0.87";"5.73";"0";"CHEMBL3736606";"Displacement of [125I]Sar1Ile8-Ang2 from human AT1 receptor expressed in CHO-K1 cell membranes after 180 mins";"B";"BAO_0000219";"cell-based format";"Homo sapiens";"None";"None";"CHO-K1";"None";"";"";"";"CHEMBL227";"Type-1 angiotensin II receptor";"Homo sapiens";"SINGLE PROTEIN";"CHEMBL3734751";"1";"Scientific Literature";"Eur J Med Chem";"2015";"CHEMBL3307512";"";"";"";"1536.6"
"CHEMBL280988";"";"None";"594.64";"2";"5.14";"44";"Cn1nnnc1-c1ccccc1-c1ccc(Cn2cnc3ccc(N(Cc4ccccn4)C(=O)c4ccco4)cc3c2=O)cc1";"IC50";"'='";"10.6";"nM";"7.97";"";"";"UO_0000065";"13.41";"0.24";"2.83";"6.39";"0";"CHEMBL652866";"Binding affinity against AT1 receptor in human adrenal tissue";"B";"BAO_0000221";"tissue-based format";"Homo sapiens";"CHEMBL3638272";"Adrenal tissue";"None";"None";"";"";"";"CHEMBL227";"Type-1 angiotensin II receptor";"Homo sapiens";"SINGLE PROTEIN";"CHEMBL1128754";"1";"Scientific Literature";"Bioorg Med Chem Lett";"1995";"None";"";"";"";"10.6"
"CHEMBL2158265";"";"None";"419.80";"0";"3.50";"20";"O=C(Oc1coc(CSc2ncccn2)cc1=O)c1cc(Cl)ccc1[N+](=O)[O-]";"IC50";"'>'";"79000.0";"nM";"";"";"";"UO_0000065";"";"";"";"";"0";"CHEMBL2161529";"Inhibition of AT1 receptor";"B";"BAO_0000357";"single protein format";"None";"None";"None";"None";"None";"";"";"";"CHEMBL227";"Type-1 angiotensin II receptor";"Homo sapiens";"SINGLE PROTEIN";"CHEMBL2157975";"1";"Scientific Literature";"Bioorg Med Chem Lett";"2012";"None";"";"";"";"79.0"
"CHEMBL2158352";"";"None";"370.39";"0";"2.95";"11";"COc1ccc(C(=O)Oc2coc(CSc3ncccn3)cc2=O)cc1";"IC50";"'>'";"79000.0";"nM";"";"";"";"UO_0000065";"";"";"";"";"0";"CHEMBL2161529";"Inhibition of AT1 receptor";"B";"BAO_0000357";"single protein format";"None";"None";"None";"None";"None";"";"";"";"CHEMBL227";"Type-1 angiotensin II receptor";"Homo sapiens";"SINGLE PROTEIN";"CHEMBL2157975";"1";"Scientific Literature";"Bioorg Med Chem Lett";"2012";"None";"";"";"";"79.0"
"CHEMBL115783";"";"None";"501.56";"1";"4.89";"4b";"CCCCC(=O)N(Cc1ccc(-c2ccccc2-c2nn[nH]n2)cc1)C(Cc1ccc(F)cc1)C(=O)O";"IC50";"'='";"30.0";"nM";"7.52";"";"";"UO_0000065";"15.00";"0.28";"2.63";"6.71";"0";"CHEMBL648566";"Tested for inhibition of Angiotensin II receptor, type 1 in the absence of bovine serum albumin (BSA)";"B";"BAO_0000357";"single protein format";"None";"None";"None";"None";"None";"";"";"";"CHEMBL227";"Type-1 angiotensin II receptor";"Homo sapiens";"SINGLE PROTEIN";"CHEMBL1127873";"1";"Scientific Literature";"Bioorg Med Chem Lett";"1994";"None";"";"";"";"0.03"
"CHEMBL3735574";"";"None";"661.83";"2";"7.39";"16";"CCCc1nc2c(C)cc(C(=O)NCCc3ccccc3)cc2n1Cc1ccc(-c2ccccc2S(=O)(=O)Nc2onc(C)c2C)cc1";"IC50";"'='";"8.0";"nM";"8.10";"";"";"UO_0000065";"12.23";"0.23";"0.71";"6.80";"0";"CHEMBL3739215";"Displacement of 125I-labeled Sar1-Ile8-angiotensin II from human AT1 receptor incubated for 2 hrs by gamma counting analysis";"B";"BAO_0000357";"single protein format";"Homo sapiens";"None";"None";"None";"None";"";"";"";"CHEMBL227";"Type-1 angiotensin II receptor";"Homo sapiens";"SINGLE PROTEIN";"CHEMBL3734700";"1";"Scientific Literature";"Medchemcomm";"2015";"None";"";"";"";"8.0"
"CHEMBL12333";"";"None";"528.03";"1";"4.71";"Fig3;2";"CCCc1nc(Cl)c(C(N)=O)n1Cc1ccc(-c2ccccc2S(=O)(=O)Nc2onc(C)c2C)cc1";"IC50";"'='";"21.0";"nM";"7.68";"";"";"UO_0000065";"14.54";"0.29";"2.97";"5.77";"0";"CHEMBL3739215";"Displacement of 125I-labeled Sar1-Ile8-angiotensin II from human AT1 receptor incubated for 2 hrs by gamma counting analysis";"B";"BAO_0000357";"single protein format";"Homo sapiens";"None";"None";"None";"None";"";"";"";"CHEMBL227";"Type-1 angiotensin II receptor";"Homo sapiens";"SINGLE PROTEIN";"CHEMBL3734700";"1";"Scientific Literature";"Medchemcomm";"2015";"None";"";"";"";"21.0"
"CHEMBL34124";"OLODANRIGAN";"2.0";"507.59";"2";"5.44";"25; EMA-401";"COc1ccc2c(c1OCc1ccccc1)C[C@@H](C(=O)O)N(C(=O)C(c1ccccc1)c1ccccc1)C2";"IC50";"'='";"39.0";"nM";"7.41";"";"";"UO_0000065";"14.60";"0.27";"1.97";"9.74";"0";"CHEMBL4358380";"Inhibition of human AT1 receptor";"B";"BAO_0000357";"single protein format";"Homo sapiens";"None";"None";"None";"None";"";"";"";"CHEMBL227";"Type-1 angiotensin II receptor";"Homo sapiens";"SINGLE PROTEIN";"CHEMBL4354850";"1";"Scientific Literature";"J Med Chem";"2020";"None";"";"";"";"39.0"
"CHEMBL3736338";"";"None";"549.70";"2";"7.01";"15S";"CSc1nc2c(C)cc(C(=O)NC[C@@H](C)c3ccccc3)cc2n1Cc1ccc(-c2ccccc2C(=O)O)cc1";"IC50";"'='";"1368.1";"nM";"5.86";"";"";"UO_0000065";"10.67";"0.20";"-1.15";"6.96";"0";"CHEMBL3736606";"Displacement of [125I]Sar1Ile8-Ang2 from human AT1 receptor expressed in CHO-K1 cell membranes after 180 mins";"B";"BAO_0000219";"cell-based format";"Homo sapiens";"None";"None";"CHO-K1";"None";"";"";"";"CHEMBL227";"Type-1 angiotensin II receptor";"Homo sapiens";"SINGLE PROTEIN";"CHEMBL3734751";"1";"Scientific Literature";"Eur J Med Chem";"2015";"CHEMBL3307512";"";"";"";"1368.1"
"CHEMBL7396";"";"None";"402.45";"0";"4.29";"147";"CCCCc1nc2cnnc(O)c2n1Cc1ccc(-c2ccccc2C(=O)O)cc1";"IC50";"'='";"22.0";"nM";"7.66";"";"";"UO_0000065";"19.03";"0.35";"3.37";"7.57";"0";"CHEMBL1670336";"Binding affinity to angiotensin AT1 receptor";"B";"BAO_0000357";"single protein format";"None";"None";"None";"None";"None";"";"";"";"CHEMBL227";"Type-1 angiotensin II receptor";"Homo sapiens";"SINGLE PROTEIN";"CHEMBL1667742";"1";"Scientific Literature";"Bioorg Med Chem";"2010";"None";"";"";"";"0.022"
"CHEMBL338889";"";"None";"719.76";"2";"6.81";"38";"CCCCC(=O)Nc1ccc(C(F)(F)F)c(-n2nc(CC)n(Cc3ccc(-c4ccccc4S(=O)(=O)NC(=O)OC(C)(C)C)cc3F)c2=O)c1";"IC50";"'='";"2.2";"nM";"8.66";"";"";"UO_0000065";"12.03";"0.24";"1.85";"6.12";"0";"CHEMBL650312";"In vitro inhibitory activity against angiotensin II receptor type 1, in human adrenal membrane preparations.";"B";"BAO_0000249";"cell membrane format";"None";"None";"None";"None";"None";"";"";"";"CHEMBL227";"Type-1 angiotensin II receptor";"Homo sapiens";"SINGLE PROTEIN";"CHEMBL1128554";"1";"Scientific Literature";"J Med Chem";"1995";"None";"";"";"";"2.2"
"CHEMBL1375248";"";"None";"262.32";"0";"3.10";"SID24807393";"NNc1nc(-c2ccccc2)cc(-c2ccccc2)n1";"IC50";"'='";"12956.0";"nM";"4.89";"";"Active";"UO_0000065";"";"";"";"";"0";"CHEMBL1614336";"PUBCHEM_BIOASSAY: Dose Response screen for antagonists of Angiotensin II Receptor Type 1 to assess selectivity of uHTS small molecule antagonists hits of the APJ receptor. (Class of assay: confirmatory) [Related pubchem assays: 2569, 2521 ]";"F";"BAO_0000019";"assay format";"Homo sapiens";"None";"None";"None";"None";"";"";"";"CHEMBL227";"Type-1 angiotensin II receptor";"Homo sapiens";"SINGLE PROTEIN";"CHEMBL1201862";"7";"PubChem BioAssays";"";"";"None";"";"";"";"12.956"
"CHEMBL1532941";"";"None";"450.90";"0";"3.22";"SID17413128";"COc1ccc(C(=O)NC(=S)Nc2cccc(Cl)c2N2CCOCC2)cc1[N+](=O)[O-]";"IC50";"'>'";"40000.0";"nM";"";"";"Not Active";"UO_0000065";"";"";"";"";"0";"CHEMBL1614336";"PUBCHEM_BIOASSAY: Dose Response screen for antagonists of Angiotensin II Receptor Type 1 to assess selectivity of uHTS small molecule antagonists hits of the APJ receptor. (Class of assay: confirmatory) [Related pubchem assays: 2569, 2521 ]";"F";"BAO_0000019";"assay format";"Homo sapiens";"None";"None";"None";"None";"";"";"";"CHEMBL227";"Type-1 angiotensin II receptor";"Homo sapiens";"SINGLE PROTEIN";"CHEMBL1201862";"7";"PubChem BioAssays";"";"";"None";"";"";"";"40.0"
"CHEMBL1464024";"";"None";"487.00";"0";"2.60";"SID49721500";"CCS(=O)(=O)c1ncc(Cl)c(C(=O)Nc2ccc(S(=O)(=O)N3CCCC(C)C3)cc2)n1";"IC50";"'='";"2181.0";"nM";"5.66";"";"Active";"UO_0000065";"";"";"";"";"0";"CHEMBL1614336";"PUBCHEM_BIOASSAY: Dose Response screen for antagonists of Angiotensin II Receptor Type 1 to assess selectivity of uHTS small molecule antagonists hits of the APJ receptor. (Class of assay: confirmatory) [Related pubchem assays: 2569, 2521 ]";"F";"BAO_0000019";"assay format";"Homo sapiens";"None";"None";"None";"None";"";"";"";"CHEMBL227";"Type-1 angiotensin II receptor";"Homo sapiens";"SINGLE PROTEIN";"CHEMBL1201862";"7";"PubChem BioAssays";"";"";"None";"";"";"";"2.181"
"CHEMBL1566084";"";"None";"364.43";"0";"4.20";"SID49730229";"COc1ccc(NS(=O)(=O)c2ccc3ccccc3c2)c2ncccc12";"IC50";"'='";"23070.0";"nM";"4.64";"";"Not Active";"UO_0000065";"";"";"";"";"0";"CHEMBL1614336";"PUBCHEM_BIOASSAY: Dose Response screen for antagonists of Angiotensin II Receptor Type 1 to assess selectivity of uHTS small molecule antagonists hits of the APJ receptor. (Class of assay: confirmatory) [Related pubchem assays: 2569, 2521 ]";"F";"BAO_0000019";"assay format";"Homo sapiens";"None";"None";"None";"None";"";"";"";"CHEMBL227";"Type-1 angiotensin II receptor";"Homo sapiens";"SINGLE PROTEIN";"CHEMBL1201862";"7";"PubChem BioAssays";"";"";"None";"";"";"";"23.07"
"CHEMBL72838";"ENOLTASOSARTAN";"None";"425.45";"0";"3.01";"T4";"Cc1nc(C)c2c(O)cc(=O)n(Cc3ccc(-c4ccccc4-c4nn[nH]n4)cc3)c2n1";"IC50";"'='";"0.17";"nM";"9.77";"";"";"UO_0000065";"22.96";"0.42";"6.76";"7.98";"0";"CHEMBL650308";"Compound was tested for inhibition against Angiotensin II receptor, type 1";"B";"BAO_0000357";"single protein format";"None";"None";"None";"None";"None";"";"";"";"CHEMBL227";"Type-1 angiotensin II receptor";"Homo sapiens";"SINGLE PROTEIN";"CHEMBL1145001";"1";"Scientific Literature";"J Med Chem";"2003";"None";"";"";"";"0.17"
"CHEMBL191";"LOSARTAN";"4.0";"422.92";"0";"4.27";"losartan DuP-753";"CCCCc1nc(Cl)c(CO)n1Cc1ccc(-c2ccccc2-c2nnn[nH]2)cc1";"IC50";"'='";"28.0";"nM";"7.55";"";"";"UO_0000065";"17.86";"0.34";"3.28";"8.16";"0";"CHEMBL650315";"Inhibition against human angiotensin II receptor, type 1 (AG2-R)";"B";"BAO_0000357";"single protein format";"None";"None";"None";"None";"None";"";"";"";"CHEMBL227";"Type-1 angiotensin II receptor";"Homo sapiens";"SINGLE PROTEIN";"CHEMBL1137085";"1";"Scientific Literature";"J Med Chem";"2004";"None";"";"";"";"28.0"
"CHEMBL3736166";"";"None";"585.78";"2";"7.26";"12R";"CCCc1nc2c(C)cc(C(=S)NC[C@H](C)c3ccccc3)cc2n1Cc1ccc(-c2ccccc2-c2nnn[nH]2)cc1";"IC50";"'='";"366.3";"nM";"6.44";"";"";"UO_0000065";"10.99";"0.20";"-0.82";"7.63";"0";"CHEMBL3736606";"Displacement of [125I]Sar1Ile8-Ang2 from human AT1 receptor expressed in CHO-K1 cell membranes after 180 mins";"B";"BAO_0000219";"cell-based format";"Homo sapiens";"None";"None";"CHO-K1";"None";"";"";"";"CHEMBL227";"Type-1 angiotensin II receptor";"Homo sapiens";"SINGLE PROTEIN";"CHEMBL3734751";"1";"Scientific Literature";"Eur J Med Chem";"2015";"CHEMBL3307512";"";"";"";"366.3"
"CHEMBL3735446";"";"None";"585.71";"2";"6.31";"6S";"CCCc1nc2c(C)cc(C(=O)N[C@H](COC)c3ccccc3)cc2n1Cc1ccc(-c2ccccc2-c2nnn[nH]2)cc1";"IC50";"'='";"156.8";"nM";"6.80";"";"";"UO_0000065";"11.62";"0.21";"0.49";"6.15";"0";"CHEMBL3736606";"Displacement of [125I]Sar1Ile8-Ang2 from human AT1 receptor expressed in CHO-K1 cell membranes after 180 mins";"B";"BAO_0000219";"cell-based format";"Homo sapiens";"None";"None";"CHO-K1";"None";"";"";"";"CHEMBL227";"Type-1 angiotensin II receptor";"Homo sapiens";"SINGLE PROTEIN";"CHEMBL3734751";"1";"Scientific Literature";"Eur J Med Chem";"2015";"CHEMBL3307512";"";"";"";"156.8"
"CHEMBL302102";"";"None";"611.75";"2";"7.08";"L-159689";"CCCCCN(C(=O)c1ccccc1)c1ccc2nc(CCC)n(Cc3ccc(-c4ccccc4-c4nn[nH]n4)cc3)c(=O)c2c1";"IC50";"'='";"7.0";"nM";"8.15";"";"";"UO_0000065";"13.33";"0.24";"1.07";"7.44";"0";"CHEMBL650314";"In vivo inhibitory concentration against Angiotensin II receptor, type 1 of rat adrenal membrane";"B";"BAO_0000218";"organism-based format";"None";"None";"None";"None";"None";"";"";"";"CHEMBL227";"Type-1 angiotensin II receptor";"Homo sapiens";"SINGLE PROTEIN";"CHEMBL1150477";"1";"Scientific Literature";"Bioorg Med Chem Lett";"1994";"None";"";"";"";"7.0"
"CHEMBL305647";"";"None";"701.80";"2";"6.55";"5";"CCCc1nc2ccc(NC(=O)NC(C)C)cc2c(=O)n1Cc1ccc(-c2ccccc2S(=O)(=O)NC(=O)c2ccc(CC)cc2F)cc1F";"IC50";"'='";"0.84";"nM";"9.08";"";"";"UO_0000065";"12.93";"0.25";"2.53";"6.52";"0";"CHEMBL875934";"In vivo inhibitory concentration against Angiotensin II receptor, type 1 of human adrenal membrane";"B";"BAO_0000218";"organism-based format";"None";"None";"None";"None";"None";"";"";"";"CHEMBL227";"Type-1 angiotensin II receptor";"Homo sapiens";"SINGLE PROTEIN";"CHEMBL1150477";"1";"Scientific Literature";"Bioorg Med Chem Lett";"1994";"None";"";"";"";"0.84"
"CHEMBL2158340";"";"None";"389.35";"0";"2.75";"70";"Cc1ccnc(SCc2cc(=O)c(OC(=O)c3ccc([N+](=O)[O-])o3)co2)n1";"IC50";"'>'";"79000.0";"nM";"";"";"";"UO_0000065";"";"";"";"";"0";"CHEMBL2161529";"Inhibition of AT1 receptor";"B";"BAO_0000357";"single protein format";"None";"None";"None";"None";"None";"";"";"";"CHEMBL227";"Type-1 angiotensin II receptor";"Homo sapiens";"SINGLE PROTEIN";"CHEMBL2157975";"1";"Scientific Literature";"Bioorg Med Chem Lett";"2012";"None";"";"";"";"79.0"
"CHEMBL2158339";"";"None";"360.42";"0";"3.31";"69";"Cc1ccnc(SCc2cc(=O)c(OC(=O)c3ccsc3)co2)n1";"IC50";"'>'";"79000.0";"nM";"";"";"";"UO_0000065";"";"";"";"";"0";"CHEMBL2161529";"Inhibition of AT1 receptor";"B";"BAO_0000357";"single protein format";"None";"None";"None";"None";"None";"";"";"";"CHEMBL227";"Type-1 angiotensin II receptor";"Homo sapiens";"SINGLE PROTEIN";"CHEMBL2157975";"1";"Scientific Literature";"Bioorg Med Chem Lett";"2012";"None";"";"";"";"79.0"
"CHEMBL2158331";"";"None";"419.85";"0";"4.17";"60";"Cc1ccnc(SCc2cc(=O)c(OCc3ccc(Cl)c([N+](=O)[O-])c3)co2)n1";"IC50";"'>'";"79000.0";"nM";"";"";"";"UO_0000065";"";"";"";"";"0";"CHEMBL2161529";"Inhibition of AT1 receptor";"B";"BAO_0000357";"single protein format";"None";"None";"None";"None";"None";"";"";"";"CHEMBL227";"Type-1 angiotensin II receptor";"Homo sapiens";"SINGLE PROTEIN";"CHEMBL2157975";"1";"Scientific Literature";"Bioorg Med Chem Lett";"2012";"None";"";"";"";"79.0"
"CHEMBL340078";"";"None";"792.64";"2";"8.02";"23";"CCCCc1nn(-c2cc(NC(=O)CC)ccc2C(F)(F)F)c(=O)n1Cc1ccc(-c2ccccc2S(=O)(=O)NC(=O)c2cc(Cl)ccc2Cl)cc1F";"IC50";"'='";"0.96";"nM";"9.02";"";"";"UO_0000065";"11.38";"0.23";"1.00";"6.82";"0";"CHEMBL650312";"In vitro inhibitory activity against angiotensin II receptor type 1, in human adrenal membrane preparations.";"B";"BAO_0000249";"cell membrane format";"None";"None";"None";"None";"None";"";"";"";"CHEMBL227";"Type-1 angiotensin II receptor";"Homo sapiens";"SINGLE PROTEIN";"CHEMBL1128554";"1";"Scientific Literature";"J Med Chem";"1995";"None";"";"";"";"0.96"
"CHEMBL191";"LOSARTAN";"4.0";"422.92";"0";"4.27";"Losartan";"CCCCc1nc(Cl)c(CO)n1Cc1ccc(-c2ccccc2-c2nnn[nH]2)cc1";"IC50";"'='";"28.6";"nM";"7.54";"";"";"UO_0000065";"17.84";"0.34";"3.27";"8.15";"1";"CHEMBL3736606";"Displacement of [125I]Sar1Ile8-Ang2 from human AT1 receptor expressed in CHO-K1 cell membranes after 180 mins";"B";"BAO_0000219";"cell-based format";"Homo sapiens";"None";"None";"CHO-K1";"None";"";"";"";"CHEMBL227";"Type-1 angiotensin II receptor";"Homo sapiens";"SINGLE PROTEIN";"CHEMBL3734751";"1";"Scientific Literature";"Eur J Med Chem";"2015";"CHEMBL3307512";"";"";"";"28.6"
"CHEMBL3735333";"";"None";"547.66";"2";"6.17";"9S";"CCCc1nc2c(C)cc(C(=O)NC[C@@H](O)c3ccccc3)cc2n1Cc1ccc(-c2ccccc2C(=O)O)cc1";"IC50";"'='";"104.0";"nM";"6.98";"";"";"UO_0000065";"12.75";"0.23";"0.81";"6.69";"0";"CHEMBL3736606";"Displacement of [125I]Sar1Ile8-Ang2 from human AT1 receptor expressed in CHO-K1 cell membranes after 180 mins";"B";"BAO_0000219";"cell-based format";"Homo sapiens";"None";"None";"CHO-K1";"None";"";"";"";"CHEMBL227";"Type-1 angiotensin II receptor";"Homo sapiens";"SINGLE PROTEIN";"CHEMBL3734751";"1";"Scientific Literature";"Eur J Med Chem";"2015";"CHEMBL3307512";"";"";"";"104.0"
"CHEMBL3735744";"";"None";"569.71";"2";"6.73";"8R";"CCCc1nc2c(C)cc(C(=O)NC[C@H](C)c3ccccc3)cc2n1Cc1ccc(-c2ccccc2-c2nnn[nH]2)cc1";"IC50";"'='";"1.1";"nM";"8.96";"";"";"UO_0000065";"15.72";"0.28";"2.23";"8.84";"0";"CHEMBL3736606";"Displacement of [125I]Sar1Ile8-Ang2 from human AT1 receptor expressed in CHO-K1 cell membranes after 180 mins";"B";"BAO_0000219";"cell-based format";"Homo sapiens";"None";"None";"CHO-K1";"None";"";"";"";"CHEMBL227";"Type-1 angiotensin II receptor";"Homo sapiens";"SINGLE PROTEIN";"CHEMBL3734751";"1";"Scientific Literature";"Eur J Med Chem";"2015";"CHEMBL3307512";"";"";"";"1.1"
"CHEMBL1605977";"";"None";"319.41";"0";"4.02";"SID4244630";"COc1cccc2sc(Nc3nc(C)c(C(C)=O)s3)nc12";"IC50";"'='";"23304.0";"nM";"4.63";"";"Not Active";"UO_0000065";"";"";"";"";"0";"CHEMBL1614336";"PUBCHEM_BIOASSAY: Dose Response screen for antagonists of Angiotensin II Receptor Type 1 to assess selectivity of uHTS small molecule antagonists hits of the APJ receptor. (Class of assay: confirmatory) [Related pubchem assays: 2569, 2521 ]";"F";"BAO_0000019";"assay format";"Homo sapiens";"None";"None";"None";"None";"";"";"";"CHEMBL227";"Type-1 angiotensin II receptor";"Homo sapiens";"SINGLE PROTEIN";"CHEMBL1201862";"7";"PubChem BioAssays";"";"";"None";"";"";"";"23.304"
"CHEMBL3191846";"";"None";"366.43";"0";"3.05";"SID17512642";"COc1ccc(/C=N/Nc2cc(C)nc(-n3nc(C)cc3C)n2)c(OC)c1";"IC50";"'='";"3512.0";"nM";"5.45";"";"Active";"UO_0000065";"";"";"";"";"0";"CHEMBL1614336";"PUBCHEM_BIOASSAY: Dose Response screen for antagonists of Angiotensin II Receptor Type 1 to assess selectivity of uHTS small molecule antagonists hits of the APJ receptor. (Class of assay: confirmatory) [Related pubchem assays: 2569, 2521 ]";"F";"BAO_0000019";"assay format";"Homo sapiens";"None";"None";"None";"None";"";"";"";"CHEMBL227";"Type-1 angiotensin II receptor";"Homo sapiens";"SINGLE PROTEIN";"CHEMBL1201862";"7";"PubChem BioAssays";"";"";"None";"";"";"";"3.512"
"CHEMBL1321754";"";"None";"298.37";"0";"3.34";"SID49723904";"Cc1ccc2cccc(NS(=O)(=O)c3ccccc3)c2n1";"IC50";"'='";"2346.0";"nM";"5.63";"";"Active";"UO_0000065";"";"";"";"";"0";"CHEMBL1614336";"PUBCHEM_BIOASSAY: Dose Response screen for antagonists of Angiotensin II Receptor Type 1 to assess selectivity of uHTS small molecule antagonists hits of the APJ receptor. (Class of assay: confirmatory) [Related pubchem assays: 2569, 2521 ]";"F";"BAO_0000019";"assay format";"Homo sapiens";"None";"None";"None";"None";"";"";"";"CHEMBL227";"Type-1 angiotensin II receptor";"Homo sapiens";"SINGLE PROTEIN";"CHEMBL1201862";"7";"PubChem BioAssays";"";"";"None";"";"";"";"2.346"
"CHEMBL1256686";"CALCIMYCIN";"2.0";"523.63";"2";"5.53";"SID26732633";"CNc1ccc2oc(C[C@H]3O[C@@]4(CC[C@H]3C)O[C@H]([C@H](C)C(=O)c3ccc[nH]3)[C@H](C)C[C@H]4C)nc2c1C(=O)O";"IC50";"'>'";"40000.0";"nM";"";"";"Not Active";"UO_0000065";"";"";"";"";"0";"CHEMBL1614336";"PUBCHEM_BIOASSAY: Dose Response screen for antagonists of Angiotensin II Receptor Type 1 to assess selectivity of uHTS small molecule antagonists hits of the APJ receptor. (Class of assay: confirmatory) [Related pubchem assays: 2569, 2521 ]";"F";"BAO_0000019";"assay format";"Homo sapiens";"None";"None";"None";"None";"";"";"";"CHEMBL227";"Type-1 angiotensin II receptor";"Homo sapiens";"SINGLE PROTEIN";"CHEMBL1201862";"7";"PubChem BioAssays";"";"";"None";"";"";"";"40.0"
"CHEMBL1465101";"";"None";"352.44";"0";"1.85";"SID24783236";"COc1cc(/C=C2\SC(=S)N(N3CCOCC3)C2=O)ccc1O";"IC50";"'>'";"40000.0";"nM";"";"";"Not Active";"UO_0000065";"";"";"";"";"0";"CHEMBL1614336";"PUBCHEM_BIOASSAY: Dose Response screen for antagonists of Angiotensin II Receptor Type 1 to assess selectivity of uHTS small molecule antagonists hits of the APJ receptor. (Class of assay: confirmatory) [Related pubchem assays: 2569, 2521 ]";"F";"BAO_0000019";"assay format";"Homo sapiens";"None";"None";"None";"None";"";"";"";"CHEMBL227";"Type-1 angiotensin II receptor";"Homo sapiens";"SINGLE PROTEIN";"CHEMBL1201862";"7";"PubChem BioAssays";"";"";"None";"";"";"";"40.0"
"CHEMBL1589900";"";"None";"310.14";"0";"3.43";"SID85199380";"O=C(OCC(=O)c1ccc(Cl)cc1Cl)c1ccccn1";"IC50";"'='";"35893.0";"nM";"4.45";"";"Not Active";"UO_0000065";"";"";"";"";"0";"CHEMBL1614336";"PUBCHEM_BIOASSAY: Dose Response screen for antagonists of Angiotensin II Receptor Type 1 to assess selectivity of uHTS small molecule antagonists hits of the APJ receptor. (Class of assay: confirmatory) [Related pubchem assays: 2569, 2521 ]";"F";"BAO_0000019";"assay format";"Homo sapiens";"None";"None";"None";"None";"";"";"";"CHEMBL227";"Type-1 angiotensin II receptor";"Homo sapiens";"SINGLE PROTEIN";"CHEMBL1201862";"7";"PubChem BioAssays";"";"";"None";"";"";"";"35.893"
"CHEMBL1593888";"";"None";"306.41";"0";"4.32";"SID49647888";"CCCN(CCC)c1nc(-c2ccccn2)nc2ccccc12";"IC50";"'='";"23855.0";"nM";"4.62";"";"Not Active";"UO_0000065";"";"";"";"";"0";"CHEMBL1614336";"PUBCHEM_BIOASSAY: Dose Response screen for antagonists of Angiotensin II Receptor Type 1 to assess selectivity of uHTS small molecule antagonists hits of the APJ receptor. (Class of assay: confirmatory) [Related pubchem assays: 2569, 2521 ]";"F";"BAO_0000019";"assay format";"Homo sapiens";"None";"None";"None";"None";"";"";"";"CHEMBL227";"Type-1 angiotensin II receptor";"Homo sapiens";"SINGLE PROTEIN";"CHEMBL1201862";"7";"PubChem BioAssays";"";"";"None";"";"";"";"23.855"
"CHEMBL1391919";"";"None";"423.77";"0";"1.11";"SID49817228";"O=C(CNC(=O)c1ccco1)NCC(=O)OCC(=O)c1ccc(Cl)c([N+](=O)[O-])c1";"IC50";"'='";"7541.0";"nM";"5.12";"";"Active";"UO_0000065";"";"";"";"";"0";"CHEMBL1614336";"PUBCHEM_BIOASSAY: Dose Response screen for antagonists of Angiotensin II Receptor Type 1 to assess selectivity of uHTS small molecule antagonists hits of the APJ receptor. (Class of assay: confirmatory) [Related pubchem assays: 2569, 2521 ]";"F";"BAO_0000019";"assay format";"Homo sapiens";"None";"None";"None";"None";"";"";"";"CHEMBL227";"Type-1 angiotensin II receptor";"Homo sapiens";"SINGLE PROTEIN";"CHEMBL1201862";"7";"PubChem BioAssays";"";"";"None";"";"";"";"7.541"
"CHEMBL1587672";"";"None";"334.16";"0";"0.59";"SID14745104";"O=C1OCC(CO)(CO)N=C1NNc1cc(Cl)ccc1Cl";"IC50";"'='";"12056.0";"nM";"4.92";"";"Active";"UO_0000065";"";"";"";"";"0";"CHEMBL1614336";"PUBCHEM_BIOASSAY: Dose Response screen for antagonists of Angiotensin II Receptor Type 1 to assess selectivity of uHTS small molecule antagonists hits of the APJ receptor. (Class of assay: confirmatory) [Related pubchem assays: 2569, 2521 ]";"F";"BAO_0000019";"assay format";"Homo sapiens";"None";"None";"None";"None";"";"";"";"CHEMBL227";"Type-1 angiotensin II receptor";"Homo sapiens";"SINGLE PROTEIN";"CHEMBL1201862";"7";"PubChem BioAssays";"";"";"None";"";"";"";"12.056"
"CHEMBL1367952";"";"None";"326.27";"0";"3.90";"SID49725056";"O=C(O)c1ccccc1N=Nc1c(O)[nH]c2ccc([N+](=O)[O-])cc12";"IC50";"'>'";"40000.0";"nM";"";"";"Not Active";"UO_0000065";"";"";"";"";"0";"CHEMBL1614336";"PUBCHEM_BIOASSAY: Dose Response screen for antagonists of Angiotensin II Receptor Type 1 to assess selectivity of uHTS small molecule antagonists hits of the APJ receptor. (Class of assay: confirmatory) [Related pubchem assays: 2569, 2521 ]";"F";"BAO_0000019";"assay format";"Homo sapiens";"None";"None";"None";"None";"";"";"";"CHEMBL227";"Type-1 angiotensin II receptor";"Homo sapiens";"SINGLE PROTEIN";"CHEMBL1201862";"7";"PubChem BioAssays";"";"";"None";"";"";"";"40.0"
"CHEMBL1327815";"";"None";"312.30";"0";"3.54";"SID3715849";"O=C(Cc1ccc(F)cc1)OCC(=O)c1cc2ccccc2o1";"IC50";"'='";"23928.0";"nM";"4.62";"";"Not Active";"UO_0000065";"";"";"";"";"0";"CHEMBL1614336";"PUBCHEM_BIOASSAY: Dose Response screen for antagonists of Angiotensin II Receptor Type 1 to assess selectivity of uHTS small molecule antagonists hits of the APJ receptor. (Class of assay: confirmatory) [Related pubchem assays: 2569, 2521 ]";"F";"BAO_0000019";"assay format";"Homo sapiens";"None";"None";"None";"None";"";"";"";"CHEMBL227";"Type-1 angiotensin II receptor";"Homo sapiens";"SINGLE PROTEIN";"CHEMBL1201862";"7";"PubChem BioAssays";"";"";"None";"";"";"";"23.928"
"CHEMBL1999049";"";"None";"330.82";"0";"2.33";"SID26724400";"CCn1c(Cl)c(C=O)s/c1=N\S(=O)(=O)c1ccccc1";"IC50";"'='";"2242.0";"nM";"5.65";"";"Active";"UO_0000065";"";"";"";"";"0";"CHEMBL1614336";"PUBCHEM_BIOASSAY: Dose Response screen for antagonists of Angiotensin II Receptor Type 1 to assess selectivity of uHTS small molecule antagonists hits of the APJ receptor. (Class of assay: confirmatory) [Related pubchem assays: 2569, 2521 ]";"F";"BAO_0000019";"assay format";"Homo sapiens";"None";"None";"None";"None";"";"";"";"CHEMBL227";"Type-1 angiotensin II receptor";"Homo sapiens";"SINGLE PROTEIN";"CHEMBL1201862";"7";"PubChem BioAssays";"";"";"None";"";"";"";"2.242"
"CHEMBL1525764";"";"None";"480.56";"0";"1.81";"SID56319937";"CNS(=O)(=O)c1cccc(C(=O)OCC(=O)c2ccc(S(=O)(=O)N3CCCCC3)cc2)c1";"IC50";"'='";"18784.0";"nM";"4.73";"";"Active";"UO_0000065";"";"";"";"";"0";"CHEMBL1614336";"PUBCHEM_BIOASSAY: Dose Response screen for antagonists of Angiotensin II Receptor Type 1 to assess selectivity of uHTS small molecule antagonists hits of the APJ receptor. (Class of assay: confirmatory) [Related pubchem assays: 2569, 2521 ]";"F";"BAO_0000019";"assay format";"Homo sapiens";"None";"None";"None";"None";"";"";"";"CHEMBL227";"Type-1 angiotensin II receptor";"Homo sapiens";"SINGLE PROTEIN";"CHEMBL1201862";"7";"PubChem BioAssays";"";"";"None";"";"";"";"18.784"
"CHEMBL1550499";"";"None";"425.19";"0";"2.41";"SID26661584";"Cc1ccc(C(=O)COC(=O)CNC(=O)c2ccc(Br)o2)cc1[N+](=O)[O-]";"IC50";"'>'";"40000.0";"nM";"";"";"Not Active";"UO_0000065";"";"";"";"";"0";"CHEMBL1614336";"PUBCHEM_BIOASSAY: Dose Response screen for antagonists of Angiotensin II Receptor Type 1 to assess selectivity of uHTS small molecule antagonists hits of the APJ receptor. (Class of assay: confirmatory) [Related pubchem assays: 2569, 2521 ]";"F";"BAO_0000019";"assay format";"Homo sapiens";"None";"None";"None";"None";"";"";"";"CHEMBL227";"Type-1 angiotensin II receptor";"Homo sapiens";"SINGLE PROTEIN";"CHEMBL1201862";"7";"PubChem BioAssays";"";"";"None";"";"";"";"40.0"
"CHEMBL1589540";"";"None";"304.19";"0";"4.05";"SID17408373";"Cc1ccc(C(=O)CNc2ccc(Br)cc2)cc1";"IC50";"'='";"7475.0";"nM";"5.13";"";"Active";"UO_0000065";"";"";"";"";"0";"CHEMBL1614336";"PUBCHEM_BIOASSAY: Dose Response screen for antagonists of Angiotensin II Receptor Type 1 to assess selectivity of uHTS small molecule antagonists hits of the APJ receptor. (Class of assay: confirmatory) [Related pubchem assays: 2569, 2521 ]";"F";"BAO_0000019";"assay format";"Homo sapiens";"None";"None";"None";"None";"";"";"";"CHEMBL227";"Type-1 angiotensin II receptor";"Homo sapiens";"SINGLE PROTEIN";"CHEMBL1201862";"7";"PubChem BioAssays";"";"";"None";"";"";"";"7.475"
"CHEMBL1356726";"";"None";"387.26";"0";"2.17";"SID56319013";"COc1ccc(S(=O)(=O)NNc2nc(C)cc(C)n2)cc1Br";"IC50";"'>'";"40000.0";"nM";"";"";"Not Active";"UO_0000065";"";"";"";"";"0";"CHEMBL1614336";"PUBCHEM_BIOASSAY: Dose Response screen for antagonists of Angiotensin II Receptor Type 1 to assess selectivity of uHTS small molecule antagonists hits of the APJ receptor. (Class of assay: confirmatory) [Related pubchem assays: 2569, 2521 ]";"F";"BAO_0000019";"assay format";"Homo sapiens";"None";"None";"None";"None";"";"";"";"CHEMBL227";"Type-1 angiotensin II receptor";"Homo sapiens";"SINGLE PROTEIN";"CHEMBL1201862";"7";"PubChem BioAssays";"";"";"None";"";"";"";"40.0"
"CHEMBL331455";"";"None";"705.73";"2";"6.42";"17";"CCCCc1nn(-c2cc(NC(=O)CC)ccc2C(F)(F)F)c(=O)n1Cc1ccc(-c2ccccc2S(=O)(=O)NC(=O)OC(C)C)cc1F";"IC50";"'='";"0.45";"nM";"9.35";"";"";"UO_0000065";"13.24";"0.26";"2.93";"6.61";"0";"CHEMBL650312";"In vitro inhibitory activity against angiotensin II receptor type 1, in human adrenal membrane preparations.";"B";"BAO_0000249";"cell membrane format";"None";"None";"None";"None";"None";"";"";"";"CHEMBL227";"Type-1 angiotensin II receptor";"Homo sapiens";"SINGLE PROTEIN";"CHEMBL1128554";"1";"Scientific Literature";"J Med Chem";"1995";"None";"";"";"";"0.45"
"CHEMBL1603871";"";"None";"280.15";"0";"4.29";"SID17413839";"O=C(CNc1cccc(Cl)c1)c1ccc(Cl)cc1";"IC50";"'='";"5073.0";"nM";"5.29";"";"Active";"UO_0000065";"";"";"";"";"0";"CHEMBL1614336";"PUBCHEM_BIOASSAY: Dose Response screen for antagonists of Angiotensin II Receptor Type 1 to assess selectivity of uHTS small molecule antagonists hits of the APJ receptor. (Class of assay: confirmatory) [Related pubchem assays: 2569, 2521 ]";"F";"BAO_0000019";"assay format";"Homo sapiens";"None";"None";"None";"None";"";"";"";"CHEMBL227";"Type-1 angiotensin II receptor";"Homo sapiens";"SINGLE PROTEIN";"CHEMBL1201862";"7";"PubChem BioAssays";"";"";"None";"";"";"";"5.073"
"CHEMBL1983418";"";"None";"391.43";"0";"3.29";"SID22407439";"COc1cc(C(=O)N/N=C(\c2ccccc2)c2ccccn2)cc(OC)c1OC";"IC50";"'>'";"40000.0";"nM";"";"";"Not Active";"UO_0000065";"";"";"";"";"0";"CHEMBL1614336";"PUBCHEM_BIOASSAY: Dose Response screen for antagonists of Angiotensin II Receptor Type 1 to assess selectivity of uHTS small molecule antagonists hits of the APJ receptor. (Class of assay: confirmatory) [Related pubchem assays: 2569, 2521 ]";"F";"BAO_0000019";"assay format";"Homo sapiens";"None";"None";"None";"None";"";"";"";"CHEMBL227";"Type-1 angiotensin II receptor";"Homo sapiens";"SINGLE PROTEIN";"CHEMBL1201862";"7";"PubChem BioAssays";"";"";"None";"";"";"";"40.0"
"CHEMBL1416089";"";"None";"494.98";"0";"3.00";"SID49721505";"CCS(=O)(=O)c1ncc(Cl)c(C(=O)Nc2ccc(S(=O)(=O)N(C)c3ccccc3)cc2)n1";"IC50";"'='";"3564.0";"nM";"5.45";"";"Active";"UO_0000065";"";"";"";"";"0";"CHEMBL1614336";"PUBCHEM_BIOASSAY: Dose Response screen for antagonists of Angiotensin II Receptor Type 1 to assess selectivity of uHTS small molecule antagonists hits of the APJ receptor. (Class of assay: confirmatory) [Related pubchem assays: 2569, 2521 ]";"F";"BAO_0000019";"assay format";"Homo sapiens";"None";"None";"None";"None";"";"";"";"CHEMBL227";"Type-1 angiotensin II receptor";"Homo sapiens";"SINGLE PROTEIN";"CHEMBL1201862";"7";"PubChem BioAssays";"";"";"None";"";"";"";"3.564"
"CHEMBL1320678";"";"None";"303.19";"0";"3.70";"SID858494";"ON1C(c2ccc(Cl)cc2Cl)N(O)[C@H]2CCCC[C@H]21";"IC50";"'='";"17663.0";"nM";"4.75";"";"Active";"UO_0000065";"";"";"";"";"0";"CHEMBL1614336";"PUBCHEM_BIOASSAY: Dose Response screen for antagonists of Angiotensin II Receptor Type 1 to assess selectivity of uHTS small molecule antagonists hits of the APJ receptor. (Class of assay: confirmatory) [Related pubchem assays: 2569, 2521 ]";"F";"BAO_0000019";"assay format";"Homo sapiens";"None";"None";"None";"None";"";"";"";"CHEMBL227";"Type-1 angiotensin II receptor";"Homo sapiens";"SINGLE PROTEIN";"CHEMBL1201862";"7";"PubChem BioAssays";"";"";"None";"";"";"";"17.663"
"CHEMBL2158325";"";"None";"447.85";"0";"4.72";"54";"COc1ccc(SCc2cc(=O)c(OC(=O)c3ccc(Cl)c([N+](=O)[O-])c3)co2)cc1";"IC50";"'>'";"79000.0";"nM";"";"";"";"UO_0000065";"";"";"";"";"0";"CHEMBL2161529";"Inhibition of AT1 receptor";"B";"BAO_0000357";"single protein format";"None";"None";"None";"None";"None";"";"";"";"CHEMBL227";"Type-1 angiotensin II receptor";"Homo sapiens";"SINGLE PROTEIN";"CHEMBL2157975";"1";"Scientific Literature";"Bioorg Med Chem Lett";"2012";"None";"";"";"";"79.0"
"CHEMBL2158323";"";"None";"250.28";"0";"1.74";"52";"Cc1ccnc(SCc2cc(=O)c(O)co2)n1";"IC50";"'>'";"79000.0";"nM";"";"";"";"UO_0000065";"";"";"";"";"0";"CHEMBL2161529";"Inhibition of AT1 receptor";"B";"BAO_0000357";"single protein format";"None";"None";"None";"None";"None";"";"";"";"CHEMBL227";"Type-1 angiotensin II receptor";"Homo sapiens";"SINGLE PROTEIN";"CHEMBL2157975";"1";"Scientific Literature";"Bioorg Med Chem Lett";"2012";"None";"";"";"";"79.0"
"CHEMBL2158283";"";"None";"384.41";"0";"3.26";"43";"COc1cccc(C(=O)Oc2coc(CSc3nccc(C)n3)cc2=O)c1";"IC50";"'>'";"79000.0";"nM";"";"";"";"UO_0000065";"";"";"";"";"0";"CHEMBL2161529";"Inhibition of AT1 receptor";"B";"BAO_0000357";"single protein format";"None";"None";"None";"None";"None";"";"";"";"CHEMBL227";"Type-1 angiotensin II receptor";"Homo sapiens";"SINGLE PROTEIN";"CHEMBL2157975";"1";"Scientific Literature";"Bioorg Med Chem Lett";"2012";"None";"";"";"";"79.0"
"CHEMBL1470363";"";"None";"433.83";"0";"3.81";"41";"Cc1ccnc(SCc2cc(=O)c(OC(=O)c3cc([N+](=O)[O-])ccc3Cl)co2)n1";"IC50";"'>'";"79000.0";"nM";"";"";"";"UO_0000065";"";"";"";"";"0";"CHEMBL2161529";"Inhibition of AT1 receptor";"B";"BAO_0000357";"single protein format";"None";"None";"None";"None";"None";"";"";"";"CHEMBL227";"Type-1 angiotensin II receptor";"Homo sapiens";"SINGLE PROTEIN";"CHEMBL2157975";"1";"Scientific Literature";"Bioorg Med Chem Lett";"2012";"None";"";"";"";"79.0"
"CHEMBL2158269";"";"None";"487.56";"0";"3.12";"25";"O=C(Oc1coc(CSc2ncccn2)cc1=O)c1ccc(S(=O)(=O)N2CCCCC2)cc1";"IC50";"'>'";"79000.0";"nM";"";"";"";"UO_0000065";"";"";"";"";"0";"CHEMBL2161529";"Inhibition of AT1 receptor";"B";"BAO_0000357";"single protein format";"None";"None";"None";"None";"None";"";"";"";"CHEMBL227";"Type-1 angiotensin II receptor";"Homo sapiens";"SINGLE PROTEIN";"CHEMBL2157975";"1";"Scientific Literature";"Bioorg Med Chem Lett";"2012";"None";"";"";"";"79.0"
"CHEMBL2158267";"";"None";"416.46";"0";"4.61";"23";"O=C(Oc1coc(CSc2ncccn2)cc1=O)c1ccc(-c2ccccc2)cc1";"IC50";"'>'";"79000.0";"nM";"";"";"";"UO_0000065";"";"";"";"";"0";"CHEMBL2161529";"Inhibition of AT1 receptor";"B";"BAO_0000357";"single protein format";"None";"None";"None";"None";"None";"";"";"";"CHEMBL227";"Type-1 angiotensin II receptor";"Homo sapiens";"SINGLE PROTEIN";"CHEMBL2157975";"1";"Scientific Literature";"Bioorg Med Chem Lett";"2012";"None";"";"";"";"79.0"
"CHEMBL311160";"";"None";"687.77";"2";"6.16";"14";"CCc1ccc(C(=O)NS(=O)(=O)c2ccccc2-c2ccc(Cn3c(CC)nc4ccc(NC(=O)NC(C)C)cc4c3=O)c(F)c2)c(F)c1";"IC50";"'='";"1.6";"nM";"8.80";"";"";"UO_0000065";"12.79";"0.25";"2.64";"6.32";"0";"CHEMBL875934";"In vivo inhibitory concentration against Angiotensin II receptor, type 1 of human adrenal membrane";"B";"BAO_0000218";"organism-based format";"None";"None";"None";"None";"None";"";"";"";"CHEMBL227";"Type-1 angiotensin II receptor";"Homo sapiens";"SINGLE PROTEIN";"CHEMBL1150477";"1";"Scientific Literature";"Bioorg Med Chem Lett";"1994";"None";"";"";"";"1.6"
"CHEMBL122157";"";"None";"702.60";"2";"5.78";"43";"CCC(=O)Nc1ccc(Br)c(-n2nc(CC)n(Cc3ccc(-c4ccccc4S(=O)(=O)NC(=O)OC(C)(C)C)cc3F)c2=O)c1";"IC50";"'='";"3.4";"nM";"8.47";"";"";"UO_0000065";"12.05";"0.26";"2.69";"5.99";"0";"CHEMBL650312";"In vitro inhibitory activity against angiotensin II receptor type 1, in human adrenal membrane preparations.";"B";"BAO_0000249";"cell membrane format";"None";"None";"None";"None";"None";"";"";"";"CHEMBL227";"Type-1 angiotensin II receptor";"Homo sapiens";"SINGLE PROTEIN";"CHEMBL1128554";"1";"Scientific Literature";"J Med Chem";"1995";"None";"";"";"";"3.4"
"CHEMBL178380";"";"None";"435.54";"0";"4.99";"2b (rac)";"CCc1nc2c(C)cc(C)nc2n1C1CCc2cc(-c3ccccc3-c3nn[nH]n3)ccc21";"IC50";"'='";"96.0";"nM";"7.02";"";"";"UO_0000065";"16.11";"0.29";"2.03";"8.24";"0";"CHEMBL1803889";"Displacement of [125I]Tyr4-Sar1,Ile8-Angiotensin II from human Angiotensin 1 receptor after 60 mins by scintillation counting";"B";"BAO_0000357";"single protein format";"Homo sapiens";"None";"None";"None";"None";"";"";"";"CHEMBL227";"Type-1 angiotensin II receptor";"Homo sapiens";"SINGLE PROTEIN";"CHEMBL1800018";"1";"Scientific Literature";"J Med Chem";"2011";"None";"";"";"";"96.0"
"CHEMBL1801736";"";"None";"449.56";"1";"5.30";"2h";"CCc1nc2c(C)c(C)c(C)nc2n1[C@H]1CCc2cc(-c3ccccc3-c3nnn[nH]3)ccc21";"IC50";"'='";"202.0";"nM";"6.70";"";"";"UO_0000065";"14.89";"0.27";"1.39";"7.86";"0";"CHEMBL1803889";"Displacement of [125I]Tyr4-Sar1,Ile8-Angiotensin II from human Angiotensin 1 receptor after 60 mins by scintillation counting";"B";"BAO_0000357";"single protein format";"Homo sapiens";"None";"None";"None";"None";"";"";"";"CHEMBL227";"Type-1 angiotensin II receptor";"Homo sapiens";"SINGLE PROTEIN";"CHEMBL1800018";"1";"Scientific Literature";"J Med Chem";"2011";"None";"";"";"";"202.0"
"CHEMBL1801713";"";"None";"435.54";"0";"4.99";"2c (R)";"CCc1nc2c(C)cc(C)nc2n1[C@@H]1CCc2cc(-c3ccccc3-c3nnn[nH]3)ccc21";"IC50";"'='";"661.0";"nM";"6.18";"";"";"UO_0000065";"14.19";"0.26";"1.19";"7.26";"0";"CHEMBL1803889";"Displacement of [125I]Tyr4-Sar1,Ile8-Angiotensin II from human Angiotensin 1 receptor after 60 mins by scintillation counting";"B";"BAO_0000357";"single protein format";"Homo sapiens";"None";"None";"None";"None";"";"";"";"CHEMBL227";"Type-1 angiotensin II receptor";"Homo sapiens";"SINGLE PROTEIN";"CHEMBL1800018";"1";"Scientific Literature";"J Med Chem";"2011";"None";"";"";"";"661.0"
"CHEMBL308703";"";"None";"563.67";"1";"4.15";"XH-148";"CCCc1nc(CN2CCN(c3ccccn3)CC2)c(C(=O)O)n1Cc1ccc(-c2ccccc2-c2nn[nH]n2)cc1";"IC50";"'='";"4.2";"nM";"8.38";"";"";"UO_0000065";"14.86";"0.27";"4.23";"6.50";"1";"CHEMBL647575";"Inhibition of Angiotensin II receptor, type 1";"B";"BAO_0000357";"single protein format";"None";"None";"None";"None";"None";"";"";"";"CHEMBL227";"Type-1 angiotensin II receptor";"Homo sapiens";"SINGLE PROTEIN";"CHEMBL1129469";"1";"Scientific Literature";"J Med Chem";"1996";"None";"";"";"";"4.2"
"CHEMBL307008";"";"None";"703.86";"2";"8.16";"29";"CCCOC(=O)NS(=O)(=O)c1ccccc1-c1ccc(Cn2c(CCC)nc(CC)c2C(=O)OCc2ccccc2-c2cccs2)c(F)c1";"IC50";"'='";"0.5";"nM";"9.30";"";"";"UO_0000065";"13.21";"0.26";"1.14";"7.98";"0";"CHEMBL648492";"Binding affinity for Angiotensin II receptor, type 1";"B";"BAO_0000357";"single protein format";"None";"None";"None";"None";"None";"";"";"";"CHEMBL227";"Type-1 angiotensin II receptor";"Homo sapiens";"SINGLE PROTEIN";"CHEMBL1150518";"1";"Scientific Literature";"Bioorg Med Chem Lett";"1994";"None";"";"";"";"0.5"
"CHEMBL303647";"";"None";"726.87";"2";"8.13";"33";"CCCc1nc(CC)c(C(=O)OCc2ccccc2-c2ccccn2)n1Cc1ccc(-c2ccccc2S(=O)(=O)NC(=O)OCCC(C)C)cc1F";"IC50";"'='";"0.3";"nM";"9.52";"";"";"UO_0000065";"13.10";"0.25";"1.39";"7.35";"0";"CHEMBL648492";"Binding affinity for Angiotensin II receptor, type 1";"B";"BAO_0000357";"single protein format";"None";"None";"None";"None";"None";"";"";"";"CHEMBL227";"Type-1 angiotensin II receptor";"Homo sapiens";"SINGLE PROTEIN";"CHEMBL1150518";"1";"Scientific Literature";"Bioorg Med Chem Lett";"1994";"None";"";"";"";"0.3"
"CHEMBL11706";"BMS-248360";"None";"659.85";"2";"6.76";"BMS-248360";"CCCCC1=NC2(CCCC2)C(=O)N1Cc1ccc(-c2ccccc2S(=O)(=O)Nc2onc(C)c2C)c(CN2CCC(C)(C)C2=O)c1";"IC50";"'='";"6.0";"nM";"8.22";"";"";"UO_0000065";"12.46";"0.24";"1.46";"6.57";"0";"CHEMBL3739215";"Displacement of 125I-labeled Sar1-Ile8-angiotensin II from human AT1 receptor incubated for 2 hrs by gamma counting analysis";"B";"BAO_0000357";"single protein format";"Homo sapiens";"None";"None";"None";"None";"";"";"";"CHEMBL227";"Type-1 angiotensin II receptor";"Homo sapiens";"SINGLE PROTEIN";"CHEMBL3734700";"1";"Scientific Literature";"Medchemcomm";"2015";"None";"";"";"";"6.0"
"CHEMBL3736242";"";"None";"592.12";"2";"6.15";"Fig1;3";"CCCCc1nn(-c2ccccc2Cl)c(=O)n1Cc1ccc(-c2ccccc2S(=O)(=O)Nc2onc(C)c2C)cc1";"IC50";"'='";"7.0";"nM";"8.15";"";"";"UO_0000065";"13.77";"0.27";"2.00";"7.28";"0";"CHEMBL3739215";"Displacement of 125I-labeled Sar1-Ile8-angiotensin II from human AT1 receptor incubated for 2 hrs by gamma counting analysis";"B";"BAO_0000357";"single protein format";"Homo sapiens";"None";"None";"None";"None";"";"";"";"CHEMBL227";"Type-1 angiotensin II receptor";"Homo sapiens";"SINGLE PROTEIN";"CHEMBL3734700";"1";"Scientific Literature";"Medchemcomm";"2015";"None";"";"";"";"7.0"
"CHEMBL290214";"";"None";"640.81";"2";"7.14";"L-163491";"CCCCOC(=O)NS(=O)(=O)c1ccc(Cc2cccc(OC)c2)cc1-c1ccc(Cn2c(CC)nc3c(C)cc(C)nc32)cc1";"IC50";"'='";"1.4";"nM";"8.85";"";"";"UO_0000065";"13.82";"0.26";"1.71";"7.88";"0";"CHEMBL647575";"Inhibition of Angiotensin II receptor, type 1";"B";"BAO_0000357";"single protein format";"None";"None";"None";"None";"None";"";"";"";"CHEMBL227";"Type-1 angiotensin II receptor";"Homo sapiens";"SINGLE PROTEIN";"CHEMBL1129469";"1";"Scientific Literature";"J Med Chem";"1996";"None";"";"";"";"1.4"
"CHEMBL2158344";"";"None";"419.80";"0";"3.50";"2";"O=C(Oc1coc(CSc2ncccn2)cc1=O)c1ccc(Cl)c([N+](=O)[O-])c1";"IC50";"'>'";"79000.0";"nM";"";"";"";"UO_0000065";"";"";"";"";"0";"CHEMBL2161529";"Inhibition of AT1 receptor";"B";"BAO_0000357";"single protein format";"None";"None";"None";"None";"None";"";"";"";"CHEMBL227";"Type-1 angiotensin II receptor";"Homo sapiens";"SINGLE PROTEIN";"CHEMBL2157975";"1";"Scientific Literature";"Bioorg Med Chem Lett";"2012";"None";"";"";"";"79.0"
"CHEMBL2322450";"";"None";"581.60";"2";"6.21";"12o";"CCc1nc2ccn(Cc3cccc(C(F)(F)F)c3)c(=O)c2n1[C@H]1CCc2cc(-c3ccccc3-c3nnn[nH]3)ccc21";"IC50";"'='";"81.6";"nM";"7.09";"";"";"UO_0000065";"12.19";"0.23";"0.88";"7.52";"0";"CHEMBL2327554";"Displacement of [125I]Tyr4-Sar1,Ile8-Angiotensin II from human Angiotensin 1 receptor after";"B";"BAO_0000357";"single protein format";"Homo sapiens";"None";"None";"None";"None";"";"";"";"CHEMBL227";"Type-1 angiotensin II receptor";"Homo sapiens";"SINGLE PROTEIN";"CHEMBL2321681";"1";"Scientific Literature";"Bioorg Med Chem Lett";"2013";"None";"";"";"";"81.6"
"CHEMBL2322447";"";"None";"597.60";"2";"6.09";"12l";"CCc1nc2ccn(Cc3ccccc3OC(F)(F)F)c(=O)c2n1[C@H]1CCc2cc(-c3ccccc3-c3nnn[nH]3)ccc21";"IC50";"'='";"29.3";"nM";"7.53";"";"";"UO_0000065";"12.61";"0.23";"1.44";"7.28";"0";"CHEMBL2327554";"Displacement of [125I]Tyr4-Sar1,Ile8-Angiotensin II from human Angiotensin 1 receptor after";"B";"BAO_0000357";"single protein format";"Homo sapiens";"None";"None";"None";"None";"";"";"";"CHEMBL227";"Type-1 angiotensin II receptor";"Homo sapiens";"SINGLE PROTEIN";"CHEMBL2321681";"1";"Scientific Literature";"Bioorg Med Chem Lett";"2013";"None";"";"";"";"29.3"
"CHEMBL2322443";"";"None";"531.60";"2";"5.33";"12h";"CCc1nc2ccn(Cc3ccccc3F)c(=O)c2n1[C@H]1CCc2cc(-c3ccccc3-c3nnn[nH]3)ccc21";"IC50";"'='";"37.7";"nM";"7.42";"";"";"UO_0000065";"13.96";"0.25";"2.09";"7.87";"0";"CHEMBL2327554";"Displacement of [125I]Tyr4-Sar1,Ile8-Angiotensin II from human Angiotensin 1 receptor after";"B";"BAO_0000357";"single protein format";"Homo sapiens";"None";"None";"None";"None";"";"";"";"CHEMBL227";"Type-1 angiotensin II receptor";"Homo sapiens";"SINGLE PROTEIN";"CHEMBL2321681";"1";"Scientific Literature";"Bioorg Med Chem Lett";"2013";"None";"";"";"";"37.7"
"CHEMBL339113";"";"None";"719.76";"2";"6.81";"3b";"CCCCc1nn(-c2cc(NC(=O)CC)ccc2C(F)(F)F)c(=O)n1Cc1ccc(-c2ccccc2S(=O)(=O)NC(=O)OC(C)(C)C)cc1F";"IC50";"'='";"0.74";"nM";"9.13";"";"";"UO_0000065";"12.69";"0.25";"2.32";"6.46";"0";"CHEMBL650312";"In vitro inhibitory activity against angiotensin II receptor type 1, in human adrenal membrane preparations.";"B";"BAO_0000249";"cell membrane format";"None";"None";"None";"None";"None";"";"";"";"CHEMBL227";"Type-1 angiotensin II receptor";"Homo sapiens";"SINGLE PROTEIN";"CHEMBL1128554";"1";"Scientific Literature";"J Med Chem";"1995";"None";"";"";"";"0.74"
"CHEMBL305956";"";"None";"621.69";"1";"4.87";"21";"Cc1nc2ccc(NC(=O)N(C)C)cc2c(=O)n1Cc1ccc(-c2ccccc2S(=O)(=O)NC(=O)OCCC2CC2)cc1F";"IC50";"'='";"12.0";"nM";"7.92";"";"";"UO_0000065";"12.74";"0.25";"3.05";"5.67";"0";"CHEMBL875934";"In vivo inhibitory concentration against Angiotensin II receptor, type 1 of human adrenal membrane";"B";"BAO_0000218";"organism-based format";"None";"None";"None";"None";"None";"";"";"";"CHEMBL227";"Type-1 angiotensin II receptor";"Homo sapiens";"SINGLE PROTEIN";"CHEMBL1150477";"1";"Scientific Literature";"Bioorg Med Chem Lett";"1994";"None";"";"";"";"12.0"
"CHEMBL307290";"";"None";"665.74";"1";"4.89";"17";"CCCCOC(=O)NS(=O)(=O)c1ccccc1-c1ccc(Cn2c(CC)nc3ccc(NC(=O)N4CCOCC4)cc3c2=O)c(F)c1";"IC50";"'='";"33.0";"nM";"7.48";"";"";"UO_0000065";"11.24";"0.22";"2.59";"5.02";"0";"CHEMBL875934";"In vivo inhibitory concentration against Angiotensin II receptor, type 1 of human adrenal membrane";"B";"BAO_0000218";"organism-based format";"None";"None";"None";"None";"None";"";"";"";"CHEMBL227";"Type-1 angiotensin II receptor";"Homo sapiens";"SINGLE PROTEIN";"CHEMBL1150477";"1";"Scientific Literature";"Bioorg Med Chem Lett";"1994";"None";"";"";"";"33.0"
"CHEMBL439968";"";"None";"404.51";"1";"5.30";"8a";"CCCCC1=NC2(CCCC2)C(=O)N1Cc1ccc(-c2ccccc2C(=O)O)cc1";"IC50";"'='";"190.0";"nM";"6.72";"";"";"UO_0000065";"";"";"";"";"0";"CHEMBL4839255";"Antagonist activity at human AT1 overexpressed in CHO-K1 cells in presence of 10 nM [Val5-angiotensin II measured after 90 mins by HTRF based IP-one assay";"F";"BAO_0000219";"cell-based format";"Homo sapiens";"None";"None";"CHO-K1";"None";"";"";"";"CHEMBL227";"Type-1 angiotensin II receptor";"Homo sapiens";"SINGLE PROTEIN";"CHEMBL4837242";"1";"Scientific Literature";"ACS Med Chem Lett";"2021";"None";"Dose = 10.0 nM | TIME = 1.5 hr";"ANTAGONIST";"";"190.0"
"CHEMBL423325";"";"None";"424.50";"1";"5.15";"8b";"O=C(O)c1ccccc1-c1ccc(CN2C(=O)C3(CCCC3)N=C2c2ccccc2)cc1";"IC50";"'>'";"10000.0";"nM";"";"";"";"UO_0000065";"";"";"";"";"0";"CHEMBL4839255";"Antagonist activity at human AT1 overexpressed in CHO-K1 cells in presence of 10 nM [Val5-angiotensin II measured after 90 mins by HTRF based IP-one assay";"F";"BAO_0000219";"cell-based format";"Homo sapiens";"None";"None";"CHO-K1";"None";"";"";"";"CHEMBL227";"Type-1 angiotensin II receptor";"Homo sapiens";"SINGLE PROTEIN";"CHEMBL4837242";"1";"Scientific Literature";"ACS Med Chem Lett";"2021";"None";"Dose = 10.0 nM | TIME = 1.5 hr";"";"";"10.0"
"CHEMBL116170";"";"None";"418.54";"1";"5.69";"8e";"CCCCC1=NC2(CCCCC2)C(=O)N1Cc1ccc(-c2ccccc2C(=O)O)cc1";"IC50";"'='";"155.0";"nM";"6.81";"";"";"UO_0000065";"";"";"";"";"0";"CHEMBL4839255";"Antagonist activity at human AT1 overexpressed in CHO-K1 cells in presence of 10 nM [Val5-angiotensin II measured after 90 mins by HTRF based IP-one assay";"F";"BAO_0000219";"cell-based format";"Homo sapiens";"None";"None";"CHO-K1";"None";"";"";"";"CHEMBL227";"Type-1 angiotensin II receptor";"Homo sapiens";"SINGLE PROTEIN";"CHEMBL4837242";"1";"Scientific Literature";"ACS Med Chem Lett";"2021";"None";"Dose = 10.0 nM | TIME = 1.5 hr";"ANTAGONIST";"";"155.0"
"CHEMBL4859498";"";"None";"404.52";"0";"3.76";"14";"CCCCC1NC(C)(C)C(=O)N1Cc1ccc(-c2ccccc2-c2nnn[nH]2)cc1";"IC50";"'='";"390.0";"nM";"6.41";"";"";"UO_0000065";"";"";"";"";"0";"CHEMBL4839255";"Antagonist activity at human AT1 overexpressed in CHO-K1 cells in presence of 10 nM [Val5-angiotensin II measured after 90 mins by HTRF based IP-one assay";"F";"BAO_0000219";"cell-based format";"Homo sapiens";"None";"None";"CHO-K1";"None";"";"";"";"CHEMBL227";"Type-1 angiotensin II receptor";"Homo sapiens";"SINGLE PROTEIN";"CHEMBL4837242";"1";"Scientific Literature";"ACS Med Chem Lett";"2021";"None";"Dose = 10.0 nM | TIME = 1.5 hr";"ANTAGONIST";"";"390.0"
"CHEMBL4877651";"";"None";"402.50";"0";"4.24";"15";"CCCCC1=NC(C)(C)C(=O)N1Cc1ccc(-c2ccccc2-c2nnn[nH]2)cc1";"IC50";"'='";"32.0";"nM";"7.50";"";"";"UO_0000065";"";"";"";"";"0";"CHEMBL4839255";"Antagonist activity at human AT1 overexpressed in CHO-K1 cells in presence of 10 nM [Val5-angiotensin II measured after 90 mins by HTRF based IP-one assay";"F";"BAO_0000219";"cell-based format";"Homo sapiens";"None";"None";"CHO-K1";"None";"";"";"";"CHEMBL227";"Type-1 angiotensin II receptor";"Homo sapiens";"SINGLE PROTEIN";"CHEMBL4837242";"1";"Scientific Literature";"ACS Med Chem Lett";"2021";"None";"Dose = 10.0 nM | TIME = 1.5 hr";"ANTAGONIST";"";"32.0"
"CHEMBL63998";"";"None";"530.67";"1";"4.37";"S0029";"CCCNC(=O)NS(=O)(=O)c1ccccc1-c1ccc(Cn2c(CCC)nc(SC)c2C(=O)O)cc1";"IC50";"'='";"0.3";"nM";"9.52";"";"";"UO_0000065";"17.95";"0.36";"5.15";"7.30";"0";"CHEMBL647575";"Inhibition of Angiotensin II receptor, type 1";"B";"BAO_0000357";"single protein format";"None";"None";"None";"None";"None";"";"";"";"CHEMBL227";"Type-1 angiotensin II receptor";"Homo sapiens";"SINGLE PROTEIN";"CHEMBL1129469";"1";"Scientific Literature";"J Med Chem";"1996";"None";"";"";"";"0.3"
"CHEMBL263714";"";"None";"600.78";"2";"6.20";"7";"CCCc1ccc2c(c1)-c1ccc(cc1)Cn1c(CCC)nc3ccc(cc3c1=O)NCCCCCCC(=O)NS2(=O)=O";"IC50";"'='";"4.0";"nM";"8.40";"";"";"UO_0000065";"13.98";"0.27";"2.20";"7.62";"0";"CHEMBL647575";"Inhibition of Angiotensin II receptor, type 1";"B";"BAO_0000357";"single protein format";"None";"None";"None";"None";"None";"";"";"";"CHEMBL227";"Type-1 angiotensin II receptor";"Homo sapiens";"SINGLE PROTEIN";"CHEMBL1129469";"1";"Scientific Literature";"J Med Chem";"1996";"None";"";"";"";"4.0"
"CHEMBL938";"SARALASIN";"4.0";"912.06";"3";"-2.30";"saralasin";"CNCC(=O)N[C@@H](CCCNC(=N)N)C(=O)N[C@H](C(=O)N[C@@H](Cc1ccc(O)cc1)C(=O)N[C@H](C(=O)N[C@@H](Cc1cnc[nH]1)C(=O)N1CCC[C@H]1C(=O)N[C@@H](C)C(=O)O)C(C)C)C(C)C";"IC50";"'='";"1.0";"nM";"9.00";"";"";"UO_0000065";"9.87";"0.19";"11.30";"2.53";"0";"CHEMBL982009";"Inhibition of human AT1 receptor";"B";"BAO_0000357";"single protein format";"Homo sapiens";"None";"None";"None";"None";"";"";"";"CHEMBL227";"Type-1 angiotensin II receptor";"Homo sapiens";"SINGLE PROTEIN";"CHEMBL1155111";"1";"Scientific Literature";"J Med Chem";"2008";"None";"";"";"";"1.0"
"CHEMBL2322177";"";"None";"423.48";"0";"3.67";"12a";"CCc1nc2cc[nH]c(=O)c2n1[C@H]1CCc2cc(-c3ccccc3-c3nnn[nH]3)ccc21";"IC50";"'='";"593.0";"nM";"6.23";"";"";"UO_0000065";"14.70";"0.27";"2.56";"5.92";"0";"CHEMBL2327554";"Displacement of [125I]Tyr4-Sar1,Ile8-Angiotensin II from human Angiotensin 1 receptor after";"B";"BAO_0000357";"single protein format";"Homo sapiens";"None";"None";"None";"None";"";"";"";"CHEMBL227";"Type-1 angiotensin II receptor";"Homo sapiens";"SINGLE PROTEIN";"CHEMBL2321681";"1";"Scientific Literature";"Bioorg Med Chem Lett";"2013";"None";"";"";"";"593.0"
"CHEMBL338888";"";"None";"686.21";"2";"6.45";"39";"CCCCC(=O)Nc1ccc(Cl)c(-n2nc(CC)n(Cc3ccc(-c4ccccc4S(=O)(=O)NC(=O)OC(C)(C)C)cc3F)c2=O)c1";"IC50";"'='";"3.3";"nM";"8.48";"";"";"UO_0000065";"12.36";"0.25";"2.03";"6.00";"0";"CHEMBL650312";"In vitro inhibitory activity against angiotensin II receptor type 1, in human adrenal membrane preparations.";"B";"BAO_0000249";"cell membrane format";"None";"None";"None";"None";"None";"";"";"";"CHEMBL227";"Type-1 angiotensin II receptor";"Homo sapiens";"SINGLE PROTEIN";"CHEMBL1128554";"1";"Scientific Literature";"J Med Chem";"1995";"None";"";"";"";"3.3"
"CHEMBL309367";"";"None";"576.71";"2";"5.14";"12n";"CCCc1nc(CN2CCN(c3ccccc3)C[C@H]2C)c(C(=O)O)n1Cc1ccc(-c2ccccc2-c2nn[nH]n2)cc1";"IC50";"'='";"2.0";"nM";"8.70";"";"";"UO_0000065";"15.08";"0.28";"3.56";"7.50";"0";"CHEMBL647574";"In vitro binding affinity of compound against Angiotensin II receptor, type 1";"B";"BAO_0000357";"single protein format";"None";"None";"None";"None";"None";"";"";"";"CHEMBL227";"Type-1 angiotensin II receptor";"Homo sapiens";"SINGLE PROTEIN";"CHEMBL1127975";"1";"Scientific Literature";"Bioorg Med Chem Lett";"1994";"None";"";"";"";"2.0"
"CHEMBL435811";"";"None";"716.23";"2";"6.07";"11";"CCCCc1nn(-c2cc(NC(=O)CCOC)ccc2Cl)c(=O)n1Cc1ccc(-c2ccccc2S(=O)(=O)NC(=O)OC(C)(C)C)cc1F";"IC50";"'='";"0.14";"nM";"9.85";"";"";"UO_0000065";"13.76";"0.27";"3.78";"6.54";"0";"CHEMBL650312";"In vitro inhibitory activity against angiotensin II receptor type 1, in human adrenal membrane preparations.";"B";"BAO_0000249";"cell membrane format";"None";"None";"None";"None";"None";"";"";"";"CHEMBL227";"Type-1 angiotensin II receptor";"Homo sapiens";"SINGLE PROTEIN";"CHEMBL1128554";"1";"Scientific Literature";"J Med Chem";"1995";"None";"";"";"";"0.14"
"CHEMBL3734763";"";"None";"577.75";"2";"7.79";"19S";"CCCSc1nc2c(C)cc(C(=O)NC[C@@H](C)c3ccccc3)cc2n1Cc1ccc(-c2ccccc2C(=O)O)cc1";"IC50";"'='";"87.2";"nM";"7.06";"";"";"UO_0000065";"12.22";"0.23";"-0.73";"8.38";"0";"CHEMBL3736606";"Displacement of [125I]Sar1Ile8-Ang2 from human AT1 receptor expressed in CHO-K1 cell membranes after 180 mins";"B";"BAO_0000219";"cell-based format";"Homo sapiens";"None";"None";"CHO-K1";"None";"";"";"";"CHEMBL227";"Type-1 angiotensin II receptor";"Homo sapiens";"SINGLE PROTEIN";"CHEMBL3734751";"1";"Scientific Literature";"Eur J Med Chem";"2015";"CHEMBL3307512";"";"";"";"87.2"
"CHEMBL3734891";"";"None";"571.69";"2";"6.17";"14S";"CCOc1nc2c(C)cc(C(=O)NC[C@@H](C)c3ccccc3)cc2n1Cc1ccc(-c2ccccc2-c2nnn[nH]2)cc1";"IC50";"'='";"6.3";"nM";"8.20";"";"";"UO_0000065";"14.34";"0.26";"2.03";"7.41";"0";"CHEMBL3736606";"Displacement of [125I]Sar1Ile8-Ang2 from human AT1 receptor expressed in CHO-K1 cell membranes after 180 mins";"B";"BAO_0000219";"cell-based format";"Homo sapiens";"None";"None";"CHO-K1";"None";"";"";"";"CHEMBL227";"Type-1 angiotensin II receptor";"Homo sapiens";"SINGLE PROTEIN";"CHEMBL3734751";"1";"Scientific Literature";"Eur J Med Chem";"2015";"CHEMBL3307512";"";"";"";"6.3"
"CHEMBL3736440";"";"None";"547.66";"2";"6.69";"13R";"CCOc1nc2c(C)cc(C(=O)NC[C@H](C)c3ccccc3)cc2n1Cc1ccc(-c2ccccc2C(=O)O)cc1";"IC50";"'='";"7.3";"nM";"8.14";"";"";"UO_0000065";"14.86";"0.27";"1.45";"8.71";"0";"CHEMBL3736606";"Displacement of [125I]Sar1Ile8-Ang2 from human AT1 receptor expressed in CHO-K1 cell membranes after 180 mins";"B";"BAO_0000219";"cell-based format";"Homo sapiens";"None";"None";"CHO-K1";"None";"";"";"";"CHEMBL227";"Type-1 angiotensin II receptor";"Homo sapiens";"SINGLE PROTEIN";"CHEMBL3734751";"1";"Scientific Literature";"Eur J Med Chem";"2015";"CHEMBL3307512";"";"";"";"7.3"
"CHEMBL3734989";"";"None";"585.78";"2";"7.26";"12S";"CCCc1nc2c(C)cc(C(=S)NC[C@@H](C)c3ccccc3)cc2n1Cc1ccc(-c2ccccc2-c2nnn[nH]2)cc1";"IC50";"'='";"342.8";"nM";"6.46";"";"";"UO_0000065";"11.04";"0.21";"-0.80";"7.67";"0";"CHEMBL3736606";"Displacement of [125I]Sar1Ile8-Ang2 from human AT1 receptor expressed in CHO-K1 cell membranes after 180 mins";"B";"BAO_0000219";"cell-based format";"Homo sapiens";"None";"None";"CHO-K1";"None";"";"";"";"CHEMBL227";"Type-1 angiotensin II receptor";"Homo sapiens";"SINGLE PROTEIN";"CHEMBL3734751";"1";"Scientific Literature";"Eur J Med Chem";"2015";"CHEMBL3307512";"";"";"";"342.8"
"CHEMBL3736319";"";"None";"561.68";"2";"6.83";"5S";"CCCc1nc2c(C)cc(C(=O)N[C@H](COC)c3ccccc3)cc2n1Cc1ccc(-c2ccccc2C(=O)O)cc1";"IC50";"'='";"57.9";"nM";"7.24";"";"";"UO_0000065";"12.89";"0.24";"0.41";"7.74";"0";"CHEMBL3736606";"Displacement of [125I]Sar1Ile8-Ang2 from human AT1 receptor expressed in CHO-K1 cell membranes after 180 mins";"B";"BAO_0000219";"cell-based format";"Homo sapiens";"None";"None";"CHO-K1";"None";"";"";"";"CHEMBL227";"Type-1 angiotensin II receptor";"Homo sapiens";"SINGLE PROTEIN";"CHEMBL3734751";"1";"Scientific Literature";"Eur J Med Chem";"2015";"CHEMBL3307512";"";"";"";"57.9"
"CHEMBL3736514";"";"None";"601.78";"2";"7.28";"20R";"CCCSc1nc2c(C)cc(C(=O)NC[C@H](C)c3ccccc3)cc2n1Cc1ccc(-c2ccccc2-c2nnn[nH]2)cc1";"IC50";"'='";"1.4";"nM";"8.85";"";"";"UO_0000065";"14.71";"0.27";"1.57";"8.73";"0";"CHEMBL3736606";"Displacement of [125I]Sar1Ile8-Ang2 from human AT1 receptor expressed in CHO-K1 cell membranes after 180 mins";"B";"BAO_0000219";"cell-based format";"Homo sapiens";"None";"None";"CHO-K1";"None";"";"";"";"CHEMBL227";"Type-1 angiotensin II receptor";"Homo sapiens";"SINGLE PROTEIN";"CHEMBL3734751";"1";"Scientific Literature";"Eur J Med Chem";"2015";"CHEMBL3307512";"";"";"";"1.4"
"CHEMBL307191";"";"None";"441.45";"0";"1.67";"T9";"O=c1ccc2c(CO)nc(CO)nc2n1Cc1ccc(-c2ccccc2-c2nn[nH]n2)cc1";"IC50";"'='";"44.0";"nM";"7.36";"";"";"UO_0000065";"16.66";"0.30";"5.69";"5.16";"1";"CHEMBL650308";"Compound was tested for inhibition against Angiotensin II receptor, type 1";"B";"BAO_0000357";"single protein format";"None";"None";"None";"None";"None";"";"";"";"CHEMBL227";"Type-1 angiotensin II receptor";"Homo sapiens";"SINGLE PROTEIN";"CHEMBL1145001";"1";"Scientific Literature";"J Med Chem";"2003";"None";"";"";"";"44.0"
"CHEMBL415073";"";"None";"679.81";"2";"6.68";"1";"CCCCOC(=O)NS(=O)(=O)c1ccccc1-c1ccc(Cn2c(CCCC)nc3ccc(NC(=O)N(C)C(C)C)cc3c2=O)c(F)c1";"IC50";"'='";"0.89";"nM";"9.05";"";"";"UO_0000065";"13.31";"0.26";"2.37";"6.48";"0";"CHEMBL875934";"In vivo inhibitory concentration against Angiotensin II receptor, type 1 of human adrenal membrane";"B";"BAO_0000218";"organism-based format";"None";"None";"None";"None";"None";"";"";"";"CHEMBL227";"Type-1 angiotensin II receptor";"Homo sapiens";"SINGLE PROTEIN";"CHEMBL1150477";"1";"Scientific Literature";"Bioorg Med Chem Lett";"1994";"None";"";"";"";"0.89"
"CHEMBL307430";"";"None";"649.75";"2";"5.56";"8";"CCc1nc2ccc(NC(=O)NC(C)C)cc2c(=O)n1Cc1ccc(-c2ccccc2S(=O)(=O)NC(=O)OCCC2CC2)cc1F";"IC50";"'='";"7.2";"nM";"8.14";"";"";"UO_0000065";"12.53";"0.24";"2.58";"5.48";"0";"CHEMBL875934";"In vivo inhibitory concentration against Angiotensin II receptor, type 1 of human adrenal membrane";"B";"BAO_0000218";"organism-based format";"None";"None";"None";"None";"None";"";"";"";"CHEMBL227";"Type-1 angiotensin II receptor";"Homo sapiens";"SINGLE PROTEIN";"CHEMBL1150477";"1";"Scientific Literature";"Bioorg Med Chem Lett";"1994";"None";"";"";"";"7.2"
"CHEMBL306362";"";"None";"691.83";"2";"6.68";"2";"CCCCc1nc2ccc(NC(=O)N(C)C(C)C)cc2c(=O)n1Cc1ccc(-c2ccccc2S(=O)(=O)NC(=O)OCCC2CC2)cc1F";"IC50";"'='";"1.2";"nM";"8.92";"";"";"UO_0000065";"12.89";"0.25";"2.24";"6.39";"0";"CHEMBL875934";"In vivo inhibitory concentration against Angiotensin II receptor, type 1 of human adrenal membrane";"B";"BAO_0000218";"organism-based format";"None";"None";"None";"None";"None";"";"";"";"CHEMBL227";"Type-1 angiotensin II receptor";"Homo sapiens";"SINGLE PROTEIN";"CHEMBL1150477";"1";"Scientific Literature";"Bioorg Med Chem Lett";"1994";"None";"";"";"";"1.2"
"CHEMBL3198576";"";"None";"346.35";"0";"3.17";"SID24826821";"O=C(N/N=C(\c1ccccc1)c1ccccn1)c1cccc([N+](=O)[O-])c1";"IC50";"'='";"16529.0";"nM";"4.78";"";"Active";"UO_0000065";"";"";"";"";"0";"CHEMBL1614336";"PUBCHEM_BIOASSAY: Dose Response screen for antagonists of Angiotensin II Receptor Type 1 to assess selectivity of uHTS small molecule antagonists hits of the APJ receptor. (Class of assay: confirmatory) [Related pubchem assays: 2569, 2521 ]";"F";"BAO_0000019";"assay format";"Homo sapiens";"None";"None";"None";"None";"";"";"";"CHEMBL227";"Type-1 angiotensin II receptor";"Homo sapiens";"SINGLE PROTEIN";"CHEMBL1201862";"7";"PubChem BioAssays";"";"";"None";"";"";"";"16.529"
"CHEMBL3199216";"";"None";"257.27";"0";"2.37";"SID49826052";"C/C(=N\NC(=O)c1ccccc1F)c1ccccn1";"IC50";"'='";"11656.0";"nM";"4.93";"";"Active";"UO_0000065";"";"";"";"";"0";"CHEMBL1614336";"PUBCHEM_BIOASSAY: Dose Response screen for antagonists of Angiotensin II Receptor Type 1 to assess selectivity of uHTS small molecule antagonists hits of the APJ receptor. (Class of assay: confirmatory) [Related pubchem assays: 2569, 2521 ]";"F";"BAO_0000019";"assay format";"Homo sapiens";"None";"None";"None";"None";"";"";"";"CHEMBL227";"Type-1 angiotensin II receptor";"Homo sapiens";"SINGLE PROTEIN";"CHEMBL1201862";"7";"PubChem BioAssays";"";"";"None";"";"";"";"11.656"
"CHEMBL2094484";"";"None";"289.34";"0";"3.39";"SID49827024";"C/C(=N\NC(=O)c1cccc2ccccc12)c1ccccn1";"IC50";"'='";"4529.0";"nM";"5.34";"";"Active";"UO_0000065";"";"";"";"";"0";"CHEMBL1614336";"PUBCHEM_BIOASSAY: Dose Response screen for antagonists of Angiotensin II Receptor Type 1 to assess selectivity of uHTS small molecule antagonists hits of the APJ receptor. (Class of assay: confirmatory) [Related pubchem assays: 2569, 2521 ]";"F";"BAO_0000019";"assay format";"Homo sapiens";"None";"None";"None";"None";"";"";"";"CHEMBL227";"Type-1 angiotensin II receptor";"Homo sapiens";"SINGLE PROTEIN";"CHEMBL1201862";"7";"PubChem BioAssays";"";"";"None";"";"";"";"4.529"
"CHEMBL1375373";"";"None";"277.33";"0";"4.97";"SID24814676";"Cc1ccc(N=Nc2ccc(O)c3ncccc23)cc1C";"IC50";"'='";"35254.0";"nM";"4.45";"";"Not Active";"UO_0000065";"";"";"";"";"0";"CHEMBL1614336";"PUBCHEM_BIOASSAY: Dose Response screen for antagonists of Angiotensin II Receptor Type 1 to assess selectivity of uHTS small molecule antagonists hits of the APJ receptor. (Class of assay: confirmatory) [Related pubchem assays: 2569, 2521 ]";"F";"BAO_0000019";"assay format";"Homo sapiens";"None";"None";"None";"None";"";"";"";"CHEMBL227";"Type-1 angiotensin II receptor";"Homo sapiens";"SINGLE PROTEIN";"CHEMBL1201862";"7";"PubChem BioAssays";"";"";"None";"";"";"";"35.254"
"CHEMBL1572001";"";"None";"287.75";"0";"3.06";"SID24820674";"CC(C)(C)c1ccc(-n2nc(C#N)c(Cl)cc2=O)cc1";"IC50";"'='";"38527.0";"nM";"4.41";"";"Not Active";"UO_0000065";"";"";"";"";"0";"CHEMBL1614336";"PUBCHEM_BIOASSAY: Dose Response screen for antagonists of Angiotensin II Receptor Type 1 to assess selectivity of uHTS small molecule antagonists hits of the APJ receptor. (Class of assay: confirmatory) [Related pubchem assays: 2569, 2521 ]";"F";"BAO_0000019";"assay format";"Homo sapiens";"None";"None";"None";"None";"";"";"";"CHEMBL227";"Type-1 angiotensin II receptor";"Homo sapiens";"SINGLE PROTEIN";"CHEMBL1201862";"7";"PubChem BioAssays";"";"";"None";"";"";"";"38.527"
"CHEMBL1521291";"";"None";"465.98";"0";"3.22";"SID85273839";"Cl.O=C1/C(=C/c2ccccc2)C[C@@]2(O)[C@H]3Cc4ccc(O)c5c4[C@@]2(CCN3CC2CC2)C1O5";"IC50";"'='";"14011.0";"nM";"4.85";"";"Active";"UO_0000065";"";"";"";"";"0";"CHEMBL1614336";"PUBCHEM_BIOASSAY: Dose Response screen for antagonists of Angiotensin II Receptor Type 1 to assess selectivity of uHTS small molecule antagonists hits of the APJ receptor. (Class of assay: confirmatory) [Related pubchem assays: 2569, 2521 ]";"F";"BAO_0000019";"assay format";"Homo sapiens";"None";"None";"None";"None";"";"";"";"CHEMBL227";"Type-1 angiotensin II receptor";"Homo sapiens";"SINGLE PROTEIN";"CHEMBL1201862";"7";"PubChem BioAssays";"";"";"None";"";"";"";"14.011"
"CHEMBL306216";"";"None";"580.67";"1";"4.89";"12g";"CCCc1nc(CN2CCN(c3ccc(F)cc3)CC2)c(C(=O)O)n1Cc1ccc(-c2ccccc2-c2nn[nH]n2)cc1";"IC50";"'='";"3.0";"nM";"8.52";"";"";"UO_0000065";"14.68";"0.27";"3.63";"7.34";"0";"CHEMBL647574";"In vitro binding affinity of compound against Angiotensin II receptor, type 1";"B";"BAO_0000357";"single protein format";"None";"None";"None";"None";"None";"";"";"";"CHEMBL227";"Type-1 angiotensin II receptor";"Homo sapiens";"SINGLE PROTEIN";"CHEMBL1127975";"1";"Scientific Literature";"Bioorg Med Chem Lett";"1994";"None";"";"";"";"3.0"
"CHEMBL70868";"";"None";"791.00";"2";"8.48";"51";"CCCCN(Cc1ccccc1)C(=O)CCCOC(=O)c1c(CC)nc(CCC)n1Cc1ccc(-c2ccccc2S(=O)(=O)NC(=O)OCCC(C)C)cc1F";"IC50";"'='";"0.2";"nM";"9.70";"";"";"UO_0000065";"12.26";"0.24";"1.22";"7.08";"0";"CHEMBL648492";"Binding affinity for Angiotensin II receptor, type 1";"B";"BAO_0000357";"single protein format";"None";"None";"None";"None";"None";"";"";"";"CHEMBL227";"Type-1 angiotensin II receptor";"Homo sapiens";"SINGLE PROTEIN";"CHEMBL1150518";"1";"Scientific Literature";"Bioorg Med Chem Lett";"1994";"None";"";"";"";"0.2"
"CHEMBL302579";"";"None";"768.91";"2";"8.32";"55";"CCCc1nc(CC)c(C(=O)OCc2ccccc2NC(=O)c2ccccc2)n1Cc1ccc(-c2ccccc2S(=O)(=O)NC(=O)OCCC(C)C)cc1F";"IC50";"'='";"0.3";"nM";"9.52";"";"";"UO_0000065";"12.38";"0.24";"1.20";"6.54";"0";"CHEMBL648492";"Binding affinity for Angiotensin II receptor, type 1";"B";"BAO_0000357";"single protein format";"None";"None";"None";"None";"None";"";"";"";"CHEMBL227";"Type-1 angiotensin II receptor";"Homo sapiens";"SINGLE PROTEIN";"CHEMBL1150518";"1";"Scientific Literature";"Bioorg Med Chem Lett";"1994";"None";"";"";"";"0.3"
"CHEMBL307321";"";"None";"672.85";"2";"5.35";"18 (XM953)";"CCCCCC(=O)NS(=O)(=O)c1ccccc1-c1ccc(Cn2c(CCC)nc(CN3CCN(c4ccccn4)CC3)c2C(=O)O)cc1";"IC50";"'='";"6.0";"nM";"8.22";"";"";"UO_0000065";"12.22";"0.23";"2.87";"5.97";"0";"CHEMBL647574";"In vitro binding affinity of compound against Angiotensin II receptor, type 1";"B";"BAO_0000357";"single protein format";"None";"None";"None";"None";"None";"";"";"";"CHEMBL227";"Type-1 angiotensin II receptor";"Homo sapiens";"SINGLE PROTEIN";"CHEMBL1127975";"1";"Scientific Literature";"Bioorg Med Chem Lett";"1994";"None";"";"";"";"6.0"
"CHEMBL2322176";"";"None";"552.64";"2";"5.37";"21b";"CCc1nc2c(C)cn(Cc3ccccc3C#N)c(=O)c2n1[C@H]1CCc2cc(-c3ccccc3-c3nnn[nH]3)ccc21";"IC50";"'='";"7.0";"nM";"8.15";"";"";"UO_0000065";"14.76";"0.27";"2.78";"6.91";"0";"CHEMBL2327554";"Displacement of [125I]Tyr4-Sar1,Ile8-Angiotensin II from human Angiotensin 1 receptor after";"B";"BAO_0000357";"single protein format";"Homo sapiens";"None";"None";"None";"None";"";"";"";"CHEMBL227";"Type-1 angiotensin II receptor";"Homo sapiens";"SINGLE PROTEIN";"CHEMBL2321681";"1";"Scientific Literature";"Bioorg Med Chem Lett";"2013";"None";"";"";"";"7.0"
"CHEMBL1824001";"";"None";"535.61";"2";"5.26";"6c";"CCOC(=O)c1cn(Cc2ccc(-c3ccccc3-c3nnn[nH]3)cc2)nc1N(C(C)=O)c1cc(C)cc(C)c1";"IC50";"'='";"1900.0";"nM";"5.72";"";"";"UO_0000065";"10.68";"0.20";"0.46";"4.81";"0";"CHEMBL1826049";"Displacement of [125I][Sar1,Ile8]-AT-II from human recombinant AT1 receptor expressed in HEK293 cells after 120 mins by liquid scintillation counting";"B";"BAO_0000219";"cell-based format";"Homo sapiens";"None";"None";"HEK293";"None";"";"";"";"CHEMBL227";"Type-1 angiotensin II receptor";"Homo sapiens";"SINGLE PROTEIN";"CHEMBL1821571";"1";"Scientific Literature";"Eur J Med Chem";"2011";"CHEMBL3307715";"";"";"";"1.9"
"CHEMBL813";"EPROSARTAN";"4.0";"424.52";"0";"4.74";"1";"CCCCc1ncc(/C=C(\Cc2cccs2)C(=O)O)n1Cc1ccc(C(=O)O)cc1";"IC50";"'='";"7.3";"nM";"8.14";"";"";"UO_0000065";"19.17";"0.37";"3.40";"8.80";"0";"CHEMBL648564";"Tested for Angiotensin II receptor, type 1 affinity in the presence of 0.25% bovine serum albumin (BSA)";"B";"BAO_0000357";"single protein format";"None";"None";"None";"None";"None";"";"";"";"CHEMBL227";"Type-1 angiotensin II receptor";"Homo sapiens";"SINGLE PROTEIN";"CHEMBL1152092";"1";"Scientific Literature";"Bioorg Med Chem Lett";"1994";"None";"";"";"";"7.3"
"CHEMBL1824184";"";"None";"403.45";"0";"3.97";"14";"CCCCn1ncc(C(=O)O)c1Nc1ccc(-c2ccccc2-c2nnn[nH]2)cc1";"IC50";"'='";"2.6";"nM";"8.59";"";"";"UO_0000065";"21.28";"0.39";"4.62";"7.06";"0";"CHEMBL1826049";"Displacement of [125I][Sar1,Ile8]-AT-II from human recombinant AT1 receptor expressed in HEK293 cells after 120 mins by liquid scintillation counting";"B";"BAO_0000219";"cell-based format";"Homo sapiens";"None";"None";"HEK293";"None";"";"";"";"CHEMBL227";"Type-1 angiotensin II receptor";"Homo sapiens";"SINGLE PROTEIN";"CHEMBL1821571";"1";"Scientific Literature";"Eur J Med Chem";"2011";"CHEMBL3307715";"";"";"";"0.0026"
"CHEMBL2322173";"";"None";"514.59";"1";"4.59";"12r";"CCc1nc2ccn(Cc3ccncc3)c(=O)c2n1[C@H]1CCc2cc(-c3ccccc3-c3nnn[nH]3)ccc21";"IC50";"'='";"250.0";"nM";"6.60";"";"";"UO_0000065";"12.83";"0.23";"2.01";"6.16";"0";"CHEMBL2327554";"Displacement of [125I]Tyr4-Sar1,Ile8-Angiotensin II from human Angiotensin 1 receptor after";"B";"BAO_0000357";"single protein format";"Homo sapiens";"None";"None";"None";"None";"";"";"";"CHEMBL227";"Type-1 angiotensin II receptor";"Homo sapiens";"SINGLE PROTEIN";"CHEMBL2321681";"1";"Scientific Literature";"Bioorg Med Chem Lett";"2013";"None";"";"";"";"250.0"
"CHEMBL2322446";"";"None";"581.60";"2";"6.21";"12k";"CCc1nc2ccn(Cc3ccccc3C(F)(F)F)c(=O)c2n1[C@H]1CCc2cc(-c3ccccc3-c3nnn[nH]3)ccc21";"IC50";"'='";"94.1";"nM";"7.03";"";"";"UO_0000065";"12.08";"0.22";"0.82";"7.45";"0";"CHEMBL2327554";"Displacement of [125I]Tyr4-Sar1,Ile8-Angiotensin II from human Angiotensin 1 receptor after";"B";"BAO_0000357";"single protein format";"Homo sapiens";"None";"None";"None";"None";"";"";"";"CHEMBL227";"Type-1 angiotensin II receptor";"Homo sapiens";"SINGLE PROTEIN";"CHEMBL2321681";"1";"Scientific Literature";"Bioorg Med Chem Lett";"2013";"None";"";"";"";"94.1"
"CHEMBL2435822";"";"None";"441.53";"1";"5.67";"11a";"CCCc1nc2c(C)cc(NC(C)=O)cc2n1Cc1ccc(-c2ccccc2C(=O)O)cc1";"IC50";"'='";"1430.0";"nM";"5.84";"";"";"UO_0000065";"13.24";"0.24";"0.17";"6.94";"0";"CHEMBL2439561";"Displacement of [125I]-Sar1Ile8-angiotensin 2 from angiotensin 2 AT1 receptor (unknown origin) after 180 mins by gamma counting analysis";"B";"BAO_0000357";"single protein format";"Homo sapiens";"None";"None";"None";"None";"";"";"";"CHEMBL227";"Type-1 angiotensin II receptor";"Homo sapiens";"SINGLE PROTEIN";"CHEMBL2434924";"1";"Scientific Literature";"Eur J Med Chem";"2013";"None";"";"";"";"1430.0"
"CHEMBL2435823";"";"None";"455.56";"1";"6.06";"11b";"CCCc1nc2c(C)cc(NC(=O)CC)cc2n1Cc1ccc(-c2ccccc2C(=O)O)cc1";"IC50";"'='";"0.4";"nM";"9.40";"";"";"UO_0000065";"20.63";"0.38";"3.34";"11.16";"0";"CHEMBL2439561";"Displacement of [125I]-Sar1Ile8-angiotensin 2 from angiotensin 2 AT1 receptor (unknown origin) after 180 mins by gamma counting analysis";"B";"BAO_0000357";"single protein format";"Homo sapiens";"None";"None";"None";"None";"";"";"";"CHEMBL227";"Type-1 angiotensin II receptor";"Homo sapiens";"SINGLE PROTEIN";"CHEMBL2434924";"1";"Scientific Literature";"Eur J Med Chem";"2013";"None";"";"";"";"0.4"
"CHEMBL2435824";"";"None";"469.59";"1";"6.45";"11c";"CCCC(=O)Nc1cc(C)c2nc(CCC)n(Cc3ccc(-c4ccccc4C(=O)O)cc3)c2c1";"IC50";"'='";"0.3";"nM";"9.52";"";"";"UO_0000065";"20.28";"0.37";"3.07";"11.31";"0";"CHEMBL2439561";"Displacement of [125I]-Sar1Ile8-angiotensin 2 from angiotensin 2 AT1 receptor (unknown origin) after 180 mins by gamma counting analysis";"B";"BAO_0000357";"single protein format";"Homo sapiens";"None";"None";"None";"None";"";"";"";"CHEMBL227";"Type-1 angiotensin II receptor";"Homo sapiens";"SINGLE PROTEIN";"CHEMBL2434924";"1";"Scientific Literature";"Eur J Med Chem";"2013";"None";"";"";"";"0.3"
"CHEMBL414836";"";"None";"463.59";"1";"5.77";"2e (rac)";"CCCCc1nc2c(C)cc(C)nc2n1C1CCc2cc(-c3ccccc3-c3nn[nH]n3)ccc21";"IC50";"'='";"238.0";"nM";"6.62";"";"";"UO_0000065";"14.29";"0.26";"0.85";"7.78";"0";"CHEMBL1803889";"Displacement of [125I]Tyr4-Sar1,Ile8-Angiotensin II from human Angiotensin 1 receptor after 60 mins by scintillation counting";"B";"BAO_0000357";"single protein format";"Homo sapiens";"None";"None";"None";"None";"";"";"";"CHEMBL227";"Type-1 angiotensin II receptor";"Homo sapiens";"SINGLE PROTEIN";"CHEMBL1800018";"1";"Scientific Literature";"J Med Chem";"2011";"None";"";"";"";"238.0"
"CHEMBL3115240";"";"None";"530.67";"2";"7.96";"16b";"CCCc1[nH]c2ccc(C(=O)NC(CC)c3ccccc3)cc2c1Cc1ccc(-c2ccccc2C(=O)O)cc1";"IC50";"'>'";"10000.0";"nM";"";"";"";"UO_0000065";"";"";"";"";"0";"CHEMBL3117635";"Antagonist activity at human AT1 receptor expressed in CHO cells measured after overnight incubation by luciferase reporter gene assay";"B";"BAO_0000219";"cell-based format";"Homo sapiens";"None";"None";"CHO";"None";"";"";"";"CHEMBL227";"Type-1 angiotensin II receptor";"Homo sapiens";"SINGLE PROTEIN";"CHEMBL3112505";"1";"Scientific Literature";"Bioorg Med Chem Lett";"2014";"CHEMBL3308072";"";"";"";"10.0"
"CHEMBL1332729";"";"None";"397.86";"0";"4.02";"4; zinc02657844; ChEMBL1332729";"CN(Cc1cn(-c2ccccc2)nc1-c1ccc(Cl)cc1)C(=O)CCC(=O)O";"IC50";"'='";"199.53";"nM";"6.70";"";"";"UO_0000065";"16.84";"0.33";"2.68";"8.88";"0";"CHEMBL3830508";"Displacement of [125I-Sar1-Ile8]Ang2 from human AT1 receptor expressed in HEK293 cell membrane incubated for 1 hr by gamma counting method";"B";"BAO_0000219";"cell-based format";"Homo sapiens";"None";"None";"HEK293";"None";"";"";"";"CHEMBL227";"Type-1 angiotensin II receptor";"Homo sapiens";"SINGLE PROTEIN";"CHEMBL3826874";"1";"Scientific Literature";"Bioorg Med Chem";"2016";"CHEMBL3307715";"";"";"";"6.7"
"CHEMBL191";"LOSARTAN";"4.0";"422.92";"0";"4.27";"Losartan";"CCCCc1nc(Cl)c(CO)n1Cc1ccc(-c2ccccc2-c2nnn[nH]2)cc1";"IC50";"'='";"3.236";"nM";"8.49";"";"";"UO_0000065";"20.07";"0.39";"4.22";"9.18";"0";"CHEMBL3830508";"Displacement of [125I-Sar1-Ile8]Ang2 from human AT1 receptor expressed in HEK293 cell membrane incubated for 1 hr by gamma counting method";"B";"BAO_0000219";"cell-based format";"Homo sapiens";"None";"None";"HEK293";"None";"";"";"";"CHEMBL227";"Type-1 angiotensin II receptor";"Homo sapiens";"SINGLE PROTEIN";"CHEMBL3826874";"1";"Scientific Literature";"Bioorg Med Chem";"2016";"CHEMBL3307715";"";"";"";"8.49"
"CHEMBL1332729";"";"None";"397.86";"0";"4.02";"4; zinc02657844; ChEMBL1332729";"CN(Cc1cn(-c2ccccc2)nc1-c1ccc(Cl)cc1)C(=O)CCC(=O)O";"IC50";"'='";"199.0";"nM";"6.70";"";"";"UO_0000065";"16.84";"0.33";"2.68";"8.88";"0";"CHEMBL3830508";"Displacement of [125I-Sar1-Ile8]Ang2 from human AT1 receptor expressed in HEK293 cell membrane incubated for 1 hr by gamma counting method";"B";"BAO_0000219";"cell-based format";"Homo sapiens";"None";"None";"HEK293";"None";"";"";"";"CHEMBL227";"Type-1 angiotensin II receptor";"Homo sapiens";"SINGLE PROTEIN";"CHEMBL3826874";"1";"Scientific Literature";"Bioorg Med Chem";"2016";"CHEMBL3307715";"";"";"";"199.0"
"CHEMBL194608";"";"None";"637.73";"2";"5.55";"19";"Cc1nc2ccc(NC(=O)NC(C)C)cc2c(=O)n1Cc1ccc(-c2ccccc2S(=O)(=O)NC(=O)OCCC(C)C)cc1F";"IC50";"'='";"15.0";"nM";"7.82";"";"";"UO_0000065";"12.27";"0.24";"2.27";"5.27";"0";"CHEMBL875934";"In vivo inhibitory concentration against Angiotensin II receptor, type 1 of human adrenal membrane";"B";"BAO_0000218";"organism-based format";"None";"None";"None";"None";"None";"";"";"";"CHEMBL227";"Type-1 angiotensin II receptor";"Homo sapiens";"SINGLE PROTEIN";"CHEMBL1150477";"1";"Scientific Literature";"Bioorg Med Chem Lett";"1994";"None";"";"";"";"15.0"
"CHEMBL938";"SARALASIN";"4.0";"912.06";"3";"-2.30";"Saralasin";"CNCC(=O)N[C@@H](CCCNC(=N)N)C(=O)N[C@H](C(=O)N[C@@H](Cc1ccc(O)cc1)C(=O)N[C@H](C(=O)N[C@@H](Cc1cnc[nH]1)C(=O)N1CCC[C@H]1C(=O)N[C@@H](C)C(=O)O)C(C)C)C(C)C";"IC50";"'='";"0.4";"nM";"9.40";"";"";"UO_0000065";"10.30";"0.20";"11.70";"2.65";"1";"CHEMBL3876343";"Displacement of [125I][Sar1,Ile8]-AT2 from human recombinant AT1 receptor expressed in HEK293 cells measured after 120 mins by scintillation counting method";"B";"BAO_0000219";"cell-based format";"Homo sapiens";"None";"None";"HEK293";"None";"";"";"";"CHEMBL227";"Type-1 angiotensin II receptor";"Homo sapiens";"SINGLE PROTEIN";"CHEMBL3875185";"1";"Scientific Literature";"Bioorg Med Chem";"2017";"CHEMBL3307715";"";"";"";"4.0"
"CHEMBL2435833";"";"None";"495.62";"1";"6.34";"6d";"CCCc1nc2c(C)cc(C(=O)N3CCCCC3)cc2n1Cc1ccc(-c2ccccc2C(=O)O)cc1";"IC50";"'='";"20.0";"nM";"7.70";"";"";"UO_0000065";"15.53";"0.28";"1.36";"10.21";"0";"CHEMBL2439561";"Displacement of [125I]-Sar1Ile8-angiotensin 2 from angiotensin 2 AT1 receptor (unknown origin) after 180 mins by gamma counting analysis";"B";"BAO_0000357";"single protein format";"Homo sapiens";"None";"None";"None";"None";"";"";"";"CHEMBL227";"Type-1 angiotensin II receptor";"Homo sapiens";"SINGLE PROTEIN";"CHEMBL2434924";"1";"Scientific Literature";"Eur J Med Chem";"2013";"None";"";"";"";"20.0"
"CHEMBL191";"LOSARTAN";"4.0";"422.92";"0";"4.27";"Losartan";"CCCCc1nc(Cl)c(CO)n1Cc1ccc(-c2ccccc2-c2nnn[nH]2)cc1";"IC50";"'='";"16.2";"nM";"7.79";"";"";"UO_0000065";"18.42";"0.35";"3.52";"8.42";"1";"CHEMBL2439561";"Displacement of [125I]-Sar1Ile8-angiotensin 2 from angiotensin 2 AT1 receptor (unknown origin) after 180 mins by gamma counting analysis";"B";"BAO_0000357";"single protein format";"Homo sapiens";"None";"None";"None";"None";"";"";"";"CHEMBL227";"Type-1 angiotensin II receptor";"Homo sapiens";"SINGLE PROTEIN";"CHEMBL2434924";"1";"Scientific Literature";"Eur J Med Chem";"2013";"None";"";"";"";"16.2"
"CHEMBL2435818";"";"None";"531.66";"2";"6.68";"6f";"CCCc1nc2c(C)cc(C(=O)NCCc3ccccc3)cc2n1Cc1ccc(-c2ccccc2C(=O)O)cc1";"IC50";"'='";"3.0";"nM";"8.52";"";"";"UO_0000065";"16.03";"0.29";"1.84";"10.12";"0";"CHEMBL2439561";"Displacement of [125I]-Sar1Ile8-angiotensin 2 from angiotensin 2 AT1 receptor (unknown origin) after 180 mins by gamma counting analysis";"B";"BAO_0000357";"single protein format";"Homo sapiens";"None";"None";"None";"None";"";"";"";"CHEMBL227";"Type-1 angiotensin II receptor";"Homo sapiens";"SINGLE PROTEIN";"CHEMBL2434924";"1";"Scientific Literature";"Eur J Med Chem";"2013";"None";"";"";"";"3.0"
"CHEMBL70770";"";"None";"517.59";"1";"4.45";"10b";"CCCc1nc(CNC(=O)OC(C)(C)C)c(C(=O)O)n1Cc1ccc(-c2ccccc2-c2nn[nH]n2)cc1";"IC50";"'='";"6.0";"nM";"8.22";"";"";"UO_0000065";"15.88";"0.30";"3.77";"5.56";"0";"CHEMBL647574";"In vitro binding affinity of compound against Angiotensin II receptor, type 1";"B";"BAO_0000357";"single protein format";"None";"None";"None";"None";"None";"";"";"";"CHEMBL227";"Type-1 angiotensin II receptor";"Homo sapiens";"SINGLE PROTEIN";"CHEMBL1127975";"1";"Scientific Literature";"Bioorg Med Chem Lett";"1994";"None";"";"";"";"6.0"
"CHEMBL3736037";"";"None";"670.84";"2";"5.48";"1";"CCCc1nc2c(C)cc(C(=O)NCCN3CCOCC3)cc2n1Cc1ccc(-c2ccccc2S(=O)(=O)Nc2onc(C)c2C)cc1";"IC50";"'='";"31.0";"nM";"7.51";"";"";"UO_0000065";"11.19";"0.21";"2.03";"5.71";"0";"CHEMBL3739215";"Displacement of 125I-labeled Sar1-Ile8-angiotensin II from human AT1 receptor incubated for 2 hrs by gamma counting analysis";"B";"BAO_0000357";"single protein format";"Homo sapiens";"None";"None";"None";"None";"";"";"";"CHEMBL227";"Type-1 angiotensin II receptor";"Homo sapiens";"SINGLE PROTEIN";"CHEMBL3734700";"1";"Scientific Literature";"Medchemcomm";"2015";"None";"";"";"";"31.0"
"CHEMBL3736225";"";"None";"613.78";"2";"6.95";"8";"CCCc1nc2c(C)cc(C(=O)NC(C)(C)C)cc2n1Cc1ccc(-c2ccccc2S(=O)(=O)Nc2onc(C)c2C)cc1";"IC50";"'='";"385.0";"nM";"6.42";"";"";"UO_0000065";"10.45";"0.20";"-0.54";"5.38";"0";"CHEMBL3739215";"Displacement of 125I-labeled Sar1-Ile8-angiotensin II from human AT1 receptor incubated for 2 hrs by gamma counting analysis";"B";"BAO_0000357";"single protein format";"Homo sapiens";"None";"None";"None";"None";"";"";"";"CHEMBL227";"Type-1 angiotensin II receptor";"Homo sapiens";"SINGLE PROTEIN";"CHEMBL3734700";"1";"Scientific Literature";"Medchemcomm";"2015";"None";"";"";"";"385.0"
"CHEMBL3736262";"";"None";"677.83";"2";"7.36";"13";"CCCc1nc2c(C)cc(C(=O)NCc3cccc(OC)c3)cc2n1Cc1ccc(-c2ccccc2S(=O)(=O)Nc2onc(C)c2C)cc1";"IC50";"'='";"50.0";"nM";"7.30";"";"";"UO_0000065";"10.77";"0.20";"-0.06";"5.69";"0";"CHEMBL3739215";"Displacement of 125I-labeled Sar1-Ile8-angiotensin II from human AT1 receptor incubated for 2 hrs by gamma counting analysis";"B";"BAO_0000357";"single protein format";"Homo sapiens";"None";"None";"None";"None";"";"";"";"CHEMBL227";"Type-1 angiotensin II receptor";"Homo sapiens";"SINGLE PROTEIN";"CHEMBL3734700";"1";"Scientific Literature";"Medchemcomm";"2015";"None";"";"";"";"50.0"
"CHEMBL304620";"";"None";"624.80";"2";"5.78";"17b";"CCCCN(Cc1nc(CCC)n(Cc2ccc(-c3ccccc3S(=O)(=O)NC(=O)CCC)cc2)c1C(=O)O)C(=O)CCC";"IC50";"'='";"2.0";"nM";"8.70";"";"";"UO_0000065";"13.92";"0.27";"2.92";"6.27";"0";"CHEMBL647574";"In vitro binding affinity of compound against Angiotensin II receptor, type 1";"B";"BAO_0000357";"single protein format";"None";"None";"None";"None";"None";"";"";"";"CHEMBL227";"Type-1 angiotensin II receptor";"Homo sapiens";"SINGLE PROTEIN";"CHEMBL1127975";"1";"Scientific Literature";"Bioorg Med Chem Lett";"1994";"None";"";"";"";"2.0"
"CHEMBL306361";"";"None";"635.72";"2";"5.17";"7";"CCNC(=O)Nc1ccc2nc(CC)n(Cc3ccc(-c4ccccc4S(=O)(=O)NC(=O)OCCC4CC4)cc3F)c(=O)c2c1";"IC50";"'='";"12.0";"nM";"7.92";"";"";"UO_0000065";"12.46";"0.24";"2.75";"5.33";"0";"CHEMBL875934";"In vivo inhibitory concentration against Angiotensin II receptor, type 1 of human adrenal membrane";"B";"BAO_0000218";"organism-based format";"None";"None";"None";"None";"None";"";"";"";"CHEMBL227";"Type-1 angiotensin II receptor";"Homo sapiens";"SINGLE PROTEIN";"CHEMBL1150477";"1";"Scientific Literature";"Bioorg Med Chem Lett";"1994";"None";"";"";"";"12.0"
"CHEMBL273542";"";"None";"750.65";"2";"6.68";"42";"CCc1nn(-c2cc(NC(=O)c3ccccc3)ccc2Br)c(=O)n1Cc1ccc(-c2ccccc2S(=O)(=O)NC(=O)OC(C)(C)C)cc1F";"IC50";"'='";"24.0";"nM";"7.62";"";"";"UO_0000065";"10.15";"0.21";"0.94";"5.39";"0";"CHEMBL650312";"In vitro inhibitory activity against angiotensin II receptor type 1, in human adrenal membrane preparations.";"B";"BAO_0000249";"cell membrane format";"None";"None";"None";"None";"None";"";"";"";"CHEMBL227";"Type-1 angiotensin II receptor";"Homo sapiens";"SINGLE PROTEIN";"CHEMBL1128554";"1";"Scientific Literature";"J Med Chem";"1995";"None";"";"";"";"24.0"
"CHEMBL74069";"";"None";"731.91";"2";"8.80";"28";"CCCc1nc(CC)c(C(=O)OCc2ccccc2-c2cccs2)n1Cc1ccc(-c2ccccc2S(=O)(=O)NC(=O)OCCC(C)C)cc1F";"IC50";"'='";"0.8";"nM";"9.10";"";"";"UO_0000065";"12.43";"0.24";"0.30";"7.80";"0";"CHEMBL648492";"Binding affinity for Angiotensin II receptor, type 1";"B";"BAO_0000357";"single protein format";"None";"None";"None";"None";"None";"";"";"";"CHEMBL227";"Type-1 angiotensin II receptor";"Homo sapiens";"SINGLE PROTEIN";"CHEMBL1150518";"1";"Scientific Literature";"Bioorg Med Chem Lett";"1994";"None";"";"";"";"0.8"
"CHEMBL308323";"";"None";"741.90";"2";"6.73";"50";"CCCc1nc(CC)c(C(=O)OCCCS(=O)(=O)c2ccccc2)n1Cc1ccc(-c2ccccc2S(=O)(=O)NC(=O)OCCC(C)C)cc1F";"IC50";"'='";"0.2";"nM";"9.70";"";"";"UO_0000065";"13.07";"0.26";"2.97";"6.43";"0";"CHEMBL648492";"Binding affinity for Angiotensin II receptor, type 1";"B";"BAO_0000357";"single protein format";"None";"None";"None";"None";"None";"";"";"";"CHEMBL227";"Type-1 angiotensin II receptor";"Homo sapiens";"SINGLE PROTEIN";"CHEMBL1150518";"1";"Scientific Literature";"Bioorg Med Chem Lett";"1994";"None";"";"";"";"0.2"
"CHEMBL309455";"";"None";"643.79";"2";"6.28";"5";"CCCCN(Cc1ccccc1)C(=O)C#CCOC(=O)c1c(CC)nc(CCC)n1Cc1ccc(-c2ccccc2-c2nn[nH]n2)cc1";"IC50";"'='";"10.0";"nM";"8.00";"";"";"UO_0000065";"12.43";"0.23";"1.72";"6.73";"0";"CHEMBL648492";"Binding affinity for Angiotensin II receptor, type 1";"B";"BAO_0000357";"single protein format";"None";"None";"None";"None";"None";"";"";"";"CHEMBL227";"Type-1 angiotensin II receptor";"Homo sapiens";"SINGLE PROTEIN";"CHEMBL1150518";"1";"Scientific Literature";"Bioorg Med Chem Lett";"1994";"None";"";"";"";"10.0"
"CHEMBL2337677";"";"None";"703.65";"2";"5.40";"14";"CCCCc1c[n+](Cc2ccc(-c3ccccc3-c3nn[nH]n3)cc2)c(CO)n1Cc1ccc(-c2ccccc2-c2nn[nH]n2)cc1.[Br-]";"IC50";"'='";"4.266";"nM";"8.37";"";"";"UO_0000065";"13.42";"0.24";"2.97";"6.07";"0";"CHEMBL2345156";"Displacement of [125I-Sar1-Ile8]-ANG2 from human Angiotensin 2 type-1 receptor expressed in HEK293 cells after 1 hr by gamma counting analysis";"B";"BAO_0000219";"cell-based format";"Homo sapiens";"None";"None";"HEK293";"None";"";"";"";"CHEMBL227";"Type-1 angiotensin II receptor";"Homo sapiens";"SINGLE PROTEIN";"CHEMBL2331233";"1";"Scientific Literature";"Eur J Med Chem";"2013";"CHEMBL3307715";"";"";"";"8.37"
"CHEMBL315021";"FORASARTAN";"2.0";"416.53";"0";"4.25";"49, SC-52458";"CCCCc1nc(CCCC)n(Cc2ccc(-c3ccccc3-c3nnn[nH]3)nc2)n1";"IC50";"'='";"6.9";"nM";"8.16";"";"";"UO_0000065";"19.59";"0.36";"3.91";"8.32";"0";"CHEMBL1670336";"Binding affinity to angiotensin AT1 receptor";"B";"BAO_0000357";"single protein format";"None";"None";"None";"None";"None";"";"";"";"CHEMBL227";"Type-1 angiotensin II receptor";"Homo sapiens";"SINGLE PROTEIN";"CHEMBL1667742";"1";"Scientific Literature";"Bioorg Med Chem";"2010";"None";"";"";"";"6.9"
"CHEMBL333411";"";"None";"492.96";"0";"4.72";"80";"CCCCc1ncc(/C=C2/C(=O)NC(=O)N2Cc2ccc(Cl)cc2)n1Cc1ccc(C(=O)O)cc1";"IC50";"'='";"3.0";"nM";"8.52";"";"";"UO_0000065";"17.29";"0.33";"3.80";"8.15";"0";"CHEMBL3056799";"Antagonist activity at angiotensin 2 type-1 receptor (unknown origin)";"B";"BAO_0000357";"single protein format";"Homo sapiens";"None";"None";"None";"None";"";"";"";"CHEMBL227";"Type-1 angiotensin II receptor";"Homo sapiens";"SINGLE PROTEIN";"CHEMBL3045634";"1";"Scientific Literature";"Med Chem Res";"2010";"None";"";"";"";"3.0"
"CHEMBL126037";"";"None";"464.55";"0";"4.13";"78";"CCCCc1ncc(/C=C2/C(=O)NC(=O)N2Cc2cccs2)n1Cc1ccc(C(=O)O)cc1";"IC50";"'='";"2.3";"nM";"8.64";"";"";"UO_0000065";"18.59";"0.36";"4.51";"8.26";"0";"CHEMBL3056799";"Antagonist activity at angiotensin 2 type-1 receptor (unknown origin)";"B";"BAO_0000357";"single protein format";"Homo sapiens";"None";"None";"None";"None";"";"";"";"CHEMBL227";"Type-1 angiotensin II receptor";"Homo sapiens";"SINGLE PROTEIN";"CHEMBL3045634";"1";"Scientific Literature";"Med Chem Res";"2010";"None";"";"";"";"2.3"
"CHEMBL341070";"";"None";"438.53";"0";"3.91";"74";"CCCCc1ncc(/C=C2/C(=O)NC(=O)N2CCC(C)C)n1Cc1ccc(C(=O)O)cc1";"IC50";"'='";"6.6";"nM";"8.18";"";"";"UO_0000065";"18.65";"0.35";"4.27";"7.83";"0";"CHEMBL3056799";"Antagonist activity at angiotensin 2 type-1 receptor (unknown origin)";"B";"BAO_0000357";"single protein format";"Homo sapiens";"None";"None";"None";"None";"";"";"";"CHEMBL227";"Type-1 angiotensin II receptor";"Homo sapiens";"SINGLE PROTEIN";"CHEMBL3045634";"1";"Scientific Literature";"Med Chem Res";"2010";"None";"";"";"";"6.6"
"CHEMBL125835";"";"None";"537.64";"1";"4.23";"61";"CCCCc1ncc(/C=C2/C(=O)N(COC)C(=O)N2Cc2csc(C)n2)n1Cc1ccc(C(=O)OC)cc1";"IC50";"'='";"47.8";"nM";"7.32";"";"";"UO_0000065";"13.62";"0.26";"3.09";"6.85";"0";"CHEMBL3056799";"Antagonist activity at angiotensin 2 type-1 receptor (unknown origin)";"B";"BAO_0000357";"single protein format";"Homo sapiens";"None";"None";"None";"None";"";"";"";"CHEMBL227";"Type-1 angiotensin II receptor";"Homo sapiens";"SINGLE PROTEIN";"CHEMBL3045634";"1";"Scientific Literature";"Med Chem Res";"2010";"None";"";"";"";"47.8"
"CHEMBL409136";"";"None";"521.64";"1";"4.65";"56";"CCCCc1ncc(/C=C2/C(=O)N(CC)C(=O)N2Cc2csc(C)n2)n1Cc1ccc(C(=O)OC)cc1";"IC50";"'='";"11.1";"nM";"7.96";"";"";"UO_0000065";"15.25";"0.29";"3.30";"8.15";"0";"CHEMBL3056799";"Antagonist activity at angiotensin 2 type-1 receptor (unknown origin)";"B";"BAO_0000357";"single protein format";"Homo sapiens";"None";"None";"None";"None";"";"";"";"CHEMBL227";"Type-1 angiotensin II receptor";"Homo sapiens";"SINGLE PROTEIN";"CHEMBL3045634";"1";"Scientific Literature";"Med Chem Res";"2010";"None";"";"";"";"11.1"
"CHEMBL123091";"";"None";"507.62";"1";"4.26";"55";"CCCCc1ncc(/C=C2/C(=O)N(C)C(=O)N2Cc2csc(C)n2)n1Cc1ccc(C(=O)OC)cc1";"IC50";"'='";"16.6";"nM";"7.78";"";"";"UO_0000065";"15.33";"0.30";"3.52";"7.97";"0";"CHEMBL3056799";"Antagonist activity at angiotensin 2 type-1 receptor (unknown origin)";"B";"BAO_0000357";"single protein format";"Homo sapiens";"None";"None";"None";"None";"";"";"";"CHEMBL227";"Type-1 angiotensin II receptor";"Homo sapiens";"SINGLE PROTEIN";"CHEMBL3045634";"1";"Scientific Literature";"Med Chem Res";"2010";"None";"";"";"";"16.6"
"CHEMBL2259780";"";"None";"543.67";"2";"5.25";"13";"CCCCc1ncc(/C=C2/C(=O)N(CCCC)C(=O)N2Cc2ccc(N)cc2)n1Cc1ccc(C(=O)OC)cc1";"IC50";"'='";"3.0";"nM";"8.52";"";"";"UO_0000065";"15.68";"0.29";"3.27";"7.69";"0";"CHEMBL3056799";"Antagonist activity at angiotensin 2 type-1 receptor (unknown origin)";"B";"BAO_0000357";"single protein format";"Homo sapiens";"None";"None";"None";"None";"";"";"";"CHEMBL227";"Type-1 angiotensin II receptor";"Homo sapiens";"SINGLE PROTEIN";"CHEMBL3045634";"1";"Scientific Literature";"Med Chem Res";"2010";"None";"";"";"";"3.0"
"CHEMBL303426";"";"None";"577.65";"1";"3.79";"16";"CCCc1nc(C(=O)N2CCN(c3ccccn3)CC2)c(C(=O)O)n1Cc1ccc(-c2ccccc2-c2nn[nH]n2)cc1";"IC50";"'='";"2.0";"nM";"8.70";"";"";"UO_0000065";"15.06";"0.28";"4.91";"5.96";"0";"CHEMBL647574";"In vitro binding affinity of compound against Angiotensin II receptor, type 1";"B";"BAO_0000357";"single protein format";"None";"None";"None";"None";"None";"";"";"";"CHEMBL227";"Type-1 angiotensin II receptor";"Homo sapiens";"SINGLE PROTEIN";"CHEMBL1127975";"1";"Scientific Literature";"Bioorg Med Chem Lett";"1994";"None";"";"";"";"2.0"
"CHEMBL3735797";"";"None";"599.76";"2";"6.56";"5";"CCCNC(=O)c1cc(C)c2nc(CCC)n(Cc3ccc(-c4ccccc4S(=O)(=O)Nc4onc(C)c4C)cc3)c2c1";"IC50";"'='";"373.0";"nM";"6.43";"";"";"UO_0000065";"10.72";"0.20";"-0.13";"5.40";"0";"CHEMBL3739215";"Displacement of 125I-labeled Sar1-Ile8-angiotensin II from human AT1 receptor incubated for 2 hrs by gamma counting analysis";"B";"BAO_0000357";"single protein format";"Homo sapiens";"None";"None";"None";"None";"";"";"";"CHEMBL227";"Type-1 angiotensin II receptor";"Homo sapiens";"SINGLE PROTEIN";"CHEMBL3734700";"1";"Scientific Literature";"Medchemcomm";"2015";"None";"";"";"";"373.0"
"CHEMBL1801744";"";"None";"453.59";"1";"6.40";"14";"CCc1nc2c(C)cc(CC(C)C)nc2n1[C@H]1CCc2cc(-c3ccccc3C(=O)O)ccc21";"IC50";"'='";"10.5";"nM";"7.98";"";"";"UO_0000065";"17.59";"0.32";"1.58";"11.73";"0";"CHEMBL1803889";"Displacement of [125I]Tyr4-Sar1,Ile8-Angiotensin II from human Angiotensin 1 receptor after 60 mins by scintillation counting";"B";"BAO_0000357";"single protein format";"Homo sapiens";"None";"None";"None";"None";"";"";"";"CHEMBL227";"Type-1 angiotensin II receptor";"Homo sapiens";"SINGLE PROTEIN";"CHEMBL1800018";"1";"Scientific Literature";"J Med Chem";"2011";"None";"";"";"";"10.5"
"CHEMBL3735492";"";"None";"547.66";"2";"6.17";"3S";"CCCc1nc2c(C)cc(C(=O)N[C@H](CO)c3ccccc3)cc2n1Cc1ccc(-c2ccccc2C(=O)O)cc1";"IC50";"'='";"214.4";"nM";"6.67";"";"";"UO_0000065";"12.18";"0.22";"0.50";"6.38";"0";"CHEMBL3736606";"Displacement of [125I]Sar1Ile8-Ang2 from human AT1 receptor expressed in CHO-K1 cell membranes after 180 mins";"B";"BAO_0000219";"cell-based format";"Homo sapiens";"None";"None";"CHO-K1";"None";"";"";"";"CHEMBL227";"Type-1 angiotensin II receptor";"Homo sapiens";"SINGLE PROTEIN";"CHEMBL3734751";"1";"Scientific Literature";"Eur J Med Chem";"2015";"CHEMBL3307512";"";"";"";"214.4"
"CHEMBL339544";"";"None";"603.79";"2";"6.54";"11";"CCCCc1ncc(/C=C2/C(=O)N(CCCC)C(=O)N2Cc2csc(C)n2)n1Cc1ccc(C2(C(=O)O)CCCC2)cc1";"IC50";"'='";"8.0";"nM";"8.10";"";"";"UO_0000065";"13.41";"0.26";"1.56";"7.45";"0";"CHEMBL3056799";"Antagonist activity at angiotensin 2 type-1 receptor (unknown origin)";"B";"BAO_0000357";"single protein format";"Homo sapiens";"None";"None";"None";"None";"";"";"";"CHEMBL227";"Type-1 angiotensin II receptor";"Homo sapiens";"SINGLE PROTEIN";"CHEMBL3045634";"1";"Scientific Literature";"Med Chem Res";"2010";"None";"";"";"";"8.0"
"CHEMBL338433";"";"None";"749.78";"2";"6.44";"16";"CCCCc1nn(-c2cc(NC(=O)COCC)ccc2C(F)(F)F)c(=O)n1Cc1ccc(-c2ccccc2S(=O)(=O)NC(=O)OC(C)(C)C)cc1F";"IC50";"'='";"0.94";"nM";"9.03";"";"";"UO_0000065";"12.04";"0.24";"2.59";"5.99";"0";"CHEMBL650312";"In vitro inhibitory activity against angiotensin II receptor type 1, in human adrenal membrane preparations.";"B";"BAO_0000249";"cell membrane format";"None";"None";"None";"None";"None";"";"";"";"CHEMBL227";"Type-1 angiotensin II receptor";"Homo sapiens";"SINGLE PROTEIN";"CHEMBL1128554";"1";"Scientific Literature";"J Med Chem";"1995";"None";"";"";"";"0.94"
"CHEMBL5271135";"";"None";"391.45";"0";"4.55";"4d";"Cc1ccc(S(=O)(=O)n2c(-c3ccccc3)c(C(=O)O)c3ccccc32)cc1";"IC50";"'='";"18.0";"nM";"7.75";"";"";"UO_0000065";"19.78";"0.38";"3.19";"10.14";"0";"CHEMBL5252200";"Displacement of [125I]-Angiotensin II from Angiotensin II type-1 receptor in VSMC cells (unknown origin) by competition radioligand binding assay";"B";"BAO_0000219";"cell-based format";"Homo sapiens";"None";"None";"VSMC";"None";"";"";"";"CHEMBL227";"Type-1 angiotensin II receptor";"Homo sapiens";"SINGLE PROTEIN";"CHEMBL5247668";"1";"Scientific Literature";"Bioorg Med Chem Lett";"2023";"None";"";"ANTAGONIST";"";"18.0"
"CHEMBL96554";"";"None";"672.77";"2";"7.28";"4d";"CCCCc1nn(-c2ccccc2C(F)(F)F)c(=O)n1Cc1ccc(-c2cc(CCC)ccc2S(=O)(=O)NC(=O)OC(C)(C)C)cc1";"IC50";"'='";"150.0";"nM";"6.82";"";"";"UO_0000065";"10.14";"0.20";"-0.46";"6.08";"0";"CHEMBL652865";"In vitro inhibitory concentration against AT1 receptor from human adrenal tissues.";"B";"BAO_0000357";"single protein format";"None";"None";"None";"None";"None";"";"";"";"CHEMBL227";"Type-1 angiotensin II receptor";"Homo sapiens";"SINGLE PROTEIN";"CHEMBL1128028";"1";"Scientific Literature";"Bioorg Med Chem Lett";"1994";"None";"";"";"";"150.0"
"CHEMBL3735804";"";"None";"577.75";"2";"7.79";"19R";"CCCSc1nc2c(C)cc(C(=O)NC[C@H](C)c3ccccc3)cc2n1Cc1ccc(-c2ccccc2C(=O)O)cc1";"IC50";"'='";"61.2";"nM";"7.21";"";"";"UO_0000065";"12.49";"0.23";"-0.58";"8.56";"0";"CHEMBL3736606";"Displacement of [125I]Sar1Ile8-Ang2 from human AT1 receptor expressed in CHO-K1 cell membranes after 180 mins";"B";"BAO_0000219";"cell-based format";"Homo sapiens";"None";"None";"CHO-K1";"None";"";"";"";"CHEMBL227";"Type-1 angiotensin II receptor";"Homo sapiens";"SINGLE PROTEIN";"CHEMBL3734751";"1";"Scientific Literature";"Eur J Med Chem";"2015";"CHEMBL3307512";"";"";"";"61.2"
"CHEMBL3736346";"";"None";"573.73";"2";"6.50";"16S";"CSc1nc2c(C)cc(C(=O)NC[C@@H](C)c3ccccc3)cc2n1Cc1ccc(-c2ccccc2-c2nnn[nH]2)cc1";"IC50";"'='";"699.3";"nM";"6.16";"";"";"UO_0000065";"10.73";"0.20";"-0.34";"6.07";"0";"CHEMBL3736606";"Displacement of [125I]Sar1Ile8-Ang2 from human AT1 receptor expressed in CHO-K1 cell membranes after 180 mins";"B";"BAO_0000219";"cell-based format";"Homo sapiens";"None";"None";"CHO-K1";"None";"";"";"";"CHEMBL227";"Type-1 angiotensin II receptor";"Homo sapiens";"SINGLE PROTEIN";"CHEMBL3734751";"1";"Scientific Literature";"Eur J Med Chem";"2015";"CHEMBL3307512";"";"";"";"699.3"
"CHEMBL3735653";"";"None";"549.70";"2";"7.01";"15R";"CSc1nc2c(C)cc(C(=O)NC[C@H](C)c3ccccc3)cc2n1Cc1ccc(-c2ccccc2C(=O)O)cc1";"IC50";"'='";"609.2";"nM";"6.21";"";"";"UO_0000065";"11.31";"0.21";"-0.79";"7.38";"0";"CHEMBL3736606";"Displacement of [125I]Sar1Ile8-Ang2 from human AT1 receptor expressed in CHO-K1 cell membranes after 180 mins";"B";"BAO_0000219";"cell-based format";"Homo sapiens";"None";"None";"CHO-K1";"None";"";"";"";"CHEMBL227";"Type-1 angiotensin II receptor";"Homo sapiens";"SINGLE PROTEIN";"CHEMBL3734751";"1";"Scientific Literature";"Eur J Med Chem";"2015";"CHEMBL3307512";"";"";"";"609.2"
"CHEMBL3734859";"";"None";"561.75";"2";"7.78";"11R";"CCCc1nc2c(C)cc(C(=S)NC[C@H](C)c3ccccc3)cc2n1Cc1ccc(-c2ccccc2C(=O)O)cc1";"IC50";"'='";"1117.3";"nM";"5.95";"";"";"UO_0000065";"10.60";"0.20";"-1.83";"8.86";"0";"CHEMBL3736606";"Displacement of [125I]Sar1Ile8-Ang2 from human AT1 receptor expressed in CHO-K1 cell membranes after 180 mins";"B";"BAO_0000219";"cell-based format";"Homo sapiens";"None";"None";"CHO-K1";"None";"";"";"";"CHEMBL227";"Type-1 angiotensin II receptor";"Homo sapiens";"SINGLE PROTEIN";"CHEMBL3734751";"1";"Scientific Literature";"Eur J Med Chem";"2015";"CHEMBL3307512";"";"";"";"1117.3"
"CHEMBL3735588";"";"None";"545.68";"2";"7.24";"7R";"CCCc1nc2c(C)cc(C(=O)NC[C@H](C)c3ccccc3)cc2n1Cc1ccc(-c2ccccc2C(=O)O)cc1";"IC50";"'='";"23.0";"nM";"7.64";"";"";"UO_0000065";"14.00";"0.25";"0.40";"9.07";"0";"CHEMBL3736606";"Displacement of [125I]Sar1Ile8-Ang2 from human AT1 receptor expressed in CHO-K1 cell membranes after 180 mins";"B";"BAO_0000219";"cell-based format";"Homo sapiens";"None";"None";"CHO-K1";"None";"";"";"";"CHEMBL227";"Type-1 angiotensin II receptor";"Homo sapiens";"SINGLE PROTEIN";"CHEMBL3734751";"1";"Scientific Literature";"Eur J Med Chem";"2015";"CHEMBL3307512";"";"";"";"23.0"
"CHEMBL3787243";"";"None";"1558.48";"None";"None";"21; UR-MK292";"CCC(=O)NCCCCNC(=O)/N=C(\N)NCCC[C@H](NC(=O)[C@@H](N)CC(=O)O)C(=O)N[C@H](C(=O)N[C@@H](Cc1ccc(O)cc1)C(=O)N[C@H](C(=O)N[C@@H](Cc1cnc[nH]1)C(=O)N1CCC[C@H]1C(=O)N[C@@H](Cc1ccccc1)C(=O)O)[C@@H](C)CC)C(C)C.O=C(O)C(F)(F)F.O=C(O)C(F)(F)F.O=C(O)C(F)(F)F";"IC50";"'='";"2.188";"nM";"8.66";"";"";"UO_0000065";"7.12";"None";"None";"None";"0";"CHEMBL3789066";"Displacement of [3H]-Asp-{Nomega-[N-(4-propanoylaminobutyl)aminocarbonyl]}Arg-ValTyr-Ile-His-Pro-Phe-OH Tris(hydrotrifluoroacetate) from human AT1 receptor transfected in CHO cells co-expressing Galpha16-mtAEQ after 2 hrs by liquid scintillation counting";"B";"BAO_0000219";"cell-based format";"Homo sapiens";"None";"None";"CHO";"None";"";"";"";"CHEMBL227";"Type-1 angiotensin II receptor";"Homo sapiens";"SINGLE PROTEIN";"CHEMBL3784921";"1";"Scientific Literature";"J Med Chem";"2016";"CHEMBL3308072";"";"";"";"8.66"
"CHEMBL408403";"ANGIOTENSIN II";"4.0";"1046.20";"None";"None";"AngII";"CC[C@H](C)[C@H](NC(=O)[C@H](Cc1ccc(O)cc1)NC(=O)[C@@H](NC(=O)[C@H](CCCNC(=N)N)NC(=O)[C@@H](N)CC(=O)O)C(C)C)C(=O)N[C@@H](Cc1cnc[nH]1)C(=O)N1CCC[C@H]1C(=O)N[C@@H](Cc1ccccc1)C(=O)O";"IC50";"'='";"0.7244";"nM";"9.14";"";"";"UO_0000065";"8.74";"None";"None";"None";"0";"CHEMBL3789066";"Displacement of [3H]-Asp-{Nomega-[N-(4-propanoylaminobutyl)aminocarbonyl]}Arg-ValTyr-Ile-His-Pro-Phe-OH Tris(hydrotrifluoroacetate) from human AT1 receptor transfected in CHO cells co-expressing Galpha16-mtAEQ after 2 hrs by liquid scintillation counting";"B";"BAO_0000219";"cell-based format";"Homo sapiens";"None";"None";"CHO";"None";"";"";"";"CHEMBL227";"Type-1 angiotensin II receptor";"Homo sapiens";"SINGLE PROTEIN";"CHEMBL3784921";"1";"Scientific Literature";"J Med Chem";"2016";"CHEMBL3308072";"";"";"";"9.14"
"CHEMBL1016";"CANDESARTAN";"3.0";"440.46";"0";"4.03";"Candesartan";"CCOc1nc2cccc(C(=O)O)c2n1Cc1ccc(-c2ccccc2-c2nnn[nH]2)cc1";"IC50";"'='";"0.69";"nM";"9.16";"";"";"UO_0000065";"20.80";"0.38";"5.13";"7.71";"0";"CHEMBL3791105";"Displacement of [3H]-Angiotensin 2 from human AT1 receptor transfected in CHOK1 cells preincubated for 30 mins with bovine serum albumin followed by radioligand addition by liquid scintillation counting";"B";"BAO_0000219";"cell-based format";"Homo sapiens";"None";"None";"CHO-K1";"None";"";"";"";"CHEMBL227";"Type-1 angiotensin II receptor";"Homo sapiens";"SINGLE PROTEIN";"CHEMBL3784921";"1";"Scientific Literature";"J Med Chem";"2016";"CHEMBL3307512";"";"";"";"0.69"
"CHEMBL7550";"L-158809";"None";"409.50";"0";"4.51";"15";"CCc1nc2c(C)cc(C)nc2n1Cc1ccc(-c2ccccc2-c2nn[nH]n2)cc1";"IC50";"'='";"2.7";"nM";"8.57";"";"";"UO_0000065";"20.92";"0.38";"4.06";"10.06";"0";"CHEMBL1803889";"Displacement of [125I]Tyr4-Sar1,Ile8-Angiotensin II from human Angiotensin 1 receptor after 60 mins by scintillation counting";"B";"BAO_0000357";"single protein format";"Homo sapiens";"None";"None";"None";"None";"";"";"";"CHEMBL227";"Type-1 angiotensin II receptor";"Homo sapiens";"SINGLE PROTEIN";"CHEMBL1800018";"1";"Scientific Literature";"J Med Chem";"2011";"None";"";"";"";"2.7"
"CHEMBL1801742";"";"None";"477.62";"1";"5.88";"2n";"CCc1nc2c(CC(C)C)cc(C)nc2n1[C@H]1CCc2cc(-c3ccccc3-c3nnn[nH]3)ccc21";"IC50";"'='";"748.0";"nM";"6.13";"";"";"UO_0000065";"12.83";"0.23";"0.25";"7.19";"0";"CHEMBL1803889";"Displacement of [125I]Tyr4-Sar1,Ile8-Angiotensin II from human Angiotensin 1 receptor after 60 mins by scintillation counting";"B";"BAO_0000357";"single protein format";"Homo sapiens";"None";"None";"None";"None";"";"";"";"CHEMBL227";"Type-1 angiotensin II receptor";"Homo sapiens";"SINGLE PROTEIN";"CHEMBL1800018";"1";"Scientific Literature";"J Med Chem";"2011";"None";"";"";"";"748.0"
"CHEMBL5282200";"";"None";"345.38";"0";"2.38";"4k";"Cc1ccc(S(=O)(=O)n2c(CO)c(C(=O)O)c3ccccc32)cc1";"IC50";"'='";"24.2";"nM";"7.62";"";"";"UO_0000065";"22.05";"0.43";"5.24";"7.88";"0";"CHEMBL5252200";"Displacement of [125I]-Angiotensin II from Angiotensin II type-1 receptor in VSMC cells (unknown origin) by competition radioligand binding assay";"B";"BAO_0000219";"cell-based format";"Homo sapiens";"None";"None";"VSMC";"None";"";"";"";"CHEMBL227";"Type-1 angiotensin II receptor";"Homo sapiens";"SINGLE PROTEIN";"CHEMBL5247668";"1";"Scientific Literature";"Bioorg Med Chem Lett";"2023";"None";"";"ANTAGONIST";"";"24.2"
"CHEMBL5276125";"";"None";"385.42";"0";"4.74";"4i";"O=C(O)c1c(COCc2ccccc2)n(C(=O)c2ccccc2)c2ccccc12";"IC50";"'='";"32.2";"nM";"7.49";"";"";"UO_0000065";"19.44";"0.35";"2.75";"10.93";"0";"CHEMBL5252200";"Displacement of [125I]-Angiotensin II from Angiotensin II type-1 receptor in VSMC cells (unknown origin) by competition radioligand binding assay";"B";"BAO_0000219";"cell-based format";"Homo sapiens";"None";"None";"VSMC";"None";"";"";"";"CHEMBL227";"Type-1 angiotensin II receptor";"Homo sapiens";"SINGLE PROTEIN";"CHEMBL5247668";"1";"Scientific Literature";"Bioorg Med Chem Lett";"2023";"None";"";"ANTAGONIST";"";"32.2"
"CHEMBL3115244";"";"None";"531.66";"2";"7.28";"31";"CCCn1nc2ccc(C(=O)NC(CC)c3ccccc3)cc2c1Cc1ccc(-c2ccccc2C(=O)O)cc1";"IC50";"'='";"1000.0";"nM";"6.00";"";"";"UO_0000065";"11.29";"0.20";"-1.28";"7.12";"0";"CHEMBL3117635";"Antagonist activity at human AT1 receptor expressed in CHO cells measured after overnight incubation by luciferase reporter gene assay";"B";"BAO_0000219";"cell-based format";"Homo sapiens";"None";"None";"CHO";"None";"";"";"";"CHEMBL227";"Type-1 angiotensin II receptor";"Homo sapiens";"SINGLE PROTEIN";"CHEMBL3112505";"1";"Scientific Literature";"Bioorg Med Chem Lett";"2014";"CHEMBL3308072";"";"";"";"1.0"
"CHEMBL338027";"";"None";"730.66";"2";"6.56";"44";"CCCCC(=O)Nc1ccc(Br)c(-n2nc(CC)n(Cc3ccc(-c4ccccc4S(=O)(=O)NC(=O)OC(C)(C)C)cc3F)c2=O)c1";"IC50";"'='";"3.5";"nM";"8.46";"";"";"UO_0000065";"11.57";"0.25";"1.90";"5.98";"0";"CHEMBL650312";"In vitro inhibitory activity against angiotensin II receptor type 1, in human adrenal membrane preparations.";"B";"BAO_0000249";"cell membrane format";"None";"None";"None";"None";"None";"";"";"";"CHEMBL227";"Type-1 angiotensin II receptor";"Homo sapiens";"SINGLE PROTEIN";"CHEMBL1128554";"1";"Scientific Literature";"J Med Chem";"1995";"None";"";"";"";"3.5"
"CHEMBL331859";"";"None";"458.52";"0";"4.07";"76";"CCCCc1ncc(/C=C2/C(=O)NC(=O)N2Cc2ccccc2)n1Cc1ccc(C(=O)O)cc1";"IC50";"'='";"4.0";"nM";"8.40";"";"";"UO_0000065";"18.32";"0.34";"4.33";"8.03";"0";"CHEMBL3056799";"Antagonist activity at angiotensin 2 type-1 receptor (unknown origin)";"B";"BAO_0000357";"single protein format";"Homo sapiens";"None";"None";"None";"None";"";"";"";"CHEMBL227";"Type-1 angiotensin II receptor";"Homo sapiens";"SINGLE PROTEIN";"CHEMBL3045634";"1";"Scientific Literature";"Med Chem Res";"2010";"None";"";"";"";"4.0"
"CHEMBL302102";"";"None";"611.75";"2";"7.08";"87";"CCCCCN(C(=O)c1ccccc1)c1ccc2nc(CCC)n(Cc3ccc(-c4ccccc4-c4nn[nH]n4)cc3)c(=O)c2c1";"IC50";"'='";"1.7";"nM";"8.77";"";"";"UO_0000065";"14.34";"0.26";"1.69";"8.00";"0";"CHEMBL881768";"Inhibitory concentration against angiotensin II receptor, type 1";"B";"BAO_0000357";"single protein format";"Homo sapiens";"None";"None";"None";"None";"";"";"";"CHEMBL227";"Type-1 angiotensin II receptor";"Homo sapiens";"SINGLE PROTEIN";"CHEMBL1140446";"1";"Scientific Literature";"J Med Chem";"2005";"None";"";"";"";"1.7"
"CHEMBL2063981";"";"None";"467.37";"0";"4.38";"23";"CCCCc1c(Br)nc(CO)n1Cc1ccc(-c2ccccc2-c2nn[nH]n2)cc1";"IC50";"'='";"117.49";"nM";"6.93";"";"";"UO_0000065";"14.83";"0.32";"2.55";"7.49";"0";"CHEMBL2067441";"Displacement of 125[I-Sar1-Ile8]ANG II from human AT1 receptor expressed in HEK293 membranes after 1 hr by gamma counting";"B";"BAO_0000249";"cell membrane format";"Homo sapiens";"None";"None";"HEK293";"None";"";"";"";"CHEMBL227";"Type-1 angiotensin II receptor";"Homo sapiens";"SINGLE PROTEIN";"CHEMBL2062490";"1";"Scientific Literature";"Eur J Med Chem";"2012";"CHEMBL3307715";"";"";"";"6.93"
"CHEMBL2063983";"";"None";"386.46";"0";"3.93";"29";"CCCCc1cnc(C=O)n1Cc1ccc(-c2ccccc2-c2nn[nH]n2)cc1";"IC50";"'='";"23.99";"nM";"7.62";"";"";"UO_0000065";"19.72";"0.36";"3.69";"8.53";"0";"CHEMBL2067441";"Displacement of 125[I-Sar1-Ile8]ANG II from human AT1 receptor expressed in HEK293 membranes after 1 hr by gamma counting";"B";"BAO_0000249";"cell membrane format";"Homo sapiens";"None";"None";"HEK293";"None";"";"";"";"CHEMBL227";"Type-1 angiotensin II receptor";"Homo sapiens";"SINGLE PROTEIN";"CHEMBL2062490";"1";"Scientific Literature";"Eur J Med Chem";"2012";"CHEMBL3307715";"";"";"";"7.62"
"CHEMBL2063980";"";"None";"422.92";"0";"4.27";"22";"CCCCc1c(Cl)nc(CO)n1Cc1ccc(-c2ccccc2-c2nn[nH]n2)cc1";"IC50";"'='";"634.0";"nM";"6.20";"";"";"UO_0000065";"14.66";"0.28";"1.93";"6.70";"0";"CHEMBL2067441";"Displacement of 125[I-Sar1-Ile8]ANG II from human AT1 receptor expressed in HEK293 membranes after 1 hr by gamma counting";"B";"BAO_0000249";"cell membrane format";"Homo sapiens";"None";"None";"HEK293";"None";"";"";"";"CHEMBL227";"Type-1 angiotensin II receptor";"Homo sapiens";"SINGLE PROTEIN";"CHEMBL2062490";"1";"Scientific Literature";"Eur J Med Chem";"2012";"CHEMBL3307715";"";"";"";"634.0"
"CHEMBL126111";"";"None";"520.66";"2";"5.64";"66";"CCCCc1ncc(/C=C2/C(=O)N(CCCC)C(=O)N2Cc2cccs2)n1Cc1ccc(C(=O)O)cc1";"IC50";"'='";"0.7";"nM";"9.15";"";"";"UO_0000065";"17.58";"0.34";"3.51";"9.56";"0";"CHEMBL3056799";"Antagonist activity at angiotensin 2 type-1 receptor (unknown origin)";"B";"BAO_0000357";"single protein format";"Homo sapiens";"None";"None";"None";"None";"";"";"";"CHEMBL227";"Type-1 angiotensin II receptor";"Homo sapiens";"SINGLE PROTEIN";"CHEMBL3045634";"1";"Scientific Literature";"Med Chem Res";"2010";"None";"";"";"";"0.7"
"CHEMBL122969";"";"None";"480.61";"1";"5.18";"65";"CCCCc1ncc(/C=C2\C(=O)N(CCCC)C(=O)N2CCCC)n1Cc1ccc(C(=O)O)cc1";"IC50";"'='";"0.5";"nM";"9.30";"";"";"UO_0000065";"19.35";"0.36";"4.12";"9.71";"0";"CHEMBL3056799";"Antagonist activity at angiotensin 2 type-1 receptor (unknown origin)";"B";"BAO_0000357";"single protein format";"Homo sapiens";"None";"None";"None";"None";"";"";"";"CHEMBL227";"Type-1 angiotensin II receptor";"Homo sapiens";"SINGLE PROTEIN";"CHEMBL3045634";"1";"Scientific Literature";"Med Chem Res";"2010";"None";"";"";"";"0.5"
"CHEMBL331219";"";"None";"573.65";"2";"5.57";"19";"CCCCc1ncc(/C=C2/C(=O)N(CCCC)C(=O)N2Cc2ccc([N+](=O)[O-])cc2)n1Cc1ccc(C(=O)OC)cc1";"IC50";"'='";"16.9";"nM";"7.77";"";"";"UO_0000065";"13.55";"0.25";"2.20";"6.08";"0";"CHEMBL3056799";"Antagonist activity at angiotensin 2 type-1 receptor (unknown origin)";"B";"BAO_0000357";"single protein format";"Homo sapiens";"None";"None";"None";"None";"";"";"";"CHEMBL227";"Type-1 angiotensin II receptor";"Homo sapiens";"SINGLE PROTEIN";"CHEMBL3045634";"1";"Scientific Literature";"Med Chem Res";"2010";"None";"";"";"";"16.9"
"CHEMBL2337678";"";"None";"708.07";"2";"6.56";"19c";"CCCCc1c(Cl)[n+](Cc2ccc(-c3ccccc3-c3nn[nH]n3)cc2)cn1Cc1ccc(-c2ccccc2-c2nn[nH]n2)cc1.[Br-]";"IC50";"'='";"831.76";"nM";"6.08";"";"";"UO_0000065";"9.68";"0.18";"-0.48";"5.16";"0";"CHEMBL2345156";"Displacement of [125I-Sar1-Ile8]-ANG2 from human Angiotensin 2 type-1 receptor expressed in HEK293 cells after 1 hr by gamma counting analysis";"B";"BAO_0000219";"cell-based format";"Homo sapiens";"None";"None";"HEK293";"None";"";"";"";"CHEMBL227";"Type-1 angiotensin II receptor";"Homo sapiens";"SINGLE PROTEIN";"CHEMBL2331233";"1";"Scientific Literature";"Eur J Med Chem";"2013";"CHEMBL3307715";"";"";"";"6.08"
"CHEMBL2337687";"";"None";"749.80";"2";"5.54";"12a";"CCCCc1c[n+](Cc2ccc(-c3ccccc3-c3nn[n-]n3)cc2)cn1Cc1ccc(-c2ccccc2-c2nn[n-]n2)cc1.[Br-].[K+].[K+]";"IC50";"'='";"0.912";"nM";"9.04";"";"";"UO_0000065";"15.25";"0.27";"3.50";"7.79";"0";"CHEMBL2345156";"Displacement of [125I-Sar1-Ile8]-ANG2 from human Angiotensin 2 type-1 receptor expressed in HEK293 cells after 1 hr by gamma counting analysis";"B";"BAO_0000219";"cell-based format";"Homo sapiens";"None";"None";"HEK293";"None";"";"";"";"CHEMBL227";"Type-1 angiotensin II receptor";"Homo sapiens";"SINGLE PROTEIN";"CHEMBL2331233";"1";"Scientific Literature";"Eur J Med Chem";"2013";"CHEMBL3307715";"";"";"";"9.04"
"CHEMBL2158266";"";"None";"399.38";"0";"3.16";"22";"Cc1c(C(=O)Oc2coc(CSc3ncccn3)cc2=O)cccc1[N+](=O)[O-]";"IC50";"'>'";"79000.0";"nM";"";"";"";"UO_0000065";"";"";"";"";"0";"CHEMBL2161529";"Inhibition of AT1 receptor";"B";"BAO_0000357";"single protein format";"None";"None";"None";"None";"None";"";"";"";"CHEMBL227";"Type-1 angiotensin II receptor";"Homo sapiens";"SINGLE PROTEIN";"CHEMBL2157975";"1";"Scientific Literature";"Bioorg Med Chem Lett";"2012";"None";"";"";"";"79.0"
"CHEMBL2158355";"";"None";"412.47";"0";"4.12";"14";"CCCCOc1ccc(C(=O)Oc2coc(CSc3ncccn3)cc2=O)cc1";"IC50";"'>'";"79000.0";"nM";"";"";"";"UO_0000065";"";"";"";"";"0";"CHEMBL2161529";"Inhibition of AT1 receptor";"B";"BAO_0000357";"single protein format";"None";"None";"None";"None";"None";"";"";"";"CHEMBL227";"Type-1 angiotensin II receptor";"Homo sapiens";"SINGLE PROTEIN";"CHEMBL2157975";"1";"Scientific Literature";"Bioorg Med Chem Lett";"2012";"None";"";"";"";"79.0"
"CHEMBL338342";"";"None";"764.67";"2";"7.07";"28";"CCCc1nn(-c2cc(NC(=O)c3ccccc3)ccc2Br)c(=O)n1Cc1ccc(-c2ccccc2S(=O)(=O)NC(=O)OC(C)(C)C)cc1F";"IC50";"'='";"2.0";"nM";"8.70";"";"";"UO_0000065";"11.38";"0.24";"1.63";"6.15";"0";"CHEMBL650312";"In vitro inhibitory activity against angiotensin II receptor type 1, in human adrenal membrane preparations.";"B";"BAO_0000249";"cell membrane format";"None";"None";"None";"None";"None";"";"";"";"CHEMBL227";"Type-1 angiotensin II receptor";"Homo sapiens";"SINGLE PROTEIN";"CHEMBL1128554";"1";"Scientific Literature";"J Med Chem";"1995";"None";"";"";"";"2.0"
"CHEMBL3115241";"";"None";"531.66";"2";"7.12";"22";"CCCc1nn2ccc(C(=O)NC(CC)c3ccccc3)cc2c1Cc1ccc(-c2ccccc2C(=O)O)cc1";"IC50";"'='";"1690.0";"nM";"5.77";"";"";"UO_0000065";"10.86";"0.20";"-1.35";"6.90";"0";"CHEMBL3117635";"Antagonist activity at human AT1 receptor expressed in CHO cells measured after overnight incubation by luciferase reporter gene assay";"B";"BAO_0000219";"cell-based format";"Homo sapiens";"None";"None";"CHO";"None";"";"";"";"CHEMBL227";"Type-1 angiotensin II receptor";"Homo sapiens";"SINGLE PROTEIN";"CHEMBL3112505";"1";"Scientific Literature";"Bioorg Med Chem Lett";"2014";"CHEMBL3308072";"";"";"";"1.69"
"CHEMBL124771";"";"None";"730.66";"2";"6.56";"25";"CCCCc1nn(-c2cc(NC(=O)CC)ccc2Br)c(=O)n1Cc1ccc(-c2ccccc2S(=O)(=O)NC(=O)OC(C)(C)C)cc1F";"IC50";"'='";"0.5";"nM";"9.30";"";"";"UO_0000065";"12.73";"0.27";"2.74";"6.58";"0";"CHEMBL650312";"In vitro inhibitory activity against angiotensin II receptor type 1, in human adrenal membrane preparations.";"B";"BAO_0000249";"cell membrane format";"None";"None";"None";"None";"None";"";"";"";"CHEMBL227";"Type-1 angiotensin II receptor";"Homo sapiens";"SINGLE PROTEIN";"CHEMBL1128554";"1";"Scientific Literature";"J Med Chem";"1995";"None";"";"";"";"0.5"
"CHEMBL1478950";"";"None";"543.68";"1";"2.26";"SID22409634";"CCN(CC)c1ccc(C(=O)NC(=S)Nc2cc(S(=O)(=O)N3CCOCC3)ccc2-n2cncn2)cc1";"IC50";"'>'";"40000.0";"nM";"";"";"Not Active";"UO_0000065";"";"";"";"";"0";"CHEMBL1614336";"PUBCHEM_BIOASSAY: Dose Response screen for antagonists of Angiotensin II Receptor Type 1 to assess selectivity of uHTS small molecule antagonists hits of the APJ receptor. (Class of assay: confirmatory) [Related pubchem assays: 2569, 2521 ]";"F";"BAO_0000019";"assay format";"Homo sapiens";"None";"None";"None";"None";"";"";"";"CHEMBL227";"Type-1 angiotensin II receptor";"Homo sapiens";"SINGLE PROTEIN";"CHEMBL1201862";"7";"PubChem BioAssays";"";"";"None";"";"";"";"40.0"
"CHEMBL1342526";"";"None";"414.30";"0";"3.22";"SID22412275";"Cc1nn(CCC(=O)NN=C(S)Nc2ccc(F)cc2)c(C)c1Br";"IC50";"'>'";"40000.0";"nM";"";"";"Not Active";"UO_0000065";"";"";"";"";"0";"CHEMBL1614336";"PUBCHEM_BIOASSAY: Dose Response screen for antagonists of Angiotensin II Receptor Type 1 to assess selectivity of uHTS small molecule antagonists hits of the APJ receptor. (Class of assay: confirmatory) [Related pubchem assays: 2569, 2521 ]";"F";"BAO_0000019";"assay format";"Homo sapiens";"None";"None";"None";"None";"";"";"";"CHEMBL227";"Type-1 angiotensin II receptor";"Homo sapiens";"SINGLE PROTEIN";"CHEMBL1201862";"7";"PubChem BioAssays";"";"";"None";"";"";"";"40.0"
"CHEMBL1530173";"";"None";"342.40";"0";"4.54";"SID47197930";"Cc1cccc(C(=O)Nc2ccc(C(=O)/C=C/c3ccncc3)cc2)c1";"IC50";"'='";"9712.0";"nM";"5.01";"";"Active";"UO_0000065";"";"";"";"";"0";"CHEMBL1614336";"PUBCHEM_BIOASSAY: Dose Response screen for antagonists of Angiotensin II Receptor Type 1 to assess selectivity of uHTS small molecule antagonists hits of the APJ receptor. (Class of assay: confirmatory) [Related pubchem assays: 2569, 2521 ]";"F";"BAO_0000019";"assay format";"Homo sapiens";"None";"None";"None";"None";"";"";"";"CHEMBL227";"Type-1 angiotensin II receptor";"Homo sapiens";"SINGLE PROTEIN";"CHEMBL1201862";"7";"PubChem BioAssays";"";"";"None";"";"";"";"9.712"
"CHEMBL1382438";"";"None";"419.72";"0";"4.28";"SID24818000";"COc1ccc(NC(=O)/C(Cl)=C(/Cl)[S+]([O-])Cc2ccccc2Cl)cn1";"IC50";"'='";"4541.0";"nM";"5.34";"";"Active";"UO_0000065";"";"";"";"";"0";"CHEMBL1614336";"PUBCHEM_BIOASSAY: Dose Response screen for antagonists of Angiotensin II Receptor Type 1 to assess selectivity of uHTS small molecule antagonists hits of the APJ receptor. (Class of assay: confirmatory) [Related pubchem assays: 2569, 2521 ]";"F";"BAO_0000019";"assay format";"Homo sapiens";"None";"None";"None";"None";"";"";"";"CHEMBL227";"Type-1 angiotensin II receptor";"Homo sapiens";"SINGLE PROTEIN";"CHEMBL1201862";"7";"PubChem BioAssays";"";"";"None";"";"";"";"4.541"
"CHEMBL1578324";"";"None";"368.42";"0";"3.39";"SID17510687";"CCCSc1cc(NCCOC(=O)CCC)c([N+](=O)[O-])c2nonc12";"IC50";"'='";"10962.0";"nM";"4.96";"";"Active";"UO_0000065";"";"";"";"";"0";"CHEMBL1614336";"PUBCHEM_BIOASSAY: Dose Response screen for antagonists of Angiotensin II Receptor Type 1 to assess selectivity of uHTS small molecule antagonists hits of the APJ receptor. (Class of assay: confirmatory) [Related pubchem assays: 2569, 2521 ]";"F";"BAO_0000019";"assay format";"Homo sapiens";"None";"None";"None";"None";"";"";"";"CHEMBL227";"Type-1 angiotensin II receptor";"Homo sapiens";"SINGLE PROTEIN";"CHEMBL1201862";"7";"PubChem BioAssays";"";"";"None";"";"";"";"10.962"
"CHEMBL1558462";"";"None";"377.76";"0";"2.39";"SID47199350";"CS(=O)(=O)c1ncc(Cl)c(C(=O)Nc2ccc(OC(F)F)cc2)n1";"IC50";"'='";"7789.0";"nM";"5.11";"";"Active";"UO_0000065";"";"";"";"";"0";"CHEMBL1614336";"PUBCHEM_BIOASSAY: Dose Response screen for antagonists of Angiotensin II Receptor Type 1 to assess selectivity of uHTS small molecule antagonists hits of the APJ receptor. (Class of assay: confirmatory) [Related pubchem assays: 2569, 2521 ]";"F";"BAO_0000019";"assay format";"Homo sapiens";"None";"None";"None";"None";"";"";"";"CHEMBL227";"Type-1 angiotensin II receptor";"Homo sapiens";"SINGLE PROTEIN";"CHEMBL1201862";"7";"PubChem BioAssays";"";"";"None";"";"";"";"7.789"
"CHEMBL1461745";"";"None";"304.19";"0";"4.05";"SID17416130";"Cc1ccccc1NCC(=O)c1ccc(Br)cc1";"IC50";"'='";"8619.0";"nM";"5.07";"";"Active";"UO_0000065";"";"";"";"";"0";"CHEMBL1614336";"PUBCHEM_BIOASSAY: Dose Response screen for antagonists of Angiotensin II Receptor Type 1 to assess selectivity of uHTS small molecule antagonists hits of the APJ receptor. (Class of assay: confirmatory) [Related pubchem assays: 2569, 2521 ]";"F";"BAO_0000019";"assay format";"Homo sapiens";"None";"None";"None";"None";"";"";"";"CHEMBL227";"Type-1 angiotensin II receptor";"Homo sapiens";"SINGLE PROTEIN";"CHEMBL1201862";"7";"PubChem BioAssays";"";"";"None";"";"";"";"8.619"
"CHEMBL1492089";"";"None";"272.28";"0";"2.22";"SID49671551";"NC(=O)c1ccccc1NCC(=O)c1ccc(F)cc1";"IC50";"'='";"21576.0";"nM";"4.67";"";"Not Active";"UO_0000065";"";"";"";"";"0";"CHEMBL1614336";"PUBCHEM_BIOASSAY: Dose Response screen for antagonists of Angiotensin II Receptor Type 1 to assess selectivity of uHTS small molecule antagonists hits of the APJ receptor. (Class of assay: confirmatory) [Related pubchem assays: 2569, 2521 ]";"F";"BAO_0000019";"assay format";"Homo sapiens";"None";"None";"None";"None";"";"";"";"CHEMBL227";"Type-1 angiotensin II receptor";"Homo sapiens";"SINGLE PROTEIN";"CHEMBL1201862";"7";"PubChem BioAssays";"";"";"None";"";"";"";"21.576"
"CHEMBL1531308";"";"None";"196.21";"0";"2.51";"SID49674233";"O=C(C#Cc1ccccc1)c1ccco1";"IC50";"'='";"8433.0";"nM";"5.07";"";"Active";"UO_0000065";"";"";"";"";"0";"CHEMBL1614336";"PUBCHEM_BIOASSAY: Dose Response screen for antagonists of Angiotensin II Receptor Type 1 to assess selectivity of uHTS small molecule antagonists hits of the APJ receptor. (Class of assay: confirmatory) [Related pubchem assays: 2569, 2521 ]";"F";"BAO_0000019";"assay format";"Homo sapiens";"None";"None";"None";"None";"";"";"";"CHEMBL227";"Type-1 angiotensin II receptor";"Homo sapiens";"SINGLE PROTEIN";"CHEMBL1201862";"7";"PubChem BioAssays";"";"";"None";"";"";"";"8.433"
"CHEMBL1303552";"";"None";"387.51";"1";"5.24";"SID17408318";"Cc1ccc(C)c2nc3sc(C(=O)N4CCCc5ccccc54)c(N)c3cc12";"IC50";"'>'";"40000.0";"nM";"";"";"Not Active";"UO_0000065";"";"";"";"";"0";"CHEMBL1614336";"PUBCHEM_BIOASSAY: Dose Response screen for antagonists of Angiotensin II Receptor Type 1 to assess selectivity of uHTS small molecule antagonists hits of the APJ receptor. (Class of assay: confirmatory) [Related pubchem assays: 2569, 2521 ]";"F";"BAO_0000019";"assay format";"Homo sapiens";"None";"None";"None";"None";"";"";"";"CHEMBL227";"Type-1 angiotensin II receptor";"Homo sapiens";"SINGLE PROTEIN";"CHEMBL1201862";"7";"PubChem BioAssays";"";"";"None";"";"";"";"40.0"
"CHEMBL3194040";"";"None";"259.70";"0";"2.50";"SID49823898";"O=C(N/N=C/c1ccccn1)c1ccc(Cl)cc1";"IC50";"'='";"8705.0";"nM";"5.06";"";"Active";"UO_0000065";"";"";"";"";"0";"CHEMBL1614336";"PUBCHEM_BIOASSAY: Dose Response screen for antagonists of Angiotensin II Receptor Type 1 to assess selectivity of uHTS small molecule antagonists hits of the APJ receptor. (Class of assay: confirmatory) [Related pubchem assays: 2569, 2521 ]";"F";"BAO_0000019";"assay format";"Homo sapiens";"None";"None";"None";"None";"";"";"";"CHEMBL227";"Type-1 angiotensin II receptor";"Homo sapiens";"SINGLE PROTEIN";"CHEMBL1201862";"7";"PubChem BioAssays";"";"";"None";"";"";"";"8.705"
"CHEMBL1528033";"";"None";"356.81";"0";"3.20";"SID22415154";"CCOC(=O)C1=NNC(C(=O)c2ccc(Cl)cc2)C1c1ccccc1";"IC50";"'='";"39863.0";"nM";"4.40";"";"Not Active";"UO_0000065";"";"";"";"";"0";"CHEMBL1614336";"PUBCHEM_BIOASSAY: Dose Response screen for antagonists of Angiotensin II Receptor Type 1 to assess selectivity of uHTS small molecule antagonists hits of the APJ receptor. (Class of assay: confirmatory) [Related pubchem assays: 2569, 2521 ]";"F";"BAO_0000019";"assay format";"Homo sapiens";"None";"None";"None";"None";"";"";"";"CHEMBL227";"Type-1 angiotensin II receptor";"Homo sapiens";"SINGLE PROTEIN";"CHEMBL1201862";"7";"PubChem BioAssays";"";"";"None";"";"";"";"39.863"
"CHEMBL1501792";"";"None";"255.27";"0";"2.68";"SID26729760";"O=C(CNc1ccccc1C(=O)O)c1ccccc1";"IC50";"'='";"7514.0";"nM";"5.12";"";"Active";"UO_0000065";"";"";"";"";"0";"CHEMBL1614336";"PUBCHEM_BIOASSAY: Dose Response screen for antagonists of Angiotensin II Receptor Type 1 to assess selectivity of uHTS small molecule antagonists hits of the APJ receptor. (Class of assay: confirmatory) [Related pubchem assays: 2569, 2521 ]";"F";"BAO_0000019";"assay format";"Homo sapiens";"None";"None";"None";"None";"";"";"";"CHEMBL227";"Type-1 angiotensin II receptor";"Homo sapiens";"SINGLE PROTEIN";"CHEMBL1201862";"7";"PubChem BioAssays";"";"";"None";"";"";"";"7.514"
"CHEMBL1344225";"";"None";"399.30";"0";"3.93";"SID14729216";"COc1ccc(NC(=O)/C(Cl)=C(/Cl)[S+]([O-])Cc2ccc(C)cc2)cn1";"IC50";"'='";"2255.0";"nM";"5.65";"";"Active";"UO_0000065";"";"";"";"";"0";"CHEMBL1614336";"PUBCHEM_BIOASSAY: Dose Response screen for antagonists of Angiotensin II Receptor Type 1 to assess selectivity of uHTS small molecule antagonists hits of the APJ receptor. (Class of assay: confirmatory) [Related pubchem assays: 2569, 2521 ]";"F";"BAO_0000019";"assay format";"Homo sapiens";"None";"None";"None";"None";"";"";"";"CHEMBL227";"Type-1 angiotensin II receptor";"Homo sapiens";"SINGLE PROTEIN";"CHEMBL1201862";"7";"PubChem BioAssays";"";"";"None";"";"";"";"2.255"
"CHEMBL338474";"HELENALIN";"None";"262.30";"0";"1.25";"SID26725306";"C=C1C(=O)O[C@@H]2C[C@@H](C)[C@@H]3C=CC(=O)[C@@]3(C)[C@@H](O)[C@H]12";"IC50";"'='";"18639.0";"nM";"4.73";"";"Active";"UO_0000065";"";"";"";"";"0";"CHEMBL1614336";"PUBCHEM_BIOASSAY: Dose Response screen for antagonists of Angiotensin II Receptor Type 1 to assess selectivity of uHTS small molecule antagonists hits of the APJ receptor. (Class of assay: confirmatory) [Related pubchem assays: 2569, 2521 ]";"F";"BAO_0000019";"assay format";"Homo sapiens";"None";"None";"None";"None";"";"";"";"CHEMBL227";"Type-1 angiotensin II receptor";"Homo sapiens";"SINGLE PROTEIN";"CHEMBL1201862";"7";"PubChem BioAssays";"";"";"None";"";"";"";"18.639"
"CHEMBL1453857";"";"None";"363.87";"0";"3.86";"SID24788381";"CC(C)(C)c1cc(Cl)c(O)c(NC(=S)NC(=O)c2cccnc2)c1";"IC50";"'='";"22182.0";"nM";"4.65";"";"Not Active";"UO_0000065";"";"";"";"";"0";"CHEMBL1614336";"PUBCHEM_BIOASSAY: Dose Response screen for antagonists of Angiotensin II Receptor Type 1 to assess selectivity of uHTS small molecule antagonists hits of the APJ receptor. (Class of assay: confirmatory) [Related pubchem assays: 2569, 2521 ]";"F";"BAO_0000019";"assay format";"Homo sapiens";"None";"None";"None";"None";"";"";"";"CHEMBL227";"Type-1 angiotensin II receptor";"Homo sapiens";"SINGLE PROTEIN";"CHEMBL1201862";"7";"PubChem BioAssays";"";"";"None";"";"";"";"22.182"
"CHEMBL1567159";"";"None";"403.45";"0";"3.32";"SID14734519";"CN(CCO)c1cc(Sc2nc3ccccc3s2)c2nonc2c1[N+](=O)[O-]";"IC50";"'='";"2082.0";"nM";"5.68";"";"Active";"UO_0000065";"";"";"";"";"0";"CHEMBL1614336";"PUBCHEM_BIOASSAY: Dose Response screen for antagonists of Angiotensin II Receptor Type 1 to assess selectivity of uHTS small molecule antagonists hits of the APJ receptor. (Class of assay: confirmatory) [Related pubchem assays: 2569, 2521 ]";"F";"BAO_0000019";"assay format";"Homo sapiens";"None";"None";"None";"None";"";"";"";"CHEMBL227";"Type-1 angiotensin II receptor";"Homo sapiens";"SINGLE PROTEIN";"CHEMBL1201862";"7";"PubChem BioAssays";"";"";"None";"";"";"";"2.082"
"CHEMBL1324082";"";"None";"461.48";"0";"4.53";"SID49669722";"CCN1C(=O)/C(=C/c2cccc(OC)c2Oc2ccc([N+](=O)[O-])cc2[N+](=O)[O-])SC1=S";"IC50";"'>'";"40000.0";"nM";"";"";"Not Active";"UO_0000065";"";"";"";"";"0";"CHEMBL1614336";"PUBCHEM_BIOASSAY: Dose Response screen for antagonists of Angiotensin II Receptor Type 1 to assess selectivity of uHTS small molecule antagonists hits of the APJ receptor. (Class of assay: confirmatory) [Related pubchem assays: 2569, 2521 ]";"F";"BAO_0000019";"assay format";"Homo sapiens";"None";"None";"None";"None";"";"";"";"CHEMBL227";"Type-1 angiotensin II receptor";"Homo sapiens";"SINGLE PROTEIN";"CHEMBL1201862";"7";"PubChem BioAssays";"";"";"None";"";"";"";"40.0"
"CHEMBL1543866";"";"None";"372.81";"0";"2.82";"SID22400757";"COC(=O)C1NN=C(C(=O)c2ccc(Cl)cc2)C1c1ccc(OC)cc1";"IC50";"'='";"28403.0";"nM";"4.55";"";"Not Active";"UO_0000065";"";"";"";"";"0";"CHEMBL1614336";"PUBCHEM_BIOASSAY: Dose Response screen for antagonists of Angiotensin II Receptor Type 1 to assess selectivity of uHTS small molecule antagonists hits of the APJ receptor. (Class of assay: confirmatory) [Related pubchem assays: 2569, 2521 ]";"F";"BAO_0000019";"assay format";"Homo sapiens";"None";"None";"None";"None";"";"";"";"CHEMBL227";"Type-1 angiotensin II receptor";"Homo sapiens";"SINGLE PROTEIN";"CHEMBL1201862";"7";"PubChem BioAssays";"";"";"None";"";"";"";"28.403"
"CHEMBL421088";"";"None";"258.28";"0";"3.36";"SID14729228";"O=C1c2ccccc2-c2nnc(-c3ccccc3)cc21";"IC50";"'='";"7431.0";"nM";"5.13";"";"Active";"UO_0000065";"";"";"";"";"0";"CHEMBL1614336";"PUBCHEM_BIOASSAY: Dose Response screen for antagonists of Angiotensin II Receptor Type 1 to assess selectivity of uHTS small molecule antagonists hits of the APJ receptor. (Class of assay: confirmatory) [Related pubchem assays: 2569, 2521 ]";"F";"BAO_0000019";"assay format";"Homo sapiens";"None";"None";"None";"None";"";"";"";"CHEMBL227";"Type-1 angiotensin II receptor";"Homo sapiens";"SINGLE PROTEIN";"CHEMBL1201862";"7";"PubChem BioAssays";"";"";"None";"";"";"";"7.431"
"CHEMBL1981898";"";"None";"363.39";"0";"3.95";"SID57266856";"C/C(=N\NC(=O)c1ccccc1OCc1ccc(F)cc1)c1ccccn1";"IC50";"'='";"5981.0";"nM";"5.22";"";"Active";"UO_0000065";"";"";"";"";"0";"CHEMBL1614336";"PUBCHEM_BIOASSAY: Dose Response screen for antagonists of Angiotensin II Receptor Type 1 to assess selectivity of uHTS small molecule antagonists hits of the APJ receptor. (Class of assay: confirmatory) [Related pubchem assays: 2569, 2521 ]";"F";"BAO_0000019";"assay format";"Homo sapiens";"None";"None";"None";"None";"";"";"";"CHEMBL227";"Type-1 angiotensin II receptor";"Homo sapiens";"SINGLE PROTEIN";"CHEMBL1201862";"7";"PubChem BioAssays";"";"";"None";"";"";"";"5.981"
"CHEMBL1522211";"";"None";"309.39";"0";"1.52";"SID17403232";"CCCOc1ccc(C(=O)NNC(=S)NC(=O)CC)cc1";"IC50";"'='";"7144.0";"nM";"5.15";"";"Active";"UO_0000065";"";"";"";"";"0";"CHEMBL1614336";"PUBCHEM_BIOASSAY: Dose Response screen for antagonists of Angiotensin II Receptor Type 1 to assess selectivity of uHTS small molecule antagonists hits of the APJ receptor. (Class of assay: confirmatory) [Related pubchem assays: 2569, 2521 ]";"F";"BAO_0000019";"assay format";"Homo sapiens";"None";"None";"None";"None";"";"";"";"CHEMBL227";"Type-1 angiotensin II receptor";"Homo sapiens";"SINGLE PROTEIN";"CHEMBL1201862";"7";"PubChem BioAssays";"";"";"None";"";"";"";"7.144"
"CHEMBL1522230";"";"None";"411.16";"0";"2.11";"SID24805391";"O=C(CNC(=O)c1ccc(Br)o1)OCC(=O)c1cccc([N+](=O)[O-])c1";"IC50";"'='";"27296.0";"nM";"4.56";"";"Not Active";"UO_0000065";"";"";"";"";"0";"CHEMBL1614336";"PUBCHEM_BIOASSAY: Dose Response screen for antagonists of Angiotensin II Receptor Type 1 to assess selectivity of uHTS small molecule antagonists hits of the APJ receptor. (Class of assay: confirmatory) [Related pubchem assays: 2569, 2521 ]";"F";"BAO_0000019";"assay format";"Homo sapiens";"None";"None";"None";"None";"";"";"";"CHEMBL227";"Type-1 angiotensin II receptor";"Homo sapiens";"SINGLE PROTEIN";"CHEMBL1201862";"7";"PubChem BioAssays";"";"";"None";"";"";"";"27.296"
"CHEMBL1600096";"";"None";"495.56";"0";"3.40";"SID4241083";"CC1CCCCN1C(=O)CSc1nc2cc3c(cc2c(=O)n1Cc1ccc2c(c1)OCO2)OCO3";"IC50";"'>'";"40000.0";"nM";"";"";"Not Active";"UO_0000065";"";"";"";"";"0";"CHEMBL1614336";"PUBCHEM_BIOASSAY: Dose Response screen for antagonists of Angiotensin II Receptor Type 1 to assess selectivity of uHTS small molecule antagonists hits of the APJ receptor. (Class of assay: confirmatory) [Related pubchem assays: 2569, 2521 ]";"F";"BAO_0000019";"assay format";"Homo sapiens";"None";"None";"None";"None";"";"";"";"CHEMBL227";"Type-1 angiotensin II receptor";"Homo sapiens";"SINGLE PROTEIN";"CHEMBL1201862";"7";"PubChem BioAssays";"";"";"None";"";"";"";"40.0"
"CHEMBL1529705";"";"None";"491.94";"1";"5.23";"SID17415724";"O=C1Nc2ccc(F)cc2C12Nc1ccccc1-c1nnc(SCc3ccccc3Cl)nc1O2";"IC50";"'='";"25534.0";"nM";"4.59";"";"Not Active";"UO_0000065";"";"";"";"";"0";"CHEMBL1614336";"PUBCHEM_BIOASSAY: Dose Response screen for antagonists of Angiotensin II Receptor Type 1 to assess selectivity of uHTS small molecule antagonists hits of the APJ receptor. (Class of assay: confirmatory) [Related pubchem assays: 2569, 2521 ]";"F";"BAO_0000019";"assay format";"Homo sapiens";"None";"None";"None";"None";"";"";"";"CHEMBL227";"Type-1 angiotensin II receptor";"Homo sapiens";"SINGLE PROTEIN";"CHEMBL1201862";"7";"PubChem BioAssays";"";"";"None";"";"";"";"25.534"
"CHEMBL3193015";"";"None";"295.50";"0";"3.99";"SID16953616";"CC(C)NC(=S)N/N=C1\CCCCC1C1CCCCC1";"IC50";"'>'";"40000.0";"nM";"";"";"Not Active";"UO_0000065";"";"";"";"";"0";"CHEMBL1614336";"PUBCHEM_BIOASSAY: Dose Response screen for antagonists of Angiotensin II Receptor Type 1 to assess selectivity of uHTS small molecule antagonists hits of the APJ receptor. (Class of assay: confirmatory) [Related pubchem assays: 2569, 2521 ]";"F";"BAO_0000019";"assay format";"Homo sapiens";"None";"None";"None";"None";"";"";"";"CHEMBL227";"Type-1 angiotensin II receptor";"Homo sapiens";"SINGLE PROTEIN";"CHEMBL1201862";"7";"PubChem BioAssays";"";"";"None";"";"";"";"40.0"
"CHEMBL308361";"";"None";"674.82";"2";"5.18";"18c";"CCCCOC(=O)NS(=O)(=O)c1ccccc1-c1ccc(Cn2c(CCC)nc(CN3CCN(c4ccccn4)CC3)c2C(=O)O)cc1";"IC50";"'='";"6.0";"nM";"8.22";"";"";"UO_0000065";"12.18";"0.23";"3.04";"5.59";"0";"CHEMBL647574";"In vitro binding affinity of compound against Angiotensin II receptor, type 1";"B";"BAO_0000357";"single protein format";"None";"None";"None";"None";"None";"";"";"";"CHEMBL227";"Type-1 angiotensin II receptor";"Homo sapiens";"SINGLE PROTEIN";"CHEMBL1127975";"1";"Scientific Literature";"Bioorg Med Chem Lett";"1994";"None";"";"";"";"6.0"
"CHEMBL3753134";"";"None";"614.71";"2";"5.72";"1m";"CCCc1nc2c(C)cc(C(=O)NCc3cccc(OC)c3)cc2n1Cc1ccc(-c2ccccc2C(=O)Nc2nnn[nH]2)cc1";"IC50";"'='";"53.9";"nM";"7.27";"";"";"UO_0000065";"11.82";"0.22";"1.55";"5.20";"0";"CHEMBL3757817";"Displacement of 125I-labelled Sar1-Ile8-angiotensin-2 from human AT1 receptor";"B";"BAO_0000357";"single protein format";"Homo sapiens";"None";"None";"None";"None";"";"";"";"CHEMBL227";"Type-1 angiotensin II receptor";"Homo sapiens";"SINGLE PROTEIN";"CHEMBL3751753";"1";"Scientific Literature";"Medchemcomm";"2015";"None";"";"";"";"53.9"
"CHEMBL3754267";"";"None";"605.75";"1";"4.99";"1b";"CCCc1nc2c(C)cc(C(=O)NCCN3CCCCC3)cc2n1Cc1ccc(-c2ccccc2C(=O)Nc2nnn[nH]2)cc1";"IC50";"'='";"67.5";"nM";"7.17";"";"";"UO_0000065";"11.84";"0.22";"2.18";"5.36";"0";"CHEMBL3757817";"Displacement of 125I-labelled Sar1-Ile8-angiotensin-2 from human AT1 receptor";"B";"BAO_0000357";"single protein format";"Homo sapiens";"None";"None";"None";"None";"";"";"";"CHEMBL227";"Type-1 angiotensin II receptor";"Homo sapiens";"SINGLE PROTEIN";"CHEMBL3751753";"1";"Scientific Literature";"Medchemcomm";"2015";"None";"";"";"";"67.5"
"CHEMBL3735302";"";"None";"668.86";"2";"6.63";"3";"CCCc1nc2c(C)cc(C(=O)NCCN3CCCCC3)cc2n1Cc1ccc(-c2ccccc2S(=O)(=O)Nc2onc(C)c2C)cc1";"IC50";"'='";"94.0";"nM";"7.03";"";"";"UO_0000065";"10.51";"0.20";"0.40";"5.74";"0";"CHEMBL3739215";"Displacement of 125I-labeled Sar1-Ile8-angiotensin II from human AT1 receptor incubated for 2 hrs by gamma counting analysis";"B";"BAO_0000357";"single protein format";"Homo sapiens";"None";"None";"None";"None";"";"";"";"CHEMBL227";"Type-1 angiotensin II receptor";"Homo sapiens";"SINGLE PROTEIN";"CHEMBL3734700";"1";"Scientific Literature";"Medchemcomm";"2015";"None";"";"";"";"94.0"
"CHEMBL3735311";"";"None";"613.78";"2";"6.95";"7";"CCCCNC(=O)c1cc(C)c2nc(CCC)n(Cc3ccc(-c4ccccc4S(=O)(=O)Nc4onc(C)c4C)cc3)c2c1";"IC50";"'='";"465.0";"nM";"6.33";"";"";"UO_0000065";"10.32";"0.20";"-0.62";"5.32";"0";"CHEMBL3739215";"Displacement of 125I-labeled Sar1-Ile8-angiotensin II from human AT1 receptor incubated for 2 hrs by gamma counting analysis";"B";"BAO_0000357";"single protein format";"Homo sapiens";"None";"None";"None";"None";"";"";"";"CHEMBL227";"Type-1 angiotensin II receptor";"Homo sapiens";"SINGLE PROTEIN";"CHEMBL3734700";"1";"Scientific Literature";"Medchemcomm";"2015";"None";"";"";"";"465.0"
"CHEMBL3736248";"";"None";"691.85";"2";"7.40";"17";"CCCc1nc2c(C)cc(C(=O)NCCc3cccc(OC)c3)cc2n1Cc1ccc(-c2ccccc2S(=O)(=O)Nc2onc(C)c2C)cc1";"IC50";"'='";"42.0";"nM";"7.38";"";"";"UO_0000065";"10.66";"0.20";"-0.02";"5.75";"0";"CHEMBL3739215";"Displacement of 125I-labeled Sar1-Ile8-angiotensin II from human AT1 receptor incubated for 2 hrs by gamma counting analysis";"B";"BAO_0000357";"single protein format";"Homo sapiens";"None";"None";"None";"None";"";"";"";"CHEMBL227";"Type-1 angiotensin II receptor";"Homo sapiens";"SINGLE PROTEIN";"CHEMBL3734700";"1";"Scientific Literature";"Medchemcomm";"2015";"None";"";"";"";"42.0"
"CHEMBL275545";"";"None";"579.72";"2";"5.02";"Fig1;6";"CCCc1nc(CC)c(C(=O)NC)n1Cc1ccc(-c2ccccc2S(=O)(=O)Nc2onc(C)c2C)c(COC)c1";"IC50";"'='";"8.0";"nM";"8.10";"";"";"UO_0000065";"13.97";"0.27";"3.08";"6.31";"0";"CHEMBL3739215";"Displacement of 125I-labeled Sar1-Ile8-angiotensin II from human AT1 receptor incubated for 2 hrs by gamma counting analysis";"B";"BAO_0000357";"single protein format";"Homo sapiens";"None";"None";"None";"None";"";"";"";"CHEMBL227";"Type-1 angiotensin II receptor";"Homo sapiens";"SINGLE PROTEIN";"CHEMBL3734700";"1";"Scientific Literature";"Medchemcomm";"2015";"None";"";"";"";"8.0"
"CHEMBL3735155";"";"None";"557.68";"2";"5.74";"Fig3;3";"CCCc1nc2c(n1Cc1ccc(-c3ccccc3S(=O)(=O)Nc3onc(C)c3C)c(C#N)c1)C(=O)CCCC2";"IC50";"'='";"16.0";"nM";"7.80";"";"";"UO_0000065";"13.98";"0.27";"2.06";"5.96";"0";"CHEMBL3739215";"Displacement of 125I-labeled Sar1-Ile8-angiotensin II from human AT1 receptor incubated for 2 hrs by gamma counting analysis";"B";"BAO_0000357";"single protein format";"Homo sapiens";"None";"None";"None";"None";"";"";"";"CHEMBL227";"Type-1 angiotensin II receptor";"Homo sapiens";"SINGLE PROTEIN";"CHEMBL3734700";"1";"Scientific Literature";"Medchemcomm";"2015";"None";"";"";"";"16.0"
"CHEMBL4288964";"";"None";"571.75";"2";"5.73";"18";"CCCCc1nc(C(C)C)c(CC(=S)N2CCCC2)c(=O)n1Cc1ccc(-c2ccccc2-c2noc(=O)[nH]2)cc1";"IC50";"'='";"2.2";"nM";"8.66";"";"";"UO_0000065";"";"";"";"";"0";"CHEMBL4267128";"Antagonist activity at type-1 angiotensin 2 receptor (unknown origin) by calcium mobilizing assay";"F";"BAO_0000019";"assay format";"Homo sapiens";"None";"None";"None";"None";"";"";"";"CHEMBL227";"Type-1 angiotensin II receptor";"Homo sapiens";"SINGLE PROTEIN";"CHEMBL4265900";"1";"Scientific Literature";"Bioorg Med Chem Lett";"2018";"None";"";"";"";"2.2"
"CHEMBL4289788";"";"None";"517.66";"1";"4.38";"4";"CCCCc1nc(C)c(CC(=S)N(C)C)c(=O)n1Cc1ccc(-c2ccccc2-c2noc(=O)[nH]2)cc1";"IC50";"'='";"1.6";"nM";"8.80";"";"";"UO_0000065";"";"";"";"";"0";"CHEMBL4267128";"Antagonist activity at type-1 angiotensin 2 receptor (unknown origin) by calcium mobilizing assay";"F";"BAO_0000019";"assay format";"Homo sapiens";"None";"None";"None";"None";"";"";"";"CHEMBL227";"Type-1 angiotensin II receptor";"Homo sapiens";"SINGLE PROTEIN";"CHEMBL4265900";"1";"Scientific Literature";"Bioorg Med Chem Lett";"2018";"None";"";"";"";"1.6"
"CHEMBL4279104";"";"None";"512.70";"1";"3.69";"3";"CCCCc1nc(C)c(CC(=S)N(C)C)c(=O)n1Cc1ccc(-c2ccccc2S(N)(=O)=O)cc1";"IC50";"";"";"";"";"";"Not Determined";"";"";"";"";"";"0";"CHEMBL4267128";"Antagonist activity at type-1 angiotensin 2 receptor (unknown origin) by calcium mobilizing assay";"F";"BAO_0000019";"assay format";"Homo sapiens";"None";"None";"None";"None";"";"";"";"CHEMBL227";"Type-1 angiotensin II receptor";"Homo sapiens";"SINGLE PROTEIN";"CHEMBL4265900";"1";"Scientific Literature";"Bioorg Med Chem Lett";"2018";"None";"";"";"";""
"CHEMBL3640152";"";"None";"614.66";"1";"4.73";"BDBM99973";"CCc1cc2c(=O)n(CC(O)c3ccc(OC)cc3)c(=O)n(Cc3ccc(-c4ccccc4-c4nc(=O)o[nH]4)cc3F)c2s1";"IC50";"'='";"1.5";"nM";"8.82";"";"216971";"UO_0000065";"14.36";"0.27";"4.09";"6.67";"0";"CHEMBL3705302";"Binding Assay: Binding assay using human AT1.";"B";"BAO_0000357";"single protein format";"Homo sapiens";"None";"None";"None";"None";"";"";"";"CHEMBL227";"Type-1 angiotensin II receptor";"Homo sapiens";"SINGLE PROTEIN";"CHEMBL3639103";"37";"BindingDB Patent Bioactivity Data";"";"2013";"None";"";"";"";"1.5"
"CHEMBL3640164";"";"None";"612.64";"1";"4.88";"BDBM99986";"CCc1cc2c(=O)n(CC(=O)c3ccc(OC)cc3)c(=O)n(Cc3ccc(-c4cc(F)ccc4-c4nc(=O)o[nH]4)cc3)c2s1";"IC50";"'='";"1.8";"nM";"8.74";"";"216983";"UO_0000065";"14.27";"0.27";"3.86";"6.77";"0";"CHEMBL3705302";"Binding Assay: Binding assay using human AT1.";"B";"BAO_0000357";"single protein format";"Homo sapiens";"None";"None";"None";"None";"";"";"";"CHEMBL227";"Type-1 angiotensin II receptor";"Homo sapiens";"SINGLE PROTEIN";"CHEMBL3639103";"37";"BindingDB Patent Bioactivity Data";"";"2013";"None";"";"";"";"1.8"
"CHEMBL3640166";"";"None";"564.62";"1";"4.73";"BDBM99988";"CCc1cc2c(=O)n(CC(=O)c3ccccc3)c(=O)n(Cc3ccc(-c4ccccc4-c4nc(=O)o[nH]4)cc3)c2s1";"IC50";"'='";"1.4";"nM";"8.85";"";"216985";"UO_0000065";"15.68";"0.29";"4.12";"7.38";"0";"CHEMBL3705302";"Binding Assay: Binding assay using human AT1.";"B";"BAO_0000357";"single protein format";"Homo sapiens";"None";"None";"None";"None";"";"";"";"CHEMBL227";"Type-1 angiotensin II receptor";"Homo sapiens";"SINGLE PROTEIN";"CHEMBL3639103";"37";"BindingDB Patent Bioactivity Data";"";"2013";"None";"";"";"";"1.4"
"CHEMBL124925";"";"None";"534.68";"2";"5.95";"82, 84";"CCCCc1ncc(/C=C2/C(=O)N(CCCC)C(=O)N2Cc2ccc(C)s2)n1Cc1ccc(C(=O)O)cc1";"IC50";"'='";"0.6";"nM";"9.22";"";"";"UO_0000065";"17.25";"0.33";"3.27";"9.63";"0";"CHEMBL3056799";"Antagonist activity at angiotensin 2 type-1 receptor (unknown origin)";"B";"BAO_0000357";"single protein format";"Homo sapiens";"None";"None";"None";"None";"";"";"";"CHEMBL227";"Type-1 angiotensin II receptor";"Homo sapiens";"SINGLE PROTEIN";"CHEMBL3045634";"1";"Scientific Literature";"Med Chem Res";"2010";"None";"";"";"";"0.6"
"CHEMBL123568";"";"None";"464.55";"0";"4.13";"79";"CCCCc1ncc(/C=C2\C(=O)NC(=O)N2Cc2cccs2)n1Cc1ccc(C(=O)O)cc1";"IC50";"'='";"2.6";"nM";"8.59";"";"";"UO_0000065";"18.48";"0.36";"4.46";"8.21";"0";"CHEMBL3056799";"Antagonist activity at angiotensin 2 type-1 receptor (unknown origin)";"B";"BAO_0000357";"single protein format";"Homo sapiens";"None";"None";"None";"None";"";"";"";"CHEMBL227";"Type-1 angiotensin II receptor";"Homo sapiens";"SINGLE PROTEIN";"CHEMBL3045634";"1";"Scientific Literature";"Med Chem Res";"2010";"None";"";"";"";"2.6"
"CHEMBL333722";"";"None";"518.61";"2";"5.26";"53";"CCCCc1ncc(/C=C2/C(=O)N(CCCC)C(=O)N2Cc2ccoc2)n1Cc1ccc(C(=O)OC)cc1";"IC50";"'='";"8.3";"nM";"8.08";"";"";"UO_0000065";"15.58";"0.29";"2.82";"8.26";"0";"CHEMBL3056799";"Antagonist activity at angiotensin 2 type-1 receptor (unknown origin)";"B";"BAO_0000357";"single protein format";"Homo sapiens";"None";"None";"None";"None";"";"";"";"CHEMBL227";"Type-1 angiotensin II receptor";"Homo sapiens";"SINGLE PROTEIN";"CHEMBL3045634";"1";"Scientific Literature";"Med Chem Res";"2010";"None";"";"";"";"8.3"
"CHEMBL122458";"";"None";"533.63";"1";"4.96";"49";"CCCCc1ncc(/C=C2/C(=O)N(CCCC)C(=O)N2Cc2cc(C)on2)n1Cc1ccc(C(=O)OC)cc1";"IC50";"'='";"8.5";"nM";"8.07";"";"";"UO_0000065";"15.12";"0.28";"3.11";"7.29";"0";"CHEMBL3056799";"Antagonist activity at angiotensin 2 type-1 receptor (unknown origin)";"B";"BAO_0000357";"single protein format";"Homo sapiens";"None";"None";"None";"None";"";"";"";"CHEMBL227";"Type-1 angiotensin II receptor";"Homo sapiens";"SINGLE PROTEIN";"CHEMBL3045634";"1";"Scientific Literature";"Med Chem Res";"2010";"None";"";"";"";"8.5"
"CHEMBL340605";"";"None";"548.71";"2";"5.77";"41";"CCCCc1ncc(/C=C2/C(=O)N(CCCC)C(=O)N2CCc2cccs2)n1Cc1ccc(C(=O)OC)cc1";"IC50";"'='";"14.5";"nM";"7.84";"";"";"UO_0000065";"14.29";"0.27";"2.07";"9.25";"0";"CHEMBL3056799";"Antagonist activity at angiotensin 2 type-1 receptor (unknown origin)";"B";"BAO_0000357";"single protein format";"Homo sapiens";"None";"None";"None";"None";"";"";"";"CHEMBL227";"Type-1 angiotensin II receptor";"Homo sapiens";"SINGLE PROTEIN";"CHEMBL3045634";"1";"Scientific Literature";"Med Chem Res";"2010";"None";"";"";"";"14.5"
"CHEMBL122982";"";"None";"560.65";"2";"5.08";"14";"CCCCc1ncc(/C=C2/C(=O)N(CCCC)C(=O)N2Cc2ccc(O)c(O)c2)n1Cc1ccc(C(=O)OC)cc1";"IC50";"'='";"4.9";"nM";"8.31";"";"";"UO_0000065";"14.82";"0.28";"3.23";"6.64";"0";"CHEMBL3056799";"Antagonist activity at angiotensin 2 type-1 receptor (unknown origin)";"B";"BAO_0000357";"single protein format";"Homo sapiens";"None";"None";"None";"None";"";"";"";"CHEMBL227";"Type-1 angiotensin II receptor";"Homo sapiens";"SINGLE PROTEIN";"CHEMBL3045634";"1";"Scientific Literature";"Med Chem Res";"2010";"None";"";"";"";"4.9"
"CHEMBL421074";"";"None";"448.53";"0";"3.15";"9";"CCCCc1ncc(/C=C2/C(=O)NC(=O)N2CCCC)n1Cc1ccc(-c2nn[nH]n2)cc1";"IC50";"'='";"7.1";"nM";"8.15";"";"";"UO_0000065";"18.17";"0.34";"5.00";"6.70";"0";"CHEMBL3056799";"Antagonist activity at angiotensin 2 type-1 receptor (unknown origin)";"B";"BAO_0000357";"single protein format";"Homo sapiens";"None";"None";"None";"None";"";"";"";"CHEMBL227";"Type-1 angiotensin II receptor";"Homo sapiens";"SINGLE PROTEIN";"CHEMBL3045634";"1";"Scientific Literature";"Med Chem Res";"2010";"None";"";"";"";"7.1"
"CHEMBL3640123";"";"None";"639.06";"2";"6.28";"BDBM99944";"O=c1nc(-c2ccccc2-c2ccc(Cn3c(=O)n(CCc4ccc(Cl)cc4)c(=O)c4cc(CC(F)(F)F)sc43)cc2)[nH]o1";"IC50";"'='";"1.6";"nM";"8.80";"";"216942";"UO_0000065";"13.76";"0.27";"2.52";"8.55";"0";"CHEMBL3705302";"Binding Assay: Binding assay using human AT1.";"B";"BAO_0000357";"single protein format";"Homo sapiens";"None";"None";"None";"None";"";"";"";"CHEMBL227";"Type-1 angiotensin II receptor";"Homo sapiens";"SINGLE PROTEIN";"CHEMBL3639103";"37";"BindingDB Patent Bioactivity Data";"";"2013";"None";"";"";"";"1.6"
"CHEMBL3640124";"";"None";"618.64";"2";"5.94";"BDBM99945";"Cc1ccc(CCn2c(=O)c3cc(CC(F)(F)F)sc3n(Cc3ccc(-c4ccccc4-c4nc(=O)o[nH]4)cc3)c2=O)cc1";"IC50";"'='";"1.2";"nM";"8.92";"";"216943";"UO_0000065";"14.42";"0.28";"2.98";"8.67";"0";"CHEMBL3705302";"Binding Assay: Binding assay using human AT1.";"B";"BAO_0000357";"single protein format";"Homo sapiens";"None";"None";"None";"None";"";"";"";"CHEMBL227";"Type-1 angiotensin II receptor";"Homo sapiens";"SINGLE PROTEIN";"CHEMBL3639103";"37";"BindingDB Patent Bioactivity Data";"";"2013";"None";"";"";"";"1.2"
"CHEMBL3640136";"";"None";"599.07";"2";"5.38";"BDBM99957";"CCc1cc2c(=O)n(CC(=O)c3ccc(Cl)cc3)c(=O)n(Cc3ccc(-c4ccccc4-c4nc(=O)o[nH]4)cc3)c2s1";"IC50";"'='";"1.7";"nM";"8.77";"";"216955";"UO_0000065";"14.64";"0.29";"3.39";"7.31";"0";"CHEMBL3705302";"Binding Assay: Binding assay using human AT1.";"B";"BAO_0000357";"single protein format";"Homo sapiens";"None";"None";"None";"None";"";"";"";"CHEMBL227";"Type-1 angiotensin II receptor";"Homo sapiens";"SINGLE PROTEIN";"CHEMBL3639103";"37";"BindingDB Patent Bioactivity Data";"";"2013";"None";"";"";"";"1.7"
"CHEMBL341369";"";"None";"744.68";"2";"6.95";"30";"CCCCC(=O)Nc1ccc(Br)c(-n2nc(CCC)n(Cc3ccc(-c4ccccc4S(=O)(=O)NC(=O)OC(C)(C)C)cc3F)c2=O)c1";"IC50";"'='";"0.43";"nM";"9.37";"";"";"UO_0000065";"12.58";"0.27";"2.42";"6.62";"0";"CHEMBL650312";"In vitro inhibitory activity against angiotensin II receptor type 1, in human adrenal membrane preparations.";"B";"BAO_0000249";"cell membrane format";"None";"None";"None";"None";"None";"";"";"";"CHEMBL227";"Type-1 angiotensin II receptor";"Homo sapiens";"SINGLE PROTEIN";"CHEMBL1128554";"1";"Scientific Literature";"J Med Chem";"1995";"None";"";"";"";"0.43"
"CHEMBL1801741";"";"None";"491.64";"1";"6.44";"2m";"Cc1cc(CC(C)C)nc2c1nc(C(C)C)n2[C@H]1CCc2cc(-c3ccccc3-c3nnn[nH]3)ccc21";"IC50";"'='";"3.5";"nM";"8.46";"";"";"UO_0000065";"17.20";"0.31";"2.02";"9.93";"0";"CHEMBL1803889";"Displacement of [125I]Tyr4-Sar1,Ile8-Angiotensin II from human Angiotensin 1 receptor after 60 mins by scintillation counting";"B";"BAO_0000357";"single protein format";"Homo sapiens";"None";"None";"None";"None";"";"";"";"CHEMBL227";"Type-1 angiotensin II receptor";"Homo sapiens";"SINGLE PROTEIN";"CHEMBL1800018";"1";"Scientific Literature";"J Med Chem";"2011";"None";"";"";"";"3.5"
"CHEMBL2322441";"";"None";"479.59";"0";"4.80";"12f";"CCc1nc2ccn(CC(C)C)c(=O)c2n1[C@H]1CCc2cc(-c3ccccc3-c3nnn[nH]3)ccc21";"IC50";"'='";"19.4";"nM";"7.71";"";"";"UO_0000065";"16.08";"0.29";"2.91";"8.18";"0";"CHEMBL2327554";"Displacement of [125I]Tyr4-Sar1,Ile8-Angiotensin II from human Angiotensin 1 receptor after";"B";"BAO_0000357";"single protein format";"Homo sapiens";"None";"None";"None";"None";"";"";"";"CHEMBL227";"Type-1 angiotensin II receptor";"Homo sapiens";"SINGLE PROTEIN";"CHEMBL2321681";"1";"Scientific Literature";"Bioorg Med Chem Lett";"2013";"None";"";"";"";"19.4"
"CHEMBL421629";"";"None";"535.67";"2";"5.04";"57";"CCCCc1ncc(/C=C2/C(=O)N(CCC)C(=O)N2Cc2csc(C)n2)n1Cc1ccc(C(=O)OC)cc1";"IC50";"'='";"9.0";"nM";"8.05";"";"";"UO_0000065";"15.02";"0.29";"3.01";"8.24";"0";"CHEMBL3056799";"Antagonist activity at angiotensin 2 type-1 receptor (unknown origin)";"B";"BAO_0000357";"single protein format";"Homo sapiens";"None";"None";"None";"None";"";"";"";"CHEMBL227";"Type-1 angiotensin II receptor";"Homo sapiens";"SINGLE PROTEIN";"CHEMBL3045634";"1";"Scientific Literature";"Med Chem Res";"2010";"None";"";"";"";"9.0"
"CHEMBL125233";"";"None";"563.10";"2";"6.32";"50";"CCCCc1ncc(/C=C2/C(=O)N(CCCC)C(=O)N2Cc2cccc(Cl)c2)n1Cc1ccc(C(=O)OC)cc1";"IC50";"'='";"117.0";"nM";"6.93";"";"";"UO_0000065";"12.31";"0.24";"0.61";"8.18";"0";"CHEMBL3056799";"Antagonist activity at angiotensin 2 type-1 receptor (unknown origin)";"B";"BAO_0000357";"single protein format";"Homo sapiens";"None";"None";"None";"None";"";"";"";"CHEMBL227";"Type-1 angiotensin II receptor";"Homo sapiens";"SINGLE PROTEIN";"CHEMBL3045634";"1";"Scientific Literature";"Med Chem Res";"2010";"None";"";"";"";"117.0"
"CHEMBL125273";"";"None";"519.60";"1";"4.65";"45";"CCCCc1ncc(/C=C2/C(=O)N(CCCC)C(=O)N2Cc2ccno2)n1Cc1ccc(C(=O)OC)cc1";"IC50";"'='";"10.1";"nM";"8.00";"";"";"UO_0000065";"15.39";"0.29";"3.35";"7.22";"0";"CHEMBL3056799";"Antagonist activity at angiotensin 2 type-1 receptor (unknown origin)";"B";"BAO_0000357";"single protein format";"Homo sapiens";"None";"None";"None";"None";"";"";"";"CHEMBL227";"Type-1 angiotensin II receptor";"Homo sapiens";"SINGLE PROTEIN";"CHEMBL3045634";"1";"Scientific Literature";"Med Chem Res";"2010";"None";"";"";"";"10.1"
"CHEMBL435994";"";"None";"492.62";"1";"5.39";"30";"CCCCc1ncc(/C=C2/C(=O)N(CCCC)C(=O)N2C=C(C)C)n1Cc1ccc(C(=O)OC)cc1";"IC50";"'='";"11.1";"nM";"7.96";"";"";"UO_0000065";"16.15";"0.30";"2.56";"9.39";"0";"CHEMBL3056799";"Antagonist activity at angiotensin 2 type-1 receptor (unknown origin)";"B";"BAO_0000357";"single protein format";"Homo sapiens";"None";"None";"None";"None";"";"";"";"CHEMBL227";"Type-1 angiotensin II receptor";"Homo sapiens";"SINGLE PROTEIN";"CHEMBL3045634";"1";"Scientific Literature";"Med Chem Res";"2010";"None";"";"";"";"11.1"
"CHEMBL332152";"";"None";"596.65";"2";"6.68";"22";"CCCCc1ncc(/C=C2/C(=O)N(CCCC)C(=O)N2Cc2ccc(C(F)(F)F)cc2)n1Cc1ccc(C(=O)OC)cc1";"IC50";"'='";"159.0";"nM";"6.80";"";"";"UO_0000065";"11.39";"0.22";"0.12";"8.02";"0";"CHEMBL3056799";"Antagonist activity at angiotensin 2 type-1 receptor (unknown origin)";"B";"BAO_0000357";"single protein format";"Homo sapiens";"None";"None";"None";"None";"";"";"";"CHEMBL227";"Type-1 angiotensin II receptor";"Homo sapiens";"SINGLE PROTEIN";"CHEMBL3045634";"1";"Scientific Literature";"Med Chem Res";"2010";"None";"";"";"";"159.0"
"CHEMBL121733";"";"None";"586.69";"2";"5.45";"18";"CCCCc1ncc(/C=C2/C(=O)N(CCCC)C(=O)N2Cc2ccc(C(=O)OC)cc2)n1Cc1ccc(C(=O)OC)cc1";"IC50";"'='";"14.3";"nM";"7.84";"";"";"UO_0000065";"13.37";"0.25";"2.39";"7.06";"0";"CHEMBL3056799";"Antagonist activity at angiotensin 2 type-1 receptor (unknown origin)";"B";"BAO_0000357";"single protein format";"Homo sapiens";"None";"None";"None";"None";"";"";"";"CHEMBL227";"Type-1 angiotensin II receptor";"Homo sapiens";"SINGLE PROTEIN";"CHEMBL3045634";"1";"Scientific Literature";"Med Chem Res";"2010";"None";"";"";"";"14.3"
"CHEMBL125818";"";"None";"524.63";"1";"4.81";"3";"CCCCc1ncc(/C=C2\C(=O)NC(=O)N2CCCC)n1Cc1ccc(-c2ccccc2-c2nn[nH]n2)cc1";"IC50";"'='";"2.7";"nM";"8.57";"";"";"UO_0000065";"16.33";"0.30";"3.76";"7.04";"0";"CHEMBL3056799";"Antagonist activity at angiotensin 2 type-1 receptor (unknown origin)";"B";"BAO_0000357";"single protein format";"Homo sapiens";"None";"None";"None";"None";"";"";"";"CHEMBL227";"Type-1 angiotensin II receptor";"Homo sapiens";"SINGLE PROTEIN";"CHEMBL3045634";"1";"Scientific Literature";"Med Chem Res";"2010";"None";"";"";"";"2.7"
"CHEMBL125542";"";"None";"524.63";"1";"4.81";"2";"CCCCc1ncc(/C=C2/C(=O)NC(=O)N2CCCC)n1Cc1ccc(-c2ccccc2-c2nn[nH]n2)cc1";"IC50";"'='";"1.4";"nM";"8.85";"";"";"UO_0000065";"16.88";"0.31";"4.04";"7.28";"0";"CHEMBL3056799";"Antagonist activity at angiotensin 2 type-1 receptor (unknown origin)";"B";"BAO_0000357";"single protein format";"Homo sapiens";"None";"None";"None";"None";"";"";"";"CHEMBL227";"Type-1 angiotensin II receptor";"Homo sapiens";"SINGLE PROTEIN";"CHEMBL3045634";"1";"Scientific Literature";"Med Chem Res";"2010";"None";"";"";"";"1.4"
"CHEMBL338431";"";"None";"603.67";"2";"5.97";"63";"CCCCc1ncc(/C=C2/C(=O)N(CCCC(F)(F)F)C(=O)N2Cc2csc(C)n2)n1Cc1ccc(C(=O)OC)cc1";"IC50";"'='";"70.0";"nM";"7.16";"";"";"UO_0000065";"11.85";"0.23";"1.18";"7.33";"0";"CHEMBL3056799";"Antagonist activity at angiotensin 2 type-1 receptor (unknown origin)";"B";"BAO_0000357";"single protein format";"Homo sapiens";"None";"None";"None";"None";"";"";"";"CHEMBL227";"Type-1 angiotensin II receptor";"Homo sapiens";"SINGLE PROTEIN";"CHEMBL3045634";"1";"Scientific Literature";"Med Chem Res";"2010";"None";"";"";"";"70.0"
"CHEMBL1256876";"";"None";"365.90";"0";"3.26";"EUB0000359aCl";"Cl.NC[C@@H]1O[C@H](C23CC4CC(CC(C4)C2)C3)Cc2c1ccc(O)c2O";"IC50";"'='";"3130.24";"nM";"5.50";"";"";"UO_0000065";"";"";"";"";"0";"CHEMBL5442690";"GPCR PRESTO-Tango dose-response in antagonist mode with target: AGTR1";"F";"BAO_0000219";"cell-based format";"Homo sapiens";"None";"None";"HTLA";"None";"";"";"";"CHEMBL227";"Type-1 angiotensin II receptor";"Homo sapiens";"SINGLE PROTEIN";"CHEMBL5442687";"55";"EUbOPEN Chemogenomic Library";"";"2024";"CHEMBL5446261";"";"ANTAGONIST";"";"3.13024"
"CHEMBL3736202";"";"None";"563.72";"2";"7.40";"17R";"CCSc1nc2c(C)cc(C(=O)NC[C@H](C)c3ccccc3)cc2n1Cc1ccc(-c2ccccc2C(=O)O)cc1";"IC50";"'='";"486.8";"nM";"6.31";"";"";"UO_0000065";"11.20";"0.21";"-1.09";"7.50";"0";"CHEMBL3736606";"Displacement of [125I]Sar1Ile8-Ang2 from human AT1 receptor expressed in CHO-K1 cell membranes after 180 mins";"B";"BAO_0000219";"cell-based format";"Homo sapiens";"None";"None";"CHO-K1";"None";"";"";"";"CHEMBL227";"Type-1 angiotensin II receptor";"Homo sapiens";"SINGLE PROTEIN";"CHEMBL3734751";"1";"Scientific Literature";"Eur J Med Chem";"2015";"CHEMBL3307512";"";"";"";"486.8"
"CHEMBL3735831";"";"None";"561.75";"2";"7.78";"11S";"CCCc1nc2c(C)cc(C(=S)NC[C@@H](C)c3ccccc3)cc2n1Cc1ccc(-c2ccccc2C(=O)O)cc1";"IC50";"'='";"738.4";"nM";"6.13";"";"";"UO_0000065";"10.92";"0.20";"-1.65";"9.13";"0";"CHEMBL3736606";"Displacement of [125I]Sar1Ile8-Ang2 from human AT1 receptor expressed in CHO-K1 cell membranes after 180 mins";"B";"BAO_0000219";"cell-based format";"Homo sapiens";"None";"None";"CHO-K1";"None";"";"";"";"CHEMBL227";"Type-1 angiotensin II receptor";"Homo sapiens";"SINGLE PROTEIN";"CHEMBL3734751";"1";"Scientific Literature";"Eur J Med Chem";"2015";"CHEMBL3307512";"";"";"";"738.4"
"CHEMBL3735910";"";"None";"555.69";"2";"6.68";"2S";"CCCc1nc2c(C)cc(C(=O)N[C@@H](C)c3ccccc3)cc2n1Cc1ccc(-c2ccccc2-c2nnn[nH]2)cc1";"IC50";"'='";"1534.5";"nM";"5.81";"";"";"UO_0000065";"10.46";"0.19";"-0.87";"5.73";"0";"CHEMBL3736606";"Displacement of [125I]Sar1Ile8-Ang2 from human AT1 receptor expressed in CHO-K1 cell membranes after 180 mins";"B";"BAO_0000219";"cell-based format";"Homo sapiens";"None";"None";"CHO-K1";"None";"";"";"";"CHEMBL227";"Type-1 angiotensin II receptor";"Homo sapiens";"SINGLE PROTEIN";"CHEMBL3734751";"1";"Scientific Literature";"Eur J Med Chem";"2015";"CHEMBL3307512";"";"";"";"1534.5"
"CHEMBL74236";"";"None";"731.91";"2";"8.80";"30";"CCCc1nc(CC)c(C(=O)OCc2ccccc2-c2ccsc2)n1Cc1ccc(-c2ccccc2S(=O)(=O)NC(=O)OCCC(C)C)cc1F";"IC50";"'='";"0.6";"nM";"9.22";"";"";"UO_0000065";"12.60";"0.25";"0.42";"7.91";"0";"CHEMBL648492";"Binding affinity for Angiotensin II receptor, type 1";"B";"BAO_0000357";"single protein format";"None";"None";"None";"None";"None";"";"";"";"CHEMBL227";"Type-1 angiotensin II receptor";"Homo sapiens";"SINGLE PROTEIN";"CHEMBL1150518";"1";"Scientific Literature";"Bioorg Med Chem Lett";"1994";"None";"";"";"";"0.6"
"CHEMBL1668007";"";"None";"713.83";"2";"6.02";"138";"CCCCc1nc2ccn(CC(=O)N3CCCCC3)c(=O)c2n1Cc1ccc(-c2ccccc2S(=O)(=O)NC(=O)OCc2ccccc2)cc1F";"IC50";"'='";"4.7";"nM";"8.33";"";"";"UO_0000065";"11.67";"0.22";"2.31";"6.28";"0";"CHEMBL1670336";"Binding affinity to angiotensin AT1 receptor";"B";"BAO_0000357";"single protein format";"None";"None";"None";"None";"None";"";"";"";"CHEMBL227";"Type-1 angiotensin II receptor";"Homo sapiens";"SINGLE PROTEIN";"CHEMBL1667742";"1";"Scientific Literature";"Bioorg Med Chem";"2010";"None";"";"";"";"4.7"
"CHEMBL275875";"CL-329167";"None";"508.63";"2";"5.52";"159, CL-329167";"CCCCc1nc2ccc(C(C)(C)OC)cc2c(=O)n1Cc1ccc(-c2ccccc2-c2nn[nH]n2)cc1";"IC50";"'='";"6.0";"nM";"8.22";"";"";"UO_0000065";"16.16";"0.30";"2.70";"8.34";"0";"CHEMBL1670336";"Binding affinity to angiotensin AT1 receptor";"B";"BAO_0000357";"single protein format";"None";"None";"None";"None";"None";"";"";"";"CHEMBL227";"Type-1 angiotensin II receptor";"Homo sapiens";"SINGLE PROTEIN";"CHEMBL1667742";"1";"Scientific Literature";"Bioorg Med Chem";"2010";"None";"";"";"";"6.0"
"CHEMBL3199403";"";"None";"319.34";"0";"3.40";"SID49823705";"O=C(N/N=C(\c1ccccc1)c1cccnc1)c1cccc(F)c1";"IC50";"'='";"10764.0";"nM";"4.97";"";"Active";"UO_0000065";"";"";"";"";"0";"CHEMBL1614336";"PUBCHEM_BIOASSAY: Dose Response screen for antagonists of Angiotensin II Receptor Type 1 to assess selectivity of uHTS small molecule antagonists hits of the APJ receptor. (Class of assay: confirmatory) [Related pubchem assays: 2569, 2521 ]";"F";"BAO_0000019";"assay format";"Homo sapiens";"None";"None";"None";"None";"";"";"";"CHEMBL227";"Type-1 angiotensin II receptor";"Homo sapiens";"SINGLE PROTEIN";"CHEMBL1201862";"7";"PubChem BioAssays";"";"";"None";"";"";"";"10.764"
"CHEMBL3190980";"";"None";"329.31";"0";"1.89";"SID47203126";"CC1(C)Oc2ccc3ccc(=O)oc3c2C(/C=N/NC(N)=O)=C1O";"IC50";"'>'";"40000.0";"nM";"";"";"Not Active";"UO_0000065";"";"";"";"";"0";"CHEMBL1614336";"PUBCHEM_BIOASSAY: Dose Response screen for antagonists of Angiotensin II Receptor Type 1 to assess selectivity of uHTS small molecule antagonists hits of the APJ receptor. (Class of assay: confirmatory) [Related pubchem assays: 2569, 2521 ]";"F";"BAO_0000019";"assay format";"Homo sapiens";"None";"None";"None";"None";"";"";"";"CHEMBL227";"Type-1 angiotensin II receptor";"Homo sapiens";"SINGLE PROTEIN";"CHEMBL1201862";"7";"PubChem BioAssays";"";"";"None";"";"";"";"40.0"
"CHEMBL1594894";"";"None";"230.27";"0";"1.98";"SID24802961";"Nc1c(N2CCCC2)c2ccccc2oc1=O";"IC50";"'='";"13714.0";"nM";"4.86";"";"Active";"UO_0000065";"";"";"";"";"0";"CHEMBL1614336";"PUBCHEM_BIOASSAY: Dose Response screen for antagonists of Angiotensin II Receptor Type 1 to assess selectivity of uHTS small molecule antagonists hits of the APJ receptor. (Class of assay: confirmatory) [Related pubchem assays: 2569, 2521 ]";"F";"BAO_0000019";"assay format";"Homo sapiens";"None";"None";"None";"None";"";"";"";"CHEMBL227";"Type-1 angiotensin II receptor";"Homo sapiens";"SINGLE PROTEIN";"CHEMBL1201862";"7";"PubChem BioAssays";"";"";"None";"";"";"";"13.714"
"CHEMBL3145368";"";"None";"340.75";"0";"2.55";"SID49678861";"Cc1[nH]n(C(N)=S)c(=O)c1/N=N/c1ccc([N+](=O)[O-])cc1Cl";"IC50";"'>'";"40000.0";"nM";"";"";"Not Active";"UO_0000065";"";"";"";"";"0";"CHEMBL1614336";"PUBCHEM_BIOASSAY: Dose Response screen for antagonists of Angiotensin II Receptor Type 1 to assess selectivity of uHTS small molecule antagonists hits of the APJ receptor. (Class of assay: confirmatory) [Related pubchem assays: 2569, 2521 ]";"F";"BAO_0000019";"assay format";"Homo sapiens";"None";"None";"None";"None";"";"";"";"CHEMBL227";"Type-1 angiotensin II receptor";"Homo sapiens";"SINGLE PROTEIN";"CHEMBL1201862";"7";"PubChem BioAssays";"";"";"None";"";"";"";"40.0"
"CHEMBL1567827";"";"None";"257.32";"0";"3.02";"SID22412086";"CCc1cc2c(O)nc(-c3ccccn3)nc2s1";"IC50";"'='";"2909.0";"nM";"5.54";"";"Active";"UO_0000065";"";"";"";"";"0";"CHEMBL1614336";"PUBCHEM_BIOASSAY: Dose Response screen for antagonists of Angiotensin II Receptor Type 1 to assess selectivity of uHTS small molecule antagonists hits of the APJ receptor. (Class of assay: confirmatory) [Related pubchem assays: 2569, 2521 ]";"F";"BAO_0000019";"assay format";"Homo sapiens";"None";"None";"None";"None";"";"";"";"CHEMBL227";"Type-1 angiotensin II receptor";"Homo sapiens";"SINGLE PROTEIN";"CHEMBL1201862";"7";"PubChem BioAssays";"";"";"None";"";"";"";"2.909"
"CHEMBL3197021";"";"None";"352.40";"0";"4.06";"SID26661627";"O=C(N/N=C/c1ccccn1)c1cc(-c2ccccc2)nc2ccccc12";"IC50";"'='";"7788.0";"nM";"5.11";"";"Active";"UO_0000065";"";"";"";"";"0";"CHEMBL1614336";"PUBCHEM_BIOASSAY: Dose Response screen for antagonists of Angiotensin II Receptor Type 1 to assess selectivity of uHTS small molecule antagonists hits of the APJ receptor. (Class of assay: confirmatory) [Related pubchem assays: 2569, 2521 ]";"F";"BAO_0000019";"assay format";"Homo sapiens";"None";"None";"None";"None";"";"";"";"CHEMBL227";"Type-1 angiotensin II receptor";"Homo sapiens";"SINGLE PROTEIN";"CHEMBL1201862";"7";"PubChem BioAssays";"";"";"None";"";"";"";"7.788"
"CHEMBL1412385";"";"None";"637.41";"2";"6.25";"SID24836708";"O=C(C[n+]1ccc(-c2cc(C(=O)Nc3cccc(C(F)(F)F)c3)c3ccccc3n2)cc1)c1cccc([N+](=O)[O-])c1.[Br-]";"IC50";"'='";"26035.0";"nM";"4.58";"";"Not Active";"UO_0000065";"";"";"";"";"0";"CHEMBL1614336";"PUBCHEM_BIOASSAY: Dose Response screen for antagonists of Angiotensin II Receptor Type 1 to assess selectivity of uHTS small molecule antagonists hits of the APJ receptor. (Class of assay: confirmatory) [Related pubchem assays: 2569, 2521 ]";"F";"BAO_0000019";"assay format";"Homo sapiens";"None";"None";"None";"None";"";"";"";"CHEMBL227";"Type-1 angiotensin II receptor";"Homo sapiens";"SINGLE PROTEIN";"CHEMBL1201862";"7";"PubChem BioAssays";"";"";"None";"";"";"";"26.035"
"CHEMBL1361034";"";"None";"281.36";"0";"3.35";"SID7972392";"CC1=NC(Nc2nc(C)c3ccccc3n2)=NC(C)(C)C1";"IC50";"'='";"13025.0";"nM";"4.88";"";"Active";"UO_0000065";"";"";"";"";"0";"CHEMBL1614336";"PUBCHEM_BIOASSAY: Dose Response screen for antagonists of Angiotensin II Receptor Type 1 to assess selectivity of uHTS small molecule antagonists hits of the APJ receptor. (Class of assay: confirmatory) [Related pubchem assays: 2569, 2521 ]";"F";"BAO_0000019";"assay format";"Homo sapiens";"None";"None";"None";"None";"";"";"";"CHEMBL227";"Type-1 angiotensin II receptor";"Homo sapiens";"SINGLE PROTEIN";"CHEMBL1201862";"7";"PubChem BioAssays";"";"";"None";"";"";"";"13.025"
"CHEMBL2337685";"";"None";"655.59";"2";"6.44";"15";"CCCCc1c[n+](Cc2ccc(-c3ccccc3C(=O)O)cc2)c(CO)n1Cc1ccc(-c2ccccc2C(=O)O)cc1.[Br-]";"IC50";"'='";"501.19";"nM";"6.30";"";"";"UO_0000065";"10.94";"0.20";"-0.14";"6.08";"0";"CHEMBL2345156";"Displacement of [125I-Sar1-Ile8]-ANG2 from human Angiotensin 2 type-1 receptor expressed in HEK293 cells after 1 hr by gamma counting analysis";"B";"BAO_0000219";"cell-based format";"Homo sapiens";"None";"None";"HEK293";"None";"";"";"";"CHEMBL227";"Type-1 angiotensin II receptor";"Homo sapiens";"SINGLE PROTEIN";"CHEMBL2331233";"1";"Scientific Literature";"Eur J Med Chem";"2013";"CHEMBL3307715";"";"";"";"6.3"
"CHEMBL2337682";"";"None";"673.62";"2";"5.91";"27";"CCCCc1n(Cc2ccc(-c3ccccc3-c3nn[nH]n3)cc2)cc[n+]1Cc1ccc(-c2ccccc2-c2nn[nH]n2)cc1.[Br-]";"IC50";"'='";"1698.24";"nM";"5.77";"";"";"UO_0000065";"9.72";"0.18";"-0.14";"4.90";"0";"CHEMBL2345156";"Displacement of [125I-Sar1-Ile8]-ANG2 from human Angiotensin 2 type-1 receptor expressed in HEK293 cells after 1 hr by gamma counting analysis";"B";"BAO_0000219";"cell-based format";"Homo sapiens";"None";"None";"HEK293";"None";"";"";"";"CHEMBL227";"Type-1 angiotensin II receptor";"Homo sapiens";"SINGLE PROTEIN";"CHEMBL2331233";"1";"Scientific Literature";"Eur J Med Chem";"2013";"CHEMBL3307715";"";"";"";"5.77"
"CHEMBL2337680";"";"None";"738.09";"2";"6.05";"23c";"CCCCc1c(Cl)[n+](Cc2ccc(-c3ccccc3-c3nn[nH]n3)cc2)c(CO)n1Cc1ccc(-c2ccccc2-c2nn[nH]n2)cc1.[Br-]";"IC50";"'='";"6456.54";"nM";"5.19";"";"";"UO_0000065";"7.89";"0.15";"-0.86";"3.76";"0";"CHEMBL2345156";"Displacement of [125I-Sar1-Ile8]-ANG2 from human Angiotensin 2 type-1 receptor expressed in HEK293 cells after 1 hr by gamma counting analysis";"B";"BAO_0000219";"cell-based format";"Homo sapiens";"None";"None";"HEK293";"None";"";"";"";"CHEMBL227";"Type-1 angiotensin II receptor";"Homo sapiens";"SINGLE PROTEIN";"CHEMBL2331233";"1";"Scientific Literature";"Eur J Med Chem";"2013";"CHEMBL3307715";"";"";"";"5.19"
"CHEMBL3752145";"";"None";"628.74";"2";"5.76";"1s";"CCCc1nc2c(C)cc(C(=O)NCCc3ccc(OC)cc3)cc2n1Cc1ccc(-c2ccccc2C(=O)Nc2nnn[nH]2)cc1";"IC50";"'='";"87.8";"nM";"7.06";"";"";"UO_0000065";"11.22";"0.21";"1.30";"5.05";"0";"CHEMBL3757817";"Displacement of 125I-labelled Sar1-Ile8-angiotensin-2 from human AT1 receptor";"B";"BAO_0000357";"single protein format";"Homo sapiens";"None";"None";"None";"None";"";"";"";"CHEMBL227";"Type-1 angiotensin II receptor";"Homo sapiens";"SINGLE PROTEIN";"CHEMBL3751753";"1";"Scientific Literature";"Medchemcomm";"2015";"None";"";"";"";"87.8"
"CHEMBL3752530";"";"None";"628.74";"2";"5.76";"1r";"CCCc1nc2c(C)cc(C(=O)NCCc3cccc(OC)c3)cc2n1Cc1ccc(-c2ccccc2C(=O)Nc2nnn[nH]2)cc1";"IC50";"'='";"36.9";"nM";"7.43";"";"";"UO_0000065";"11.82";"0.22";"1.67";"5.32";"0";"CHEMBL3757817";"Displacement of 125I-labelled Sar1-Ile8-angiotensin-2 from human AT1 receptor";"B";"BAO_0000357";"single protein format";"Homo sapiens";"None";"None";"None";"None";"";"";"";"CHEMBL227";"Type-1 angiotensin II receptor";"Homo sapiens";"SINGLE PROTEIN";"CHEMBL3751753";"1";"Scientific Literature";"Medchemcomm";"2015";"None";"";"";"";"36.9"
"CHEMBL3115245";"";"None";"555.69";"2";"6.61";"35";"CCCc1nn2ccc(C(=O)NC(CC)c3ccccc3)cc2c1Cc1ccc(-c2ccccc2-c2nn[nH]n2)cc1";"IC50";"'='";"97.0";"nM";"7.01";"";"";"UO_0000065";"12.62";"0.23";"0.40";"6.95";"0";"CHEMBL3117635";"Antagonist activity at human AT1 receptor expressed in CHO cells measured after overnight incubation by luciferase reporter gene assay";"B";"BAO_0000219";"cell-based format";"Homo sapiens";"None";"None";"CHO";"None";"";"";"";"CHEMBL227";"Type-1 angiotensin II receptor";"Homo sapiens";"SINGLE PROTEIN";"CHEMBL3112505";"1";"Scientific Literature";"Bioorg Med Chem Lett";"2014";"CHEMBL3308072";"";"";"";"0.097"
"CHEMBL601678";"";"None";"531.66";"2";"7.28";"2";"CCCc1nc2ccc(C(=O)NC(CC)c3ccccc3)cc2n1Cc1ccc(-c2ccccc2C(=O)O)cc1";"IC50";"'='";"288.0";"nM";"6.54";"";"";"UO_0000065";"12.30";"0.22";"-0.74";"7.77";"0";"CHEMBL3117635";"Antagonist activity at human AT1 receptor expressed in CHO cells measured after overnight incubation by luciferase reporter gene assay";"B";"BAO_0000219";"cell-based format";"Homo sapiens";"None";"None";"CHO";"None";"";"";"";"CHEMBL227";"Type-1 angiotensin II receptor";"Homo sapiens";"SINGLE PROTEIN";"CHEMBL3112505";"1";"Scientific Literature";"Bioorg Med Chem Lett";"2014";"CHEMBL3308072";"";"";"";"0.288"
"CHEMBL130896";"";"None";"524.67";"2";"7.25";"EUB0000361a";"CCCCc1nc2ccc(NC(=O)NC3CCCCC3)cc2n1Cc1ccc(-c2ccccc2C(=O)O)cc1";"IC50";"'='";"16.59";"nM";"7.78";"";"";"UO_0000065";"";"";"";"";"0";"CHEMBL5442690";"GPCR PRESTO-Tango dose-response in antagonist mode with target: AGTR1";"F";"BAO_0000219";"cell-based format";"Homo sapiens";"None";"None";"HTLA";"None";"";"";"";"CHEMBL227";"Type-1 angiotensin II receptor";"Homo sapiens";"SINGLE PROTEIN";"CHEMBL5442687";"55";"EUbOPEN Chemogenomic Library";"";"2024";"CHEMBL5446261";"";"ANTAGONIST";"";"0.0165911"
"CHEMBL121990";"";"None";"523.62";"1";"3.58";"59";"CCCCc1ncc(/C=C2/C(=O)N(CO)C(=O)N2Cc2csc(C)n2)n1Cc1ccc(C(=O)OC)cc1";"IC50";"'='";"35.7";"nM";"7.45";"";"";"UO_0000065";"14.22";"0.27";"3.87";"6.32";"0";"CHEMBL3056799";"Antagonist activity at angiotensin 2 type-1 receptor (unknown origin)";"B";"BAO_0000357";"single protein format";"Homo sapiens";"None";"None";"None";"None";"";"";"";"CHEMBL227";"Type-1 angiotensin II receptor";"Homo sapiens";"SINGLE PROTEIN";"CHEMBL3045634";"1";"Scientific Literature";"Med Chem Res";"2010";"None";"";"";"";"35.7"
"CHEMBL331081";"";"None";"542.68";"2";"5.97";"21";"CCCCc1ncc(/C=C2/C(=O)N(CCCC)C(=O)N2Cc2ccc(C)cc2)n1Cc1ccc(C(=O)OC)cc1";"IC50";"'='";"34.6";"nM";"7.46";"";"";"UO_0000065";"13.75";"0.25";"1.49";"8.80";"0";"CHEMBL3056799";"Antagonist activity at angiotensin 2 type-1 receptor (unknown origin)";"B";"BAO_0000357";"single protein format";"Homo sapiens";"None";"None";"None";"None";"";"";"";"CHEMBL227";"Type-1 angiotensin II receptor";"Homo sapiens";"SINGLE PROTEIN";"CHEMBL3045634";"1";"Scientific Literature";"Med Chem Res";"2010";"None";"";"";"";"34.6"
"CHEMBL2259778";"";"None";"527.57";"1";"3.76";"7";"CCCCc1ncc(/C=C2/C(=O)NC(=O)N2CCCC)n1Cc1ccc(S(=O)(=O)NC(F)(F)F)cc1";"IC50";"'='";"3.3";"nM";"8.48";"";"";"UO_0000065";"16.08";"0.32";"4.72";"7.48";"0";"CHEMBL3056799";"Antagonist activity at angiotensin 2 type-1 receptor (unknown origin)";"B";"BAO_0000357";"single protein format";"Homo sapiens";"None";"None";"None";"None";"";"";"";"CHEMBL227";"Type-1 angiotensin II receptor";"Homo sapiens";"SINGLE PROTEIN";"CHEMBL3045634";"1";"Scientific Literature";"Med Chem Res";"2010";"None";"";"";"";"3.3"
"CHEMBL346728";"";"None";"614.77";"2";"6.96";"L-159894";"CCc1nc2c(C)cc(C)nc2n1Cc1ccc(-c2ccccc2S(=O)(=O)NC(=O)C(c2ccccc2)c2ccccc2)cc1";"IC50";"'='";"0.05";"nM";"10.30";"";"";"UO_0000065";"16.76";"0.31";"3.34";"10.96";"0";"CHEMBL647575";"Inhibition of Angiotensin II receptor, type 1";"B";"BAO_0000357";"single protein format";"None";"None";"None";"None";"None";"";"";"";"CHEMBL227";"Type-1 angiotensin II receptor";"Homo sapiens";"SINGLE PROTEIN";"CHEMBL1129469";"1";"Scientific Literature";"J Med Chem";"1996";"None";"";"";"";"0.05"
"CHEMBL2435828";"";"None";"531.66";"2";"7.28";"11g";"CCCc1nc2c(C)cc(NC(=O)CCc3ccccc3)cc2n1Cc1ccc(-c2ccccc2C(=O)O)cc1";"IC50";"'='";"0.1";"nM";"10.00";"";"";"UO_0000065";"18.81";"0.34";"2.72";"11.87";"0";"CHEMBL2439561";"Displacement of [125I]-Sar1Ile8-angiotensin 2 from angiotensin 2 AT1 receptor (unknown origin) after 180 mins by gamma counting analysis";"B";"BAO_0000357";"single protein format";"Homo sapiens";"None";"None";"None";"None";"";"";"";"CHEMBL227";"Type-1 angiotensin II receptor";"Homo sapiens";"SINGLE PROTEIN";"CHEMBL2434924";"1";"Scientific Literature";"Eur J Med Chem";"2013";"None";"";"";"";"0.1"
"CHEMBL74573";"";"None";"753.89";"2";"8.30";"EXP-597";"CCCc1nc(CC)c(C(=O)OCc2ccccc2C(=O)c2ccccc2)n1Cc1ccc(-c2ccccc2S(=O)(=O)NC(=O)OCCC(C)C)cc1F";"IC50";"'='";"570.0";"nM";"6.24";"";"";"UO_0000065";"8.28";"0.16";"-2.06";"4.67";"0";"CHEMBL647575";"Inhibition of Angiotensin II receptor, type 1";"B";"BAO_0000357";"single protein format";"None";"None";"None";"None";"None";"";"";"";"CHEMBL227";"Type-1 angiotensin II receptor";"Homo sapiens";"SINGLE PROTEIN";"CHEMBL1129469";"1";"Scientific Literature";"J Med Chem";"1996";"None";"";"";"";"0.57"
"CHEMBL1017";"TELMISARTAN";"4.0";"514.63";"2";"7.26";"19";"CCCc1nc2c(C)cc(-c3nc4ccccc4n3C)cc2n1Cc1ccc(-c2ccccc2C(=O)O)cc1";"IC50";"'='";"2.0";"nM";"8.70";"";"";"UO_0000065";"16.90";"0.30";"1.44";"11.93";"1";"CHEMBL4349279";"Inhibition of AT1 receptor (unknown origin)";"B";"BAO_0000357";"single protein format";"Homo sapiens";"None";"None";"None";"None";"";"";"";"CHEMBL227";"Type-1 angiotensin II receptor";"Homo sapiens";"SINGLE PROTEIN";"CHEMBL4346714";"1";"Scientific Literature";"Eur J Med Chem";"2019";"None";"";"";"";"0.002"
"CHEMBL39959";"";"None";"562.74";"2";"6.49";"8, L-162389";"CCCCOC(=O)NS(=O)(=O)c1ccc(CCC)cc1-c1ccc(Cn2c(CC)nc3c(C)cc(C)nc32)cc1";"IC50";"'='";"1.5";"nM";"8.82";"";"";"UO_0000065";"15.68";"0.30";"2.33";"8.55";"1";"CHEMBL3396448";"Displacement of [125I]-[Sar1,Leu8]angiotensin II from human AT1 receptor expressed in african green monkey COS7 cells";"B";"BAO_0000219";"cell-based format";"Homo sapiens";"None";"None";"COS-7";"None";"";"";"";"CHEMBL227";"Type-1 angiotensin II receptor";"Homo sapiens";"SINGLE PROTEIN";"CHEMBL3392997";"1";"Scientific Literature";"ACS Med Chem Lett";"2015";"CHEMBL3307648";"";"";"";"1.5"
"CHEMBL938";"SARALASIN";"4.0";"912.06";"3";"-2.30";"Saralasin";"CNCC(=O)N[C@@H](CCCNC(=N)N)C(=O)N[C@H](C(=O)N[C@@H](Cc1ccc(O)cc1)C(=O)N[C@H](C(=O)N[C@@H](Cc1cnc[nH]1)C(=O)N1CCC[C@H]1C(=O)N[C@@H](C)C(=O)O)C(C)C)C(C)C";"IC50";"'='";"0.67";"nM";"9.17";"";"";"UO_0000065";"10.06";"0.19";"11.47";"2.58";"0";"CHEMBL953126";"Displacement of radiolabeled saralasin from human AT1 receptor";"B";"BAO_0000357";"single protein format";"Homo sapiens";"None";"None";"None";"None";"";"";"";"CHEMBL227";"Type-1 angiotensin II receptor";"Homo sapiens";"SINGLE PROTEIN";"CHEMBL1140203";"1";"Scientific Literature";"J Med Chem";"2008";"None";"";"";"";"6.7"
"CHEMBL17487";"";"None";"679.77";"2";"5.14";"16";"CCc1nc2ccc(NC(=O)N3CCOCC3)cc2c(=O)n1Cc1ccc(-c2ccccc2S(=O)(=O)NC(=O)OCCC(C)C)cc1F";"IC50";"'='";"18.0";"nM";"7.75";"";"";"UO_0000065";"11.39";"0.22";"2.60";"5.20";"0";"CHEMBL875934";"In vivo inhibitory concentration against Angiotensin II receptor, type 1 of human adrenal membrane";"B";"BAO_0000218";"organism-based format";"None";"None";"None";"None";"None";"";"";"";"CHEMBL227";"Type-1 angiotensin II receptor";"Homo sapiens";"SINGLE PROTEIN";"CHEMBL1150477";"1";"Scientific Literature";"Bioorg Med Chem Lett";"1994";"None";"";"";"";"18.0"
"CHEMBL27";"PROPRANOLOL";"4.0";"259.35";"0";"2.58";"propranolol";"CC(C)NCC(O)COc1cccc2ccccc12";"IC50";"'>'";"5011.87";"nM";"";"";"";"UO_0000065";"";"";"";"";"0";"CHEMBL3738642";"Antagonist activity at human wild-type AGTR1 receptor expressed in CHO-K1 cells assessed as angiotensin-2-induced calcium by FDSS assay";"F";"BAO_0000219";"cell-based format";"Homo sapiens";"None";"None";"CHO-K1";"None";"";"";"";"CHEMBL227";"Type-1 angiotensin II receptor";"Homo sapiens";"SINGLE PROTEIN";"CHEMBL3734721";"1";"Scientific Literature";"J Med Chem";"2015";"CHEMBL3307512";"";"";"";"5.3"
"CHEMBL3785563";"";"None";"1999.00";"None";"None";"23";"CC[C@H](C)[C@H](NC(=O)[C@H](Cc1ccc(O)cc1)NC(=O)[C@@H](NC(=O)[C@H](CCCN/C(N)=N/C(=O)NCCCCNC(=O)CCCCC[n+]1cc(S(=O)(=O)[O-])ccc1/C=C/c1cc2ccc(N(CC)CC)cc2oc1=O)NC(=O)[C@@H](N)CC(=O)O)C(C)C)C(=O)N[C@@H](Cc1cnc[nH]1)C(=O)N1CCC[C@H]1C(=O)N[C@@H](Cc1ccccc1)C(=O)O.O=C(O)C(F)(F)F.O=C(O)C(F)(F)F.O=C(O)C(F)(F)F";"IC50";"'='";"28.18";"nM";"7.55";"";"";"UO_0000065";"4.56";"None";"None";"None";"0";"CHEMBL3789066";"Displacement of [3H]-Asp-{Nomega-[N-(4-propanoylaminobutyl)aminocarbonyl]}Arg-ValTyr-Ile-His-Pro-Phe-OH Tris(hydrotrifluoroacetate) from human AT1 receptor transfected in CHO cells co-expressing Galpha16-mtAEQ after 2 hrs by liquid scintillation counting";"B";"BAO_0000219";"cell-based format";"Homo sapiens";"None";"None";"CHO";"None";"";"";"";"CHEMBL227";"Type-1 angiotensin II receptor";"Homo sapiens";"SINGLE PROTEIN";"CHEMBL3784921";"1";"Scientific Literature";"J Med Chem";"2016";"CHEMBL3308072";"";"";"";"7.55"
"CHEMBL3735931";"";"None";"647.80";"2";"7.35";"11";"CCCc1nc2c(C)cc(C(=O)NCc3ccccc3)cc2n1Cc1ccc(-c2ccccc2S(=O)(=O)Nc2onc(C)c2C)cc1";"IC50";"'='";"28.0";"nM";"7.55";"";"";"UO_0000065";"11.66";"0.22";"0.20";"6.34";"0";"CHEMBL3739215";"Displacement of 125I-labeled Sar1-Ile8-angiotensin II from human AT1 receptor incubated for 2 hrs by gamma counting analysis";"B";"BAO_0000357";"single protein format";"Homo sapiens";"None";"None";"None";"None";"";"";"";"CHEMBL227";"Type-1 angiotensin II receptor";"Homo sapiens";"SINGLE PROTEIN";"CHEMBL3734700";"1";"Scientific Literature";"Medchemcomm";"2015";"None";"";"";"";"28.0"
"CHEMBL3734849";"";"None";"677.83";"2";"7.36";"12";"CCCc1nc2c(C)cc(C(=O)NCc3ccccc3OC)cc2n1Cc1ccc(-c2ccccc2S(=O)(=O)Nc2onc(C)c2C)cc1";"IC50";"'='";"217.0";"nM";"6.66";"";"";"UO_0000065";"9.83";"0.19";"-0.70";"5.19";"0";"CHEMBL3739215";"Displacement of 125I-labeled Sar1-Ile8-angiotensin II from human AT1 receptor incubated for 2 hrs by gamma counting analysis";"B";"BAO_0000357";"single protein format";"Homo sapiens";"None";"None";"None";"None";"";"";"";"CHEMBL227";"Type-1 angiotensin II receptor";"Homo sapiens";"SINGLE PROTEIN";"CHEMBL3734700";"1";"Scientific Literature";"Medchemcomm";"2015";"None";"";"";"";"217.0"
"CHEMBL1474431";"";"None";"457.60";"0";"3.58";"1; zinc09665654; ChEMBL1474431";"Cc1ccc(C)c(NC(=O)CN(C)C(=O)c2ccc(S(=O)(=O)N3CCCCCC3)cc2)c1";"IC50";"'='";"2187.76";"nM";"5.66";"";"";"UO_0000065";"12.37";"0.24";"2.08";"6.52";"0";"CHEMBL3830508";"Displacement of [125I-Sar1-Ile8]Ang2 from human AT1 receptor expressed in HEK293 cell membrane incubated for 1 hr by gamma counting method";"B";"BAO_0000219";"cell-based format";"Homo sapiens";"None";"None";"HEK293";"None";"";"";"";"CHEMBL227";"Type-1 angiotensin II receptor";"Homo sapiens";"SINGLE PROTEIN";"CHEMBL3826874";"1";"Scientific Literature";"Bioorg Med Chem";"2016";"CHEMBL3307715";"";"";"";"5.66"
"CHEMBL3640134";"";"None";"608.68";"3";"5.46";"BDBM99955";"CCc1cc2c(=O)n(CC(=O)c3ccc(OC)cc3)c(=O)n(Cc3ccc(-c4ccccc4-c4noc(O)n4)cc3C)c2s1";"IC50";"'='";"1.8";"nM";"8.74";"";"216953";"UO_0000065";"14.37";"0.27";"3.28";"6.76";"0";"CHEMBL3705302";"Binding Assay: Binding assay using human AT1.";"B";"BAO_0000357";"single protein format";"Homo sapiens";"None";"None";"None";"None";"";"";"";"CHEMBL227";"Type-1 angiotensin II receptor";"Homo sapiens";"SINGLE PROTEIN";"CHEMBL3639103";"37";"BindingDB Patent Bioactivity Data";"";"2013";"None";"";"";"";"1.8"
"CHEMBL3640139";"";"None";"624.65";"2";"5.19";"BDBM99960";"COc1cc(F)ccc1C(=O)Cn1c(=O)c2cc(C3CC3)sc2n(Cc2ccc(-c3ccccc3-c3nc(=O)o[nH]3)cc2)c1=O";"IC50";"'='";"1.6";"nM";"8.80";"";"216958";"UO_0000065";"14.08";"0.27";"3.61";"6.81";"0";"CHEMBL3705302";"Binding Assay: Binding assay using human AT1.";"B";"BAO_0000357";"single protein format";"Homo sapiens";"None";"None";"None";"None";"";"";"";"CHEMBL227";"Type-1 angiotensin II receptor";"Homo sapiens";"SINGLE PROTEIN";"CHEMBL3639103";"37";"BindingDB Patent Bioactivity Data";"";"2013";"None";"";"";"";"1.6"
"CHEMBL3640142";"";"None";"642.64";"2";"5.33";"BDBM99963";"COc1ccc(C(=O)Cn2c(=O)c3cc(C4CC4)sc3n(Cc3c(F)cc(-c4ccccc4-c4nc(=O)o[nH]4)cc3F)c2=O)cc1";"IC50";"'='";"1.5";"nM";"8.82";"";"216961";"UO_0000065";"13.73";"0.26";"3.49";"6.83";"0";"CHEMBL3705302";"Binding Assay: Binding assay using human AT1.";"B";"BAO_0000357";"single protein format";"Homo sapiens";"None";"None";"None";"None";"";"";"";"CHEMBL227";"Type-1 angiotensin II receptor";"Homo sapiens";"SINGLE PROTEIN";"CHEMBL3639103";"37";"BindingDB Patent Bioactivity Data";"";"2013";"None";"";"";"";"1.5"
"CHEMBL3640151";"";"None";"605.10";"2";"5.44";"BDBM99972";"CCc1cc2c(=O)n(CC(=O)c3ccc(Cl)s3)c(=O)n(Cc3ccc(-c4ccccc4-c4nc(=O)o[nH]4)cc3)c2s1";"IC50";"'='";"1.5";"nM";"8.82";"";"216970";"UO_0000065";"14.58";"0.29";"3.38";"7.36";"0";"CHEMBL3705302";"Binding Assay: Binding assay using human AT1.";"B";"BAO_0000357";"single protein format";"Homo sapiens";"None";"None";"None";"None";"";"";"";"CHEMBL227";"Type-1 angiotensin II receptor";"Homo sapiens";"SINGLE PROTEIN";"CHEMBL3639103";"37";"BindingDB Patent Bioactivity Data";"";"2013";"None";"";"";"";"1.5"
"CHEMBL2435830";"";"None";"469.59";"1";"5.85";"6a";"CCCNC(=O)c1cc(C)c2nc(CCC)n(Cc3ccc(-c4ccccc4C(=O)O)cc3)c2c1";"IC50";"'='";"1345.0";"nM";"5.87";"";"";"UO_0000065";"12.50";"0.23";"0.02";"6.97";"0";"CHEMBL2439561";"Displacement of [125I]-Sar1Ile8-angiotensin 2 from angiotensin 2 AT1 receptor (unknown origin) after 180 mins by gamma counting analysis";"B";"BAO_0000357";"single protein format";"Homo sapiens";"None";"None";"None";"None";"";"";"";"CHEMBL227";"Type-1 angiotensin II receptor";"Homo sapiens";"SINGLE PROTEIN";"CHEMBL2434924";"1";"Scientific Literature";"Eur J Med Chem";"2013";"None";"";"";"";"1345.0"
"CHEMBL331507";"";"None";"735.76";"2";"6.05";"34";"CCCc1nn(-c2cc(NC(=O)COCC)ccc2C(F)(F)F)c(=O)n1Cc1ccc(-c2ccccc2S(=O)(=O)NC(=O)OC(C)(C)C)cc1F";"IC50";"'='";"1.0";"nM";"9.00";"";"";"UO_0000065";"12.23";"0.24";"2.95";"5.98";"0";"CHEMBL650312";"In vitro inhibitory activity against angiotensin II receptor type 1, in human adrenal membrane preparations.";"B";"BAO_0000249";"cell membrane format";"None";"None";"None";"None";"None";"";"";"";"CHEMBL227";"Type-1 angiotensin II receptor";"Homo sapiens";"SINGLE PROTEIN";"CHEMBL1128554";"1";"Scientific Literature";"J Med Chem";"1995";"None";"";"";"";"1.0"
"CHEMBL1452116";"";"None";"336.39";"0";"2.44";"SID17410265";"Cc1nc(-n2nc3c(c2O)CCCC3)[nH]c(=O)c1Cc1ccccc1";"IC50";"'='";"14239.0";"nM";"4.85";"";"Active";"UO_0000065";"";"";"";"";"0";"CHEMBL1614336";"PUBCHEM_BIOASSAY: Dose Response screen for antagonists of Angiotensin II Receptor Type 1 to assess selectivity of uHTS small molecule antagonists hits of the APJ receptor. (Class of assay: confirmatory) [Related pubchem assays: 2569, 2521 ]";"F";"BAO_0000019";"assay format";"Homo sapiens";"None";"None";"None";"None";"";"";"";"CHEMBL227";"Type-1 angiotensin II receptor";"Homo sapiens";"SINGLE PROTEIN";"CHEMBL1201862";"7";"PubChem BioAssays";"";"";"None";"";"";"";"14.239"
"CHEMBL1441406";"";"None";"344.35";"0";"2.84";"68";"Cc1ccnc(SCc2cc(=O)c(OC(=O)c3ccco3)co2)n1";"IC50";"'>'";"79000.0";"nM";"";"";"";"UO_0000065";"";"";"";"";"0";"CHEMBL2161529";"Inhibition of AT1 receptor";"B";"BAO_0000357";"single protein format";"None";"None";"None";"None";"None";"";"";"";"CHEMBL227";"Type-1 angiotensin II receptor";"Homo sapiens";"SINGLE PROTEIN";"CHEMBL2157975";"1";"Scientific Literature";"Bioorg Med Chem Lett";"2012";"None";"";"";"";"79.0"
"CHEMBL2158337";"";"None";"353.40";"0";"3.28";"66";"Cc1ccnc(SCc2cc(=O)c(NC(=O)c3ccccc3)co2)n1";"IC50";"'>'";"79000.0";"nM";"";"";"";"UO_0000065";"";"";"";"";"0";"CHEMBL2161529";"Inhibition of AT1 receptor";"B";"BAO_0000357";"single protein format";"None";"None";"None";"None";"None";"";"";"";"CHEMBL227";"Type-1 angiotensin II receptor";"Homo sapiens";"SINGLE PROTEIN";"CHEMBL2157975";"1";"Scientific Literature";"Bioorg Med Chem Lett";"2012";"None";"";"";"";"79.0"
"CHEMBL2158334";"";"None";"292.32";"0";"1.96";"63";"CC(=O)Oc1coc(CSc2nccc(C)n2)cc1=O";"IC50";"'>'";"79000.0";"nM";"";"";"";"UO_0000065";"";"";"";"";"0";"CHEMBL2161529";"Inhibition of AT1 receptor";"B";"BAO_0000357";"single protein format";"None";"None";"None";"None";"None";"";"";"";"CHEMBL227";"Type-1 angiotensin II receptor";"Homo sapiens";"SINGLE PROTEIN";"CHEMBL2157975";"1";"Scientific Literature";"Bioorg Med Chem Lett";"2012";"None";"";"";"";"79.0"
"CHEMBL2158332";"";"None";"334.40";"0";"2.98";"61";"Cc1ccnc(SCc2cc(=O)c(OC(=O)C(C)(C)C)co2)n1";"IC50";"'>'";"79000.0";"nM";"";"";"";"UO_0000065";"";"";"";"";"0";"CHEMBL2161529";"Inhibition of AT1 receptor";"B";"BAO_0000357";"single protein format";"None";"None";"None";"None";"None";"";"";"";"CHEMBL227";"Type-1 angiotensin II receptor";"Homo sapiens";"SINGLE PROTEIN";"CHEMBL2157975";"1";"Scientific Literature";"Bioorg Med Chem Lett";"2012";"None";"";"";"";"79.0"
"CHEMBL2158285";"";"None";"388.83";"0";"3.90";"45";"Cc1ccnc(SCc2cc(=O)c(OC(=O)c3cccc(Cl)c3)co2)n1";"IC50";"'>'";"79000.0";"nM";"";"";"";"UO_0000065";"";"";"";"";"0";"CHEMBL2161529";"Inhibition of AT1 receptor";"B";"BAO_0000357";"single protein format";"None";"None";"None";"None";"None";"";"";"";"CHEMBL227";"Type-1 angiotensin II receptor";"Homo sapiens";"SINGLE PROTEIN";"CHEMBL2157975";"1";"Scientific Literature";"Bioorg Med Chem Lett";"2012";"None";"";"";"";"79.0"
"CHEMBL2158274";"";"None";"388.83";"0";"3.90";"32";"Cc1ccnc(SCc2cc(=O)c(OC(=O)c3ccc(Cl)cc3)co2)n1";"IC50";"'>'";"79000.0";"nM";"";"";"";"UO_0000065";"";"";"";"";"0";"CHEMBL2161529";"Inhibition of AT1 receptor";"B";"BAO_0000357";"single protein format";"None";"None";"None";"None";"None";"";"";"";"CHEMBL227";"Type-1 angiotensin II receptor";"Homo sapiens";"SINGLE PROTEIN";"CHEMBL2157975";"1";"Scientific Literature";"Bioorg Med Chem Lett";"2012";"None";"";"";"";"79.0"
"CHEMBL1801738";"";"None";"449.56";"1";"5.25";"2j";"CCc1cc(C)c2nc(CC)n([C@H]3CCc4cc(-c5ccccc5-c5nnn[nH]5)ccc43)c2n1";"IC50";"'='";"6.8";"nM";"8.17";"";"";"UO_0000065";"18.17";"0.33";"2.92";"9.59";"0";"CHEMBL1803889";"Displacement of [125I]Tyr4-Sar1,Ile8-Angiotensin II from human Angiotensin 1 receptor after 60 mins by scintillation counting";"B";"BAO_0000357";"single protein format";"Homo sapiens";"None";"None";"None";"None";"";"";"";"CHEMBL227";"Type-1 angiotensin II receptor";"Homo sapiens";"SINGLE PROTEIN";"CHEMBL1800018";"1";"Scientific Literature";"J Med Chem";"2011";"None";"";"";"";"6.8"
"CHEMBL73369";"";"None";"649.76";"2";"6.82";"4";"CCCc1nc(CC)c(C(=O)OCC#CC(=O)N(c2ccccc2)c2ccccc2)n1Cc1ccc(-c2ccccc2-c2nn[nH]n2)cc1";"IC50";"'='";"40.0";"nM";"7.40";"";"";"UO_0000065";"11.39";"0.21";"0.58";"6.22";"0";"CHEMBL648492";"Binding affinity for Angiotensin II receptor, type 1";"B";"BAO_0000357";"single protein format";"None";"None";"None";"None";"None";"";"";"";"CHEMBL227";"Type-1 angiotensin II receptor";"Homo sapiens";"SINGLE PROTEIN";"CHEMBL1150518";"1";"Scientific Literature";"Bioorg Med Chem Lett";"1994";"None";"";"";"";"40.0"
"CHEMBL72053";"";"None";"441.45";"0";"2.81";"T7";"Cc1nc(C(=O)O)nc2c1CCC(=O)N2Cc1ccc(-c2ccccc2-c2nn[nH]n2)cc1";"IC50";"'='";"11.0";"nM";"7.96";"";"";"UO_0000065";"18.03";"0.33";"5.15";"5.77";"0";"CHEMBL650308";"Compound was tested for inhibition against Angiotensin II receptor, type 1";"B";"BAO_0000357";"single protein format";"None";"None";"None";"None";"None";"";"";"";"CHEMBL227";"Type-1 angiotensin II receptor";"Homo sapiens";"SINGLE PROTEIN";"CHEMBL1145001";"1";"Scientific Literature";"J Med Chem";"2003";"None";"";"";"";"11.0"
"CHEMBL306924";"";"None";"582.71";"2";"7.32";"14";"CCCc1nc(CC)c(C(=O)OCc2ccccc2-c2ccccc2)n1Cc1ccc(-c2ccccc2-c2nn[nH]n2)cc1";"IC50";"'='";"3.0";"nM";"8.52";"";"";"UO_0000065";"14.63";"0.26";"1.20";"8.65";"0";"CHEMBL648492";"Binding affinity for Angiotensin II receptor, type 1";"B";"BAO_0000357";"single protein format";"None";"None";"None";"None";"None";"";"";"";"CHEMBL227";"Type-1 angiotensin II receptor";"Homo sapiens";"SINGLE PROTEIN";"CHEMBL1150518";"1";"Scientific Literature";"Bioorg Med Chem Lett";"1994";"None";"";"";"";"3.0"
"CHEMBL302964";"";"None";"707.87";"2";"7.73";"35";"CCCc1nc(CC)c(C(=O)OCCCCOc2ccccc2)n1Cc1ccc(-c2ccccc2S(=O)(=O)NC(=O)OCCC(C)C)cc1F";"IC50";"'='";"0.2";"nM";"9.70";"";"";"UO_0000065";"13.70";"0.26";"1.97";"7.71";"0";"CHEMBL648492";"Binding affinity for Angiotensin II receptor, type 1";"B";"BAO_0000357";"single protein format";"None";"None";"None";"None";"None";"";"";"";"CHEMBL227";"Type-1 angiotensin II receptor";"Homo sapiens";"SINGLE PROTEIN";"CHEMBL1150518";"1";"Scientific Literature";"Bioorg Med Chem Lett";"1994";"None";"";"";"";"0.2"
"CHEMBL278176";"";"None";"682.84";"2";"7.09";"1, L-746072";"CCCc1cc(Cn2c(CC)nc3c(C)cc(C)nc32)ccc1OC(C(=O)NS(=O)(=O)c1ccc(C(C)C)cc1)c1ccc2c(c1)OCO2";"IC50";"'='";"13.0";"nM";"7.89";"";"";"UO_0000065";"";"";"";"";"1";"CHEMBL2060183";"Antagonist activity at type 1 angiotensin 2 receptor";"F";"BAO_0000019";"assay format";"Homo sapiens";"None";"None";"None";"None";"";"";"";"CHEMBL227";"Type-1 angiotensin II receptor";"Homo sapiens";"SINGLE PROTEIN";"CHEMBL2057174";"1";"Scientific Literature";"Bioorg Med Chem";"2012";"None";"";"";"";"13.0"
"CHEMBL312301";"";"None";"789.95";"2";"7.90";"45";"CCCc1nc(CC)c(C(=O)OCc2ccccc2S(=O)(=O)c2ccccc2)n1Cc1ccc(-c2ccccc2S(=O)(=O)NC(=O)OCCC(C)C)cc1F";"IC50";"'='";"0.4";"nM";"9.40";"";"";"UO_0000065";"11.90";"0.23";"1.50";"6.23";"0";"CHEMBL648492";"Binding affinity for Angiotensin II receptor, type 1";"B";"BAO_0000357";"single protein format";"None";"None";"None";"None";"None";"";"";"";"CHEMBL227";"Type-1 angiotensin II receptor";"Homo sapiens";"SINGLE PROTEIN";"CHEMBL1150518";"1";"Scientific Literature";"Bioorg Med Chem Lett";"1994";"None";"";"";"";"0.4"
"CHEMBL3736507";"";"None";"654.84";"2";"6.24";"4";"CCCc1nc2c(C)cc(C(=O)NCCN3CCCC3)cc2n1Cc1ccc(-c2ccccc2S(=O)(=O)Nc2onc(C)c2C)cc1";"IC50";"'='";"95.0";"nM";"7.02";"";"";"UO_0000065";"10.72";"0.20";"0.78";"5.74";"0";"CHEMBL3739215";"Displacement of 125I-labeled Sar1-Ile8-angiotensin II from human AT1 receptor incubated for 2 hrs by gamma counting analysis";"B";"BAO_0000357";"single protein format";"Homo sapiens";"None";"None";"None";"None";"";"";"";"CHEMBL227";"Type-1 angiotensin II receptor";"Homo sapiens";"SINGLE PROTEIN";"CHEMBL3734700";"1";"Scientific Literature";"Medchemcomm";"2015";"None";"";"";"";"95.0"
"CHEMBL3736310";"";"None";"599.76";"2";"6.56";"6";"CCCc1nc2c(C)cc(C(=O)NC(C)C)cc2n1Cc1ccc(-c2ccccc2S(=O)(=O)Nc2onc(C)c2C)cc1";"IC50";"'='";"341.0";"nM";"6.47";"";"";"UO_0000065";"10.78";"0.21";"-0.09";"5.43";"0";"CHEMBL3739215";"Displacement of 125I-labeled Sar1-Ile8-angiotensin II from human AT1 receptor incubated for 2 hrs by gamma counting analysis";"B";"BAO_0000357";"single protein format";"Homo sapiens";"None";"None";"None";"None";"";"";"";"CHEMBL227";"Type-1 angiotensin II receptor";"Homo sapiens";"SINGLE PROTEIN";"CHEMBL3734700";"1";"Scientific Literature";"Medchemcomm";"2015";"None";"";"";"";"341.0"
"CHEMBL3734835";"";"None";"677.83";"2";"7.36";"14";"CCCc1nc2c(C)cc(C(=O)NCc3ccc(OC)cc3)cc2n1Cc1ccc(-c2ccccc2S(=O)(=O)Nc2onc(C)c2C)cc1";"IC50";"'='";"81.0";"nM";"7.09";"";"";"UO_0000065";"10.46";"0.20";"-0.27";"5.53";"0";"CHEMBL3739215";"Displacement of 125I-labeled Sar1-Ile8-angiotensin II from human AT1 receptor incubated for 2 hrs by gamma counting analysis";"B";"BAO_0000357";"single protein format";"Homo sapiens";"None";"None";"None";"None";"";"";"";"CHEMBL227";"Type-1 angiotensin II receptor";"Homo sapiens";"SINGLE PROTEIN";"CHEMBL3734700";"1";"Scientific Literature";"Medchemcomm";"2015";"None";"";"";"";"81.0"
"CHEMBL3736414";"";"None";"691.85";"2";"7.40";"18";"CCCc1nc2c(C)cc(C(=O)NCCc3ccc(OC)cc3)cc2n1Cc1ccc(-c2ccccc2S(=O)(=O)Nc2onc(C)c2C)cc1";"IC50";"'='";"76.0";"nM";"7.12";"";"";"UO_0000065";"10.29";"0.19";"-0.28";"5.55";"0";"CHEMBL3739215";"Displacement of 125I-labeled Sar1-Ile8-angiotensin II from human AT1 receptor incubated for 2 hrs by gamma counting analysis";"B";"BAO_0000357";"single protein format";"Homo sapiens";"None";"None";"None";"None";"";"";"";"CHEMBL227";"Type-1 angiotensin II receptor";"Homo sapiens";"SINGLE PROTEIN";"CHEMBL3734700";"1";"Scientific Literature";"Medchemcomm";"2015";"None";"";"";"";"76.0"
"CHEMBL417429";"";"None";"542.06";"2";"5.10";"Fig3;5";"CCCCc1nc(Cl)c(C(N)=O)n1Cc1ccc(-c2ccccc2S(=O)(=O)Nc2onc(C)c2C)cc1";"IC50";"'='";"24.0";"nM";"7.62";"";"";"UO_0000065";"14.06";"0.28";"2.52";"5.72";"0";"CHEMBL3739215";"Displacement of 125I-labeled Sar1-Ile8-angiotensin II from human AT1 receptor incubated for 2 hrs by gamma counting analysis";"B";"BAO_0000357";"single protein format";"Homo sapiens";"None";"None";"None";"None";"";"";"";"CHEMBL227";"Type-1 angiotensin II receptor";"Homo sapiens";"SINGLE PROTEIN";"CHEMBL3734700";"1";"Scientific Literature";"Medchemcomm";"2015";"None";"";"";"";"24.0"
"CHEMBL3640125";"";"None";"622.60";"2";"5.77";"BDBM99946";"O=c1nc(-c2ccccc2-c2ccc(Cn3c(=O)n(CCc4cccc(F)c4)c(=O)c4cc(CC(F)(F)F)sc43)cc2)[nH]o1";"IC50";"'='";"1.0";"nM";"9.00";"";"216944";"UO_0000065";"14.46";"0.28";"3.23";"8.75";"0";"CHEMBL3705302";"Binding Assay: Binding assay using human AT1.";"B";"BAO_0000357";"single protein format";"Homo sapiens";"None";"None";"None";"None";"";"";"";"CHEMBL227";"Type-1 angiotensin II receptor";"Homo sapiens";"SINGLE PROTEIN";"CHEMBL3639103";"37";"BindingDB Patent Bioactivity Data";"";"2013";"None";"";"";"";"1.0"
"CHEMBL3640132";"";"None";"606.66";"3";"5.46";"BDBM99953";"COc1cccc(C(=O)Cn2c(=O)c3cc(C4CC4)sc3n(Cc3ccc(-c4ccccc4-c4noc(O)n4)cc3)c2=O)c1";"IC50";"'='";"1.1";"nM";"8.96";"";"216951";"UO_0000065";"14.77";"0.28";"3.50";"6.92";"0";"CHEMBL3705302";"Binding Assay: Binding assay using human AT1.";"B";"BAO_0000357";"single protein format";"Homo sapiens";"None";"None";"None";"None";"";"";"";"CHEMBL227";"Type-1 angiotensin II receptor";"Homo sapiens";"SINGLE PROTEIN";"CHEMBL3639103";"37";"BindingDB Patent Bioactivity Data";"";"2013";"None";"";"";"";"1.1"
"CHEMBL2435821";"";"None";"554.69";"2";"5.16";"6i";"CCCc1nc2c(C)cc(C(=O)NCCCN3CCOCC3)cc2n1Cc1ccc(-c2ccccc2C(=O)O)cc1";"IC50";"'='";"10.0";"nM";"8.00";"";"";"UO_0000065";"14.42";"0.27";"2.84";"8.27";"0";"CHEMBL2439561";"Displacement of [125I]-Sar1Ile8-angiotensin 2 from angiotensin 2 AT1 receptor (unknown origin) after 180 mins by gamma counting analysis";"B";"BAO_0000357";"single protein format";"Homo sapiens";"None";"None";"None";"None";"";"";"";"CHEMBL227";"Type-1 angiotensin II receptor";"Homo sapiens";"SINGLE PROTEIN";"CHEMBL2434924";"1";"Scientific Literature";"Eur J Med Chem";"2013";"None";"";"";"";"10.0"
"CHEMBL1017";"TELMISARTAN";"4.0";"514.63";"2";"7.26";"Telmisartan";"CCCc1nc2c(C)cc(-c3nc4ccccc4n3C)cc2n1Cc1ccc(-c2ccccc2C(=O)O)cc1";"IC50";"'='";"1.0";"nM";"9.00";"";"";"UO_0000065";"17.49";"0.32";"1.74";"12.34";"1";"CHEMBL2439561";"Displacement of [125I]-Sar1Ile8-angiotensin 2 from angiotensin 2 AT1 receptor (unknown origin) after 180 mins by gamma counting analysis";"B";"BAO_0000357";"single protein format";"Homo sapiens";"None";"None";"None";"None";"";"";"";"CHEMBL227";"Type-1 angiotensin II receptor";"Homo sapiens";"SINGLE PROTEIN";"CHEMBL2434924";"1";"Scientific Literature";"Eur J Med Chem";"2013";"None";"";"";"";"1.0"
"CHEMBL121874";"";"None";"458.52";"0";"4.07";"77";"CCCCc1ncc(/C=C2\C(=O)NC(=O)N2Cc2ccccc2)n1Cc1ccc(C(=O)O)cc1";"IC50";"'='";"3.4";"nM";"8.47";"";"";"UO_0000065";"18.47";"0.34";"4.40";"8.10";"0";"CHEMBL3056799";"Antagonist activity at angiotensin 2 type-1 receptor (unknown origin)";"B";"BAO_0000357";"single protein format";"Homo sapiens";"None";"None";"None";"None";"";"";"";"CHEMBL227";"Type-1 angiotensin II receptor";"Homo sapiens";"SINGLE PROTEIN";"CHEMBL3045634";"1";"Scientific Literature";"Med Chem Res";"2010";"None";"";"";"";"3.4"
"CHEMBL191";"LOSARTAN";"4.0";"422.92";"0";"4.27";"Losartan";"CCCCc1nc(Cl)c(CO)n1Cc1ccc(-c2ccccc2-c2nnn[nH]2)cc1";"IC50";"'='";"350.0";"nM";"6.46";"";"";"UO_0000065";"15.27";"0.29";"2.19";"6.98";"0";"CHEMBL4322120";"Inhibition of ATR1 (unknown origin)";"B";"BAO_0000357";"single protein format";"Homo sapiens";"None";"None";"None";"None";"";"";"";"CHEMBL227";"Type-1 angiotensin II receptor";"Homo sapiens";"SINGLE PROTEIN";"CHEMBL4321789";"1";"Scientific Literature";"J Med Chem";"2019";"None";"";"";"";"350.0"
"CHEMBL2322439";"";"None";"571.64";"1";"4.89";"12d";"CCc1nc2ccn(CC(=O)OCc3ccccc3)c(=O)c2n1[C@H]1CCc2cc(-c3ccccc3-c3nnn[nH]3)ccc21";"IC50";"'='";"19.8";"nM";"7.70";"";"";"UO_0000065";"13.48";"0.24";"2.81";"6.39";"0";"CHEMBL2327554";"Displacement of [125I]Tyr4-Sar1,Ile8-Angiotensin II from human Angiotensin 1 receptor after";"B";"BAO_0000357";"single protein format";"Homo sapiens";"None";"None";"None";"None";"";"";"";"CHEMBL227";"Type-1 angiotensin II receptor";"Homo sapiens";"SINGLE PROTEIN";"CHEMBL2321681";"1";"Scientific Literature";"Bioorg Med Chem Lett";"2013";"None";"";"";"";"19.8"
"CHEMBL2322437";"";"None";"513.61";"2";"5.19";"12b";"CCc1nc2ccn(Cc3ccccc3)c(=O)c2n1[C@H]1CCc2cc(-c3ccccc3-c3nnn[nH]3)ccc21";"IC50";"'='";"12.7";"nM";"7.90";"";"";"UO_0000065";"15.37";"0.28";"2.71";"8.38";"0";"CHEMBL2327554";"Displacement of [125I]Tyr4-Sar1,Ile8-Angiotensin II from human Angiotensin 1 receptor after";"B";"BAO_0000357";"single protein format";"Homo sapiens";"None";"None";"None";"None";"";"";"";"CHEMBL227";"Type-1 angiotensin II receptor";"Homo sapiens";"SINGLE PROTEIN";"CHEMBL2321681";"1";"Scientific Literature";"Bioorg Med Chem Lett";"2013";"None";"";"";"";"12.7"
"CHEMBL71953";"";"None";"557.74";"2";"6.61";"11a";"CCCCCN(CCCCC)Cc1nc(CCC)n(Cc2ccc(-c3ccccc3-c3nn[nH]n3)cc2)c1C(=O)O";"IC50";"'='";"2.0";"nM";"8.70";"";"";"UO_0000065";"15.60";"0.29";"2.09";"7.71";"0";"CHEMBL647574";"In vitro binding affinity of compound against Angiotensin II receptor, type 1";"B";"BAO_0000357";"single protein format";"None";"None";"None";"None";"None";"";"";"";"CHEMBL227";"Type-1 angiotensin II receptor";"Homo sapiens";"SINGLE PROTEIN";"CHEMBL1127975";"1";"Scientific Literature";"Bioorg Med Chem Lett";"1994";"None";"";"";"";"2.0"
"CHEMBL1449757";"";"None";"418.79";"0";"1.78";"SID49718081";"O=C(CN1C(=O)C2C3C=CC(C3)C2C1=O)OCC(=O)c1ccc(Cl)c([N+](=O)[O-])c1";"IC50";"'='";"14345.0";"nM";"4.84";"";"Active";"UO_0000065";"";"";"";"";"0";"CHEMBL1614336";"PUBCHEM_BIOASSAY: Dose Response screen for antagonists of Angiotensin II Receptor Type 1 to assess selectivity of uHTS small molecule antagonists hits of the APJ receptor. (Class of assay: confirmatory) [Related pubchem assays: 2569, 2521 ]";"F";"BAO_0000019";"assay format";"Homo sapiens";"None";"None";"None";"None";"";"";"";"CHEMBL227";"Type-1 angiotensin II receptor";"Homo sapiens";"SINGLE PROTEIN";"CHEMBL1201862";"7";"PubChem BioAssays";"";"";"None";"";"";"";"14.345"
"CHEMBL3196139";"";"None";"331.38";"0";"3.27";"SID17387806";"COc1cccc(C(=O)N/N=C(/c2ccccc2)c2ccccn2)c1";"IC50";"'='";"12630.0";"nM";"4.90";"";"Active";"UO_0000065";"";"";"";"";"0";"CHEMBL1614336";"PUBCHEM_BIOASSAY: Dose Response screen for antagonists of Angiotensin II Receptor Type 1 to assess selectivity of uHTS small molecule antagonists hits of the APJ receptor. (Class of assay: confirmatory) [Related pubchem assays: 2569, 2521 ]";"F";"BAO_0000019";"assay format";"Homo sapiens";"None";"None";"None";"None";"";"";"";"CHEMBL227";"Type-1 angiotensin II receptor";"Homo sapiens";"SINGLE PROTEIN";"CHEMBL1201862";"7";"PubChem BioAssays";"";"";"None";"";"";"";"12.63"
"CHEMBL1345564";"";"None";"455.62";"0";"4.26";"SID17516685";"CC(C)(C)c1cc(CCC(=O)NNC(=S)NC(=O)c2ccccc2)cc(C(C)(C)C)c1O";"IC50";"'='";"35472.0";"nM";"4.45";"";"Not Active";"UO_0000065";"";"";"";"";"0";"CHEMBL1614336";"PUBCHEM_BIOASSAY: Dose Response screen for antagonists of Angiotensin II Receptor Type 1 to assess selectivity of uHTS small molecule antagonists hits of the APJ receptor. (Class of assay: confirmatory) [Related pubchem assays: 2569, 2521 ]";"F";"BAO_0000019";"assay format";"Homo sapiens";"None";"None";"None";"None";"";"";"";"CHEMBL227";"Type-1 angiotensin II receptor";"Homo sapiens";"SINGLE PROTEIN";"CHEMBL1201862";"7";"PubChem BioAssays";"";"";"None";"";"";"";"35.472"
"CHEMBL1521054";"";"None";"225.29";"0";"3.29";"SID49674388";"Cc1ccc(C(=O)CNc2ccccc2)cc1";"IC50";"'='";"9139.0";"nM";"5.04";"";"Active";"UO_0000065";"";"";"";"";"0";"CHEMBL1614336";"PUBCHEM_BIOASSAY: Dose Response screen for antagonists of Angiotensin II Receptor Type 1 to assess selectivity of uHTS small molecule antagonists hits of the APJ receptor. (Class of assay: confirmatory) [Related pubchem assays: 2569, 2521 ]";"F";"BAO_0000019";"assay format";"Homo sapiens";"None";"None";"None";"None";"";"";"";"CHEMBL227";"Type-1 angiotensin II receptor";"Homo sapiens";"SINGLE PROTEIN";"CHEMBL1201862";"7";"PubChem BioAssays";"";"";"None";"";"";"";"9.139"
"CHEMBL2005961";"";"None";"270.25";"0";"1.75";"SID24811810";"O=C(N/N=C/c1ccccn1)c1cccc([N+](=O)[O-])c1";"IC50";"'='";"8108.0";"nM";"5.09";"";"Active";"UO_0000065";"";"";"";"";"0";"CHEMBL1614336";"PUBCHEM_BIOASSAY: Dose Response screen for antagonists of Angiotensin II Receptor Type 1 to assess selectivity of uHTS small molecule antagonists hits of the APJ receptor. (Class of assay: confirmatory) [Related pubchem assays: 2569, 2521 ]";"F";"BAO_0000019";"assay format";"Homo sapiens";"None";"None";"None";"None";"";"";"";"CHEMBL227";"Type-1 angiotensin II receptor";"Homo sapiens";"SINGLE PROTEIN";"CHEMBL1201862";"7";"PubChem BioAssays";"";"";"None";"";"";"";"8.108"
"CHEMBL1494120";"";"None";"419.72";"0";"4.28";"SID24817414";"COc1ccc(NC(=O)/C(Cl)=C(/Cl)[S+]([O-])Cc2ccc(Cl)cc2)cn1";"IC50";"'='";"2349.0";"nM";"5.63";"";"Active";"UO_0000065";"";"";"";"";"0";"CHEMBL1614336";"PUBCHEM_BIOASSAY: Dose Response screen for antagonists of Angiotensin II Receptor Type 1 to assess selectivity of uHTS small molecule antagonists hits of the APJ receptor. (Class of assay: confirmatory) [Related pubchem assays: 2569, 2521 ]";"F";"BAO_0000019";"assay format";"Homo sapiens";"None";"None";"None";"None";"";"";"";"CHEMBL227";"Type-1 angiotensin II receptor";"Homo sapiens";"SINGLE PROTEIN";"CHEMBL1201862";"7";"PubChem BioAssays";"";"";"None";"";"";"";"2.349"
"CHEMBL1306605";"";"None";"544.15";"1";"2.10";"SID24817298";"O=C(CN1C(=O)C2C3CC(C(Br)C3Br)C2C1=O)OCC(=O)c1cccc([N+](=O)[O-])c1";"IC50";"'='";"20361.0";"nM";"4.69";"";"Not Active";"UO_0000065";"";"";"";"";"0";"CHEMBL1614336";"PUBCHEM_BIOASSAY: Dose Response screen for antagonists of Angiotensin II Receptor Type 1 to assess selectivity of uHTS small molecule antagonists hits of the APJ receptor. (Class of assay: confirmatory) [Related pubchem assays: 2569, 2521 ]";"F";"BAO_0000019";"assay format";"Homo sapiens";"None";"None";"None";"None";"";"";"";"CHEMBL227";"Type-1 angiotensin II receptor";"Homo sapiens";"SINGLE PROTEIN";"CHEMBL1201862";"7";"PubChem BioAssays";"";"";"None";"";"";"";"20.361"
"CHEMBL1324251";"";"None";"350.45";"0";"3.43";"SID47195286";"CCN=C(S)NNc1nnc(-c2ccccc2)c(-c2ccccc2)n1";"IC50";"'>'";"40000.0";"nM";"";"";"Not Active";"UO_0000065";"";"";"";"";"0";"CHEMBL1614336";"PUBCHEM_BIOASSAY: Dose Response screen for antagonists of Angiotensin II Receptor Type 1 to assess selectivity of uHTS small molecule antagonists hits of the APJ receptor. (Class of assay: confirmatory) [Related pubchem assays: 2569, 2521 ]";"F";"BAO_0000019";"assay format";"Homo sapiens";"None";"None";"None";"None";"";"";"";"CHEMBL227";"Type-1 angiotensin II receptor";"Homo sapiens";"SINGLE PROTEIN";"CHEMBL1201862";"7";"PubChem BioAssays";"";"";"None";"";"";"";"40.0"
"CHEMBL1387520";"";"None";"441.51";"0";"3.48";"SID16953465";"CSCCC(NC(=O)COc1ccccc1)C(=O)OCC(=O)c1cc2ccccc2o1";"IC50";"'='";"31212.0";"nM";"4.51";"";"Not Active";"UO_0000065";"";"";"";"";"0";"CHEMBL1614336";"PUBCHEM_BIOASSAY: Dose Response screen for antagonists of Angiotensin II Receptor Type 1 to assess selectivity of uHTS small molecule antagonists hits of the APJ receptor. (Class of assay: confirmatory) [Related pubchem assays: 2569, 2521 ]";"F";"BAO_0000019";"assay format";"Homo sapiens";"None";"None";"None";"None";"";"";"";"CHEMBL227";"Type-1 angiotensin II receptor";"Homo sapiens";"SINGLE PROTEIN";"CHEMBL1201862";"7";"PubChem BioAssays";"";"";"None";"";"";"";"31.212"
"CHEMBL1505604";"";"None";"291.28";"0";"3.22";"SID24835192";"O=C(Nc1nc2c(F)cc(F)cc2s1)c1ccccn1";"IC50";"'='";"9455.0";"nM";"5.02";"";"Active";"UO_0000065";"";"";"";"";"0";"CHEMBL1614336";"PUBCHEM_BIOASSAY: Dose Response screen for antagonists of Angiotensin II Receptor Type 1 to assess selectivity of uHTS small molecule antagonists hits of the APJ receptor. (Class of assay: confirmatory) [Related pubchem assays: 2569, 2521 ]";"F";"BAO_0000019";"assay format";"Homo sapiens";"None";"None";"None";"None";"";"";"";"CHEMBL227";"Type-1 angiotensin II receptor";"Homo sapiens";"SINGLE PROTEIN";"CHEMBL1201862";"7";"PubChem BioAssays";"";"";"None";"";"";"";"9.455"
"CHEMBL1569107";"";"None";"335.41";"0";"1.71";"SID49737679";"COc1ccccc1C(=O)NNC(=S)NC(=O)c1cccs1";"IC50";"'='";"20377.0";"nM";"4.69";"";"Not Active";"UO_0000065";"";"";"";"";"0";"CHEMBL1614336";"PUBCHEM_BIOASSAY: Dose Response screen for antagonists of Angiotensin II Receptor Type 1 to assess selectivity of uHTS small molecule antagonists hits of the APJ receptor. (Class of assay: confirmatory) [Related pubchem assays: 2569, 2521 ]";"F";"BAO_0000019";"assay format";"Homo sapiens";"None";"None";"None";"None";"";"";"";"CHEMBL227";"Type-1 angiotensin II receptor";"Homo sapiens";"SINGLE PROTEIN";"CHEMBL1201862";"7";"PubChem BioAssays";"";"";"None";"";"";"";"20.377"
"CHEMBL1512236";"";"None";"330.77";"0";"2.19";"SID56321874";"Cc1cc(C)nc(NNS(=O)(=O)c2ccc(F)c(Cl)c2)n1";"IC50";"'='";"23924.0";"nM";"4.62";"";"Not Active";"UO_0000065";"";"";"";"";"0";"CHEMBL1614336";"PUBCHEM_BIOASSAY: Dose Response screen for antagonists of Angiotensin II Receptor Type 1 to assess selectivity of uHTS small molecule antagonists hits of the APJ receptor. (Class of assay: confirmatory) [Related pubchem assays: 2569, 2521 ]";"F";"BAO_0000019";"assay format";"Homo sapiens";"None";"None";"None";"None";"";"";"";"CHEMBL227";"Type-1 angiotensin II receptor";"Homo sapiens";"SINGLE PROTEIN";"CHEMBL1201862";"7";"PubChem BioAssays";"";"";"None";"";"";"";"23.924"
"CHEMBL1603072";"";"None";"347.40";"0";"3.01";"SID24781037";"O=C(Nc1nnc(SCc2ccc(F)cc2)s1)c1cnccn1";"IC50";"'>'";"40000.0";"nM";"";"";"Not Active";"UO_0000065";"";"";"";"";"0";"CHEMBL1614336";"PUBCHEM_BIOASSAY: Dose Response screen for antagonists of Angiotensin II Receptor Type 1 to assess selectivity of uHTS small molecule antagonists hits of the APJ receptor. (Class of assay: confirmatory) [Related pubchem assays: 2569, 2521 ]";"F";"BAO_0000019";"assay format";"Homo sapiens";"None";"None";"None";"None";"";"";"";"CHEMBL227";"Type-1 angiotensin II receptor";"Homo sapiens";"SINGLE PROTEIN";"CHEMBL1201862";"7";"PubChem BioAssays";"";"";"None";"";"";"";"40.0"
"CHEMBL1313397";"";"None";"371.37";"0";"3.39";"SID49665497";"COc1cccc(NC2=NC(=O)/C(=C/c3cc([N+](=O)[O-])ccc3O)S2)c1";"IC50";"'>'";"40000.0";"nM";"";"";"Not Active";"UO_0000065";"";"";"";"";"0";"CHEMBL1614336";"PUBCHEM_BIOASSAY: Dose Response screen for antagonists of Angiotensin II Receptor Type 1 to assess selectivity of uHTS small molecule antagonists hits of the APJ receptor. (Class of assay: confirmatory) [Related pubchem assays: 2569, 2521 ]";"F";"BAO_0000019";"assay format";"Homo sapiens";"None";"None";"None";"None";"";"";"";"CHEMBL227";"Type-1 angiotensin II receptor";"Homo sapiens";"SINGLE PROTEIN";"CHEMBL1201862";"7";"PubChem BioAssays";"";"";"None";"";"";"";"40.0"
"CHEMBL2131333";"";"None";"499.92";"0";"3.86";"SID74373418";"CCC1Nc2ncnc(N3CCCCC3)c2N(Cc2ccc(Cl)cc2)C1=O.O=C(O)C(F)(F)F";"IC50";"'='";"25489.0";"nM";"4.59";"";"Not Active";"UO_0000065";"";"";"";"";"0";"CHEMBL1614336";"PUBCHEM_BIOASSAY: Dose Response screen for antagonists of Angiotensin II Receptor Type 1 to assess selectivity of uHTS small molecule antagonists hits of the APJ receptor. (Class of assay: confirmatory) [Related pubchem assays: 2569, 2521 ]";"F";"BAO_0000019";"assay format";"Homo sapiens";"None";"None";"None";"None";"";"";"";"CHEMBL227";"Type-1 angiotensin II receptor";"Homo sapiens";"SINGLE PROTEIN";"CHEMBL1201862";"7";"PubChem BioAssays";"";"";"None";"";"";"";"25.489"
"CHEMBL1488802";"";"None";"301.14";"0";"3.52";"SID47204757";"O=C1Nc2ccccc2C1=Nc1ccc(Br)cc1";"IC50";"'='";"7402.0";"nM";"5.13";"";"Active";"UO_0000065";"";"";"";"";"0";"CHEMBL1614336";"PUBCHEM_BIOASSAY: Dose Response screen for antagonists of Angiotensin II Receptor Type 1 to assess selectivity of uHTS small molecule antagonists hits of the APJ receptor. (Class of assay: confirmatory) [Related pubchem assays: 2569, 2521 ]";"F";"BAO_0000019";"assay format";"Homo sapiens";"None";"None";"None";"None";"";"";"";"CHEMBL227";"Type-1 angiotensin II receptor";"Homo sapiens";"SINGLE PROTEIN";"CHEMBL1201862";"7";"PubChem BioAssays";"";"";"None";"";"";"";"7.402"
"CHEMBL1529805";"";"None";"379.21";"0";"3.14";"SID14728505";"COc1ccc2c(c1)C(=O)[C@H](O)[C@@H](c1ccc(OC)c(Br)c1)O2";"IC50";"'='";"12132.0";"nM";"4.92";"";"Active";"UO_0000065";"";"";"";"";"0";"CHEMBL1614336";"PUBCHEM_BIOASSAY: Dose Response screen for antagonists of Angiotensin II Receptor Type 1 to assess selectivity of uHTS small molecule antagonists hits of the APJ receptor. (Class of assay: confirmatory) [Related pubchem assays: 2569, 2521 ]";"F";"BAO_0000019";"assay format";"Homo sapiens";"None";"None";"None";"None";"";"";"";"CHEMBL227";"Type-1 angiotensin II receptor";"Homo sapiens";"SINGLE PROTEIN";"CHEMBL1201862";"7";"PubChem BioAssays";"";"";"None";"";"";"";"12.132"
"CHEMBL3753406";"";"None";"584.68";"2";"5.71";"1k";"CCCc1nc2c(C)cc(C(=O)NCc3ccccc3)cc2n1Cc1ccc(-c2ccccc2C(=O)Nc2nnn[nH]2)cc1";"IC50";"'='";"82.0";"nM";"7.09";"";"";"UO_0000065";"12.12";"0.22";"1.38";"5.43";"0";"CHEMBL3757817";"Displacement of 125I-labelled Sar1-Ile8-angiotensin-2 from human AT1 receptor";"B";"BAO_0000357";"single protein format";"Homo sapiens";"None";"None";"None";"None";"";"";"";"CHEMBL227";"Type-1 angiotensin II receptor";"Homo sapiens";"SINGLE PROTEIN";"CHEMBL3751753";"1";"Scientific Literature";"Medchemcomm";"2015";"None";"";"";"";"82.0"
"CHEMBL70726";"";"None";"725.84";"2";"7.67";"20";"CCCOC(=O)NS(=O)(=O)c1ccccc1-c1ccc(Cn2c(CCC)nc(CC)c2C(=O)OCc2ccccc2C(=O)c2ccccc2)c(F)c1";"IC50";"'='";"0.28";"nM";"9.55";"";"";"UO_0000065";"13.16";"0.25";"1.88";"7.15";"0";"CHEMBL648492";"Binding affinity for Angiotensin II receptor, type 1";"B";"BAO_0000357";"single protein format";"None";"None";"None";"None";"None";"";"";"";"CHEMBL227";"Type-1 angiotensin II receptor";"Homo sapiens";"SINGLE PROTEIN";"CHEMBL1150518";"1";"Scientific Literature";"Bioorg Med Chem Lett";"1994";"None";"";"";"";"0.28"
"CHEMBL70843";"";"None";"746.86";"2";"6.56";"39";"CCCc1nc(CC)c(C(=O)OCCCN2C(=O)c3ccccc3C2=O)n1Cc1ccc(-c2ccccc2S(=O)(=O)NC(=O)OCCC(C)C)cc1F";"IC50";"'='";"0.1";"nM";"10.00";"";"";"UO_0000065";"13.39";"0.26";"3.44";"6.49";"0";"CHEMBL648492";"Binding affinity for Angiotensin II receptor, type 1";"B";"BAO_0000357";"single protein format";"None";"None";"None";"None";"None";"";"";"";"CHEMBL227";"Type-1 angiotensin II receptor";"Homo sapiens";"SINGLE PROTEIN";"CHEMBL1150518";"1";"Scientific Literature";"Bioorg Med Chem Lett";"1994";"None";"";"";"";"0.1"
"CHEMBL4850726";"";"None";"1067.21";"None";"None";"7; SBL-AII-7";"CC[C@H](C)[C@H](NC(=O)[C@H](Cc1ccc(O)cc1)NC(=O)[C@@H](NC(=O)[C@H](CCCNC(=N)N)NC(=O)[C@@H](N)CC(=O)O)C(C)C)C(=O)N[C@H]1Cc2c([nH]c3ccccc23)CN(CC(=O)N[C@@H](Cc2ccccc2)C(=O)O)C1=O";"IC50";"'>'";"10000.0";"nM";"";"";"";"UO_0000065";"";"";"";"";"0";"CHEMBL4812854";"Displacement of [125-I]-[Sar1, Ile8] from recombinant human AT1R transfected in human HEK293 cells incubated for 2 hrs by liquid scintillation counter analysis";"B";"BAO_0000219";"cell-based format";"Homo sapiens";"None";"None";"HEK293";"None";"";"";"";"CHEMBL227";"Type-1 angiotensin II receptor";"Homo sapiens";"SINGLE PROTEIN";"CHEMBL4811266";"1";"Scientific Literature";"Bioorg Med Chem Lett";"2021";"None";"TIME = 2.0 hr";"";"";"10000.0"
"CHEMBL70389";"";"None";"549.64";"1";"3.76";"12l";"CCc1nc(CN2CCN(c3ccccn3)CC2)c(C(=O)O)n1Cc1ccc(-c2ccccc2-c2nn[nH]n2)cc1";"IC50";"'='";"20.0";"nM";"7.70";"";"";"UO_0000065";"14.01";"0.26";"3.94";"5.97";"0";"CHEMBL647574";"In vitro binding affinity of compound against Angiotensin II receptor, type 1";"B";"BAO_0000357";"single protein format";"None";"None";"None";"None";"None";"";"";"";"CHEMBL227";"Type-1 angiotensin II receptor";"Homo sapiens";"SINGLE PROTEIN";"CHEMBL1127975";"1";"Scientific Literature";"Bioorg Med Chem Lett";"1994";"None";"";"";"";"20.0"
"CHEMBL4850970";"";"None";"452.55";"1";"5.74";"8d";"O=C(O)c1ccccc1-c1ccc(CN2C(=O)C3(CCCC3)N=C2CCc2ccccc2)cc1";"IC50";"";"";"";"";"";"Not Active";"";"";"";"";"";"0";"CHEMBL4839255";"Antagonist activity at human AT1 overexpressed in CHO-K1 cells in presence of 10 nM [Val5-angiotensin II measured after 90 mins by HTRF based IP-one assay";"F";"BAO_0000219";"cell-based format";"Homo sapiens";"None";"None";"CHO-K1";"None";"";"";"";"CHEMBL227";"Type-1 angiotensin II receptor";"Homo sapiens";"SINGLE PROTEIN";"CHEMBL4837242";"1";"Scientific Literature";"ACS Med Chem Lett";"2021";"None";"Dose = 10.0 nM | TIME = 1.5 hr";"";"";""
"CHEMBL3115247";"";"None";"566.71";"2";"7.70";"38";"CCCCn1c(-c2ccc3nn(CCC)c(Cc4ccc(-c5ccccc5-c5nn[nH]n5)cc4)c3c2)nc2ccccc21";"IC50";"'='";"6.0";"nM";"8.22";"";"";"UO_0000065";"14.51";"0.26";"0.52";"9.13";"0";"CHEMBL3117635";"Antagonist activity at human AT1 receptor expressed in CHO cells measured after overnight incubation by luciferase reporter gene assay";"B";"BAO_0000219";"cell-based format";"Homo sapiens";"None";"None";"CHO";"None";"";"";"";"CHEMBL227";"Type-1 angiotensin II receptor";"Homo sapiens";"SINGLE PROTEIN";"CHEMBL3112505";"1";"Scientific Literature";"Bioorg Med Chem Lett";"2014";"CHEMBL3308072";"";"";"";"0.006"
"CHEMBL1449035";"";"None";"324.61";"0";"4.40";"SID47197979";"O=C(CNc1cccc(Cl)c1)c1ccc(Br)cc1";"IC50";"'='";"14992.0";"nM";"4.82";"";"Active";"UO_0000065";"";"";"";"";"0";"CHEMBL1614336";"PUBCHEM_BIOASSAY: Dose Response screen for antagonists of Angiotensin II Receptor Type 1 to assess selectivity of uHTS small molecule antagonists hits of the APJ receptor. (Class of assay: confirmatory) [Related pubchem assays: 2569, 2521 ]";"F";"BAO_0000019";"assay format";"Homo sapiens";"None";"None";"None";"None";"";"";"";"CHEMBL227";"Type-1 angiotensin II receptor";"Homo sapiens";"SINGLE PROTEIN";"CHEMBL1201862";"7";"PubChem BioAssays";"";"";"None";"";"";"";"14.992"
"CHEMBL278176";"";"None";"682.84";"2";"7.09";"1";"CCCc1cc(Cn2c(CC)nc3c(C)cc(C)nc32)ccc1OC(C(=O)NS(=O)(=O)c1ccc(C(C)C)cc1)c1ccc2c(c1)OCO2";"IC50";"'='";"13.0";"nM";"7.89";"";"";"UO_0000065";"11.55";"0.22";"0.80";"6.48";"0";"CHEMBL650307";"Compound was evaluated for inhibitory activity against human Angiotensin II receptor, type 1";"B";"BAO_0000357";"single protein format";"None";"None";"None";"None";"None";"";"";"";"CHEMBL227";"Type-1 angiotensin II receptor";"Homo sapiens";"SINGLE PROTEIN";"CHEMBL1135999";"1";"Scientific Literature";"J Med Chem";"2002";"None";"";"";"";"13.0"
"CHEMBL3754661";"";"None";"536.64";"1";"4.92";"1e";"CCCNC(=O)c1cc(C)c2nc(CCC)n(Cc3ccc(-c4ccccc4C(=O)Nc4nnn[nH]4)cc3)c2c1";"IC50";"'='";"363.0";"nM";"6.44";"";"";"UO_0000065";"12.00";"0.22";"1.52";"4.94";"0";"CHEMBL3757817";"Displacement of 125I-labelled Sar1-Ile8-angiotensin-2 from human AT1 receptor";"B";"BAO_0000357";"single protein format";"Homo sapiens";"None";"None";"None";"None";"";"";"";"CHEMBL227";"Type-1 angiotensin II receptor";"Homo sapiens";"SINGLE PROTEIN";"CHEMBL3751753";"1";"Scientific Literature";"Medchemcomm";"2015";"None";"";"";"";"363.0"
"CHEMBL1339359";"";"None";"315.40";"0";"3.00";"SID17508420";"CC(C)Oc1cccc(C(=O)NC(=S)Nc2cccnc2)c1";"IC50";"'>'";"40000.0";"nM";"";"";"Not Active";"UO_0000065";"";"";"";"";"0";"CHEMBL1614336";"PUBCHEM_BIOASSAY: Dose Response screen for antagonists of Angiotensin II Receptor Type 1 to assess selectivity of uHTS small molecule antagonists hits of the APJ receptor. (Class of assay: confirmatory) [Related pubchem assays: 2569, 2521 ]";"F";"BAO_0000019";"assay format";"Homo sapiens";"None";"None";"None";"None";"";"";"";"CHEMBL227";"Type-1 angiotensin II receptor";"Homo sapiens";"SINGLE PROTEIN";"CHEMBL1201862";"7";"PubChem BioAssays";"";"";"None";"";"";"";"40.0"
"CHEMBL1966283";"";"None";"331.49";"0";"4.18";"SID24828166";"COc1cccc(NC(=S)N/N=C2\CC3CCC2(C)C3(C)C)c1";"IC50";"'='";"27397.0";"nM";"4.56";"";"Not Active";"UO_0000065";"";"";"";"";"0";"CHEMBL1614336";"PUBCHEM_BIOASSAY: Dose Response screen for antagonists of Angiotensin II Receptor Type 1 to assess selectivity of uHTS small molecule antagonists hits of the APJ receptor. (Class of assay: confirmatory) [Related pubchem assays: 2569, 2521 ]";"F";"BAO_0000019";"assay format";"Homo sapiens";"None";"None";"None";"None";"";"";"";"CHEMBL227";"Type-1 angiotensin II receptor";"Homo sapiens";"SINGLE PROTEIN";"CHEMBL1201862";"7";"PubChem BioAssays";"";"";"None";"";"";"";"27.397"
"CHEMBL3195898";"";"None";"431.29";"0";"4.82";"SID26662297";"O=C(N/N=C/c1ccccn1)c1cc(-c2ccc(Br)cc2)nc2ccccc12";"IC50";"'='";"2581.0";"nM";"5.59";"";"Active";"UO_0000065";"";"";"";"";"0";"CHEMBL1614336";"PUBCHEM_BIOASSAY: Dose Response screen for antagonists of Angiotensin II Receptor Type 1 to assess selectivity of uHTS small molecule antagonists hits of the APJ receptor. (Class of assay: confirmatory) [Related pubchem assays: 2569, 2521 ]";"F";"BAO_0000019";"assay format";"Homo sapiens";"None";"None";"None";"None";"";"";"";"CHEMBL227";"Type-1 angiotensin II receptor";"Homo sapiens";"SINGLE PROTEIN";"CHEMBL1201862";"7";"PubChem BioAssays";"";"";"None";"";"";"";"2.581"
"CHEMBL1380801";"";"None";"291.65";"0";"2.92";"SID26725675";"O=[N+]([O-])c1c(Nc2ccccn2)cc(Cl)c2nonc12";"IC50";"'<'";"1250.0";"nM";"";"";"Active";"UO_0000065";"";"";"";"";"0";"CHEMBL1614336";"PUBCHEM_BIOASSAY: Dose Response screen for antagonists of Angiotensin II Receptor Type 1 to assess selectivity of uHTS small molecule antagonists hits of the APJ receptor. (Class of assay: confirmatory) [Related pubchem assays: 2569, 2521 ]";"F";"BAO_0000019";"assay format";"Homo sapiens";"None";"None";"None";"None";"";"";"";"CHEMBL227";"Type-1 angiotensin II receptor";"Homo sapiens";"SINGLE PROTEIN";"CHEMBL1201862";"7";"PubChem BioAssays";"";"";"None";"";"";"";"1.25"
"CHEMBL3193181";"";"None";"279.45";"0";"3.36";"SID14740656";"CC1CC2=C(CC1/C=N/NC(N)=S)C(C)(C)CCC2";"IC50";"'='";"22594.0";"nM";"4.65";"";"Not Active";"UO_0000065";"";"";"";"";"0";"CHEMBL1614336";"PUBCHEM_BIOASSAY: Dose Response screen for antagonists of Angiotensin II Receptor Type 1 to assess selectivity of uHTS small molecule antagonists hits of the APJ receptor. (Class of assay: confirmatory) [Related pubchem assays: 2569, 2521 ]";"F";"BAO_0000019";"assay format";"Homo sapiens";"None";"None";"None";"None";"";"";"";"CHEMBL227";"Type-1 angiotensin II receptor";"Homo sapiens";"SINGLE PROTEIN";"CHEMBL1201862";"7";"PubChem BioAssays";"";"";"None";"";"";"";"22.594"
"CHEMBL1608078";"";"None";"297.33";"0";"1.50";"SID7975274";"CCOC(=O)/C=C/S(=O)(=O)c1ccc(NC(C)=O)cc1";"IC50";"'='";"9222.0";"nM";"5.04";"";"Active";"UO_0000065";"";"";"";"";"0";"CHEMBL1614336";"PUBCHEM_BIOASSAY: Dose Response screen for antagonists of Angiotensin II Receptor Type 1 to assess selectivity of uHTS small molecule antagonists hits of the APJ receptor. (Class of assay: confirmatory) [Related pubchem assays: 2569, 2521 ]";"F";"BAO_0000019";"assay format";"Homo sapiens";"None";"None";"None";"None";"";"";"";"CHEMBL227";"Type-1 angiotensin II receptor";"Homo sapiens";"SINGLE PROTEIN";"CHEMBL1201862";"7";"PubChem BioAssays";"";"";"None";"";"";"";"9.222"
"CHEMBL279629";"L-159913";"None";"634.68";"2";"6.23";"3d";"CCCCc1nn(-c2ccccc2C(F)(F)F)c(=O)n1Cc1ccc(-c2ccccc2S(=O)(=O)NC(=O)c2ccccc2)cc1";"IC50";"";"";"nM";"";"";"Not Determined";"UO_0000065";"";"";"";"";"0";"CHEMBL650310";"In vitro binding affinity towards Angiotensin II receptor, type 1 to displace 125I[Sar,Ile] from human aorta preparations: Not tested";"B";"BAO_0000221";"tissue-based format";"None";"CHEMBL3638186";"Aorta";"None";"None";"";"";"";"CHEMBL227";"Type-1 angiotensin II receptor";"Homo sapiens";"SINGLE PROTEIN";"CHEMBL1127228";"1";"Scientific Literature";"Bioorg Med Chem Lett";"1994";"None";"";"";"";""
"CHEMBL4856425";"";"None";"464.57";"1";"5.38";"8g";"CCCCC1=NC(C)(c2ccccc2)C(=O)N1Cc1ccc(-c2ccccc2-c2nnn[nH]2)cc1";"IC50";"'='";"25.0";"nM";"7.60";"";"";"UO_0000065";"";"";"";"";"0";"CHEMBL4839255";"Antagonist activity at human AT1 overexpressed in CHO-K1 cells in presence of 10 nM [Val5-angiotensin II measured after 90 mins by HTRF based IP-one assay";"F";"BAO_0000219";"cell-based format";"Homo sapiens";"None";"None";"CHO-K1";"None";"";"";"";"CHEMBL227";"Type-1 angiotensin II receptor";"Homo sapiens";"SINGLE PROTEIN";"CHEMBL4837242";"1";"Scientific Literature";"ACS Med Chem Lett";"2021";"None";"Dose = 10.0 nM | TIME = 1.5 hr";"ANTAGONIST";"";"25.0"
"CHEMBL444060";"";"None";"406.53";"0";"4.81";"13";"CCCCC1NC(=O)C2(CCCC2)N1Cc1ccc(-c2ccccc2C(=O)O)cc1";"IC50";"'='";"7750.0";"nM";"5.11";"";"";"UO_0000065";"";"";"";"";"0";"CHEMBL4839255";"Antagonist activity at human AT1 overexpressed in CHO-K1 cells in presence of 10 nM [Val5-angiotensin II measured after 90 mins by HTRF based IP-one assay";"F";"BAO_0000219";"cell-based format";"Homo sapiens";"None";"None";"CHO-K1";"None";"";"";"";"CHEMBL227";"Type-1 angiotensin II receptor";"Homo sapiens";"SINGLE PROTEIN";"CHEMBL4837242";"1";"Scientific Literature";"ACS Med Chem Lett";"2021";"None";"Dose = 10.0 nM | TIME = 1.5 hr";"ANTAGONIST";"";"7750.0"
"CHEMBL289105";"";"None";"446.58";"0";"4.34";"10";"CCCC1=NC2(CCSCC2)C(=O)N1Cc1ccc(-c2ccccc2-c2nn[nH]n2)cc1";"IC50";"'='";"2.0";"nM";"8.70";"";"";"UO_0000065";"19.48";"0.37";"4.36";"9.98";"0";"CHEMBL648568";"The compound was tested for the ability to displace 50% of totally specifically bound [125I]- Ang II from Angiotensin II receptor, type 1 site";"B";"BAO_0000357";"single protein format";"None";"None";"None";"None";"None";"";"";"";"CHEMBL227";"Type-1 angiotensin II receptor";"Homo sapiens";"SINGLE PROTEIN";"CHEMBL1153253";"1";"Scientific Literature";"Bioorg Med Chem Lett";"1994";"None";"";"";"";"2.0"
"CHEMBL292277";"";"None";"480.57";"0";"3.99";"PD-123177";"Cc1cc(Cn2cnc3c2C[C@@H](C(=O)O)N(C(=O)C(c2ccccc2)c2ccccc2)C3)ccc1N";"IC50";"'>'";"100000.0";"nM";"";"";"";"UO_0000065";"";"";"";"";"0";"CHEMBL647575";"Inhibition of Angiotensin II receptor, type 1";"B";"BAO_0000357";"single protein format";"None";"None";"None";"None";"None";"";"";"";"CHEMBL227";"Type-1 angiotensin II receptor";"Homo sapiens";"SINGLE PROTEIN";"CHEMBL1129469";"1";"Scientific Literature";"J Med Chem";"1996";"None";"";"";"";"100.0"
"CHEMBL430792";"";"None";"720.86";"2";"7.29";"52";"CCCc1nc(CC)c(C(=O)OCCCC(=O)Nc2ccccc2)n1Cc1ccc(-c2ccccc2S(=O)(=O)NC(=O)OCCC(C)C)cc1F";"IC50";"'='";"0.2";"nM";"9.70";"";"";"UO_0000065";"13.45";"0.26";"2.41";"6.66";"0";"CHEMBL648492";"Binding affinity for Angiotensin II receptor, type 1";"B";"BAO_0000357";"single protein format";"None";"None";"None";"None";"None";"";"";"";"CHEMBL227";"Type-1 angiotensin II receptor";"Homo sapiens";"SINGLE PROTEIN";"CHEMBL1150518";"1";"Scientific Literature";"Bioorg Med Chem Lett";"1994";"None";"";"";"";"0.2"
"CHEMBL1017";"TELMISARTAN";"4.0";"514.63";"2";"7.26";"EUB0000415a";"CCCc1nc2c(C)cc(-c3nc4ccccc4n3C)cc2n1Cc1ccc(-c2ccccc2C(=O)O)cc1";"IC50";"'='";"5.398";"nM";"8.27";"";"";"UO_0000065";"";"";"";"";"0";"CHEMBL5442690";"GPCR PRESTO-Tango dose-response in antagonist mode with target: AGTR1";"F";"BAO_0000219";"cell-based format";"Homo sapiens";"None";"None";"HTLA";"None";"";"";"";"CHEMBL227";"Type-1 angiotensin II receptor";"Homo sapiens";"SINGLE PROTEIN";"CHEMBL5442687";"55";"EUbOPEN Chemogenomic Library";"";"2024";"CHEMBL5446261";"";"ANTAGONIST";"";"0.00539839"
"CHEMBL3734955";"";"None";"721.88";"2";"7.41";"20";"CCCc1nc2c(C)cc(C(=O)NCCc3ccc(OC)c(OC)c3)cc2n1Cc1ccc(-c2ccccc2S(=O)(=O)Nc2onc(C)c2C)cc1";"IC50";"'='";"92.0";"nM";"7.04";"";"";"UO_0000065";"9.75";"0.18";"-0.37";"5.11";"0";"CHEMBL3739215";"Displacement of 125I-labeled Sar1-Ile8-angiotensin II from human AT1 receptor incubated for 2 hrs by gamma counting analysis";"B";"BAO_0000357";"single protein format";"Homo sapiens";"None";"None";"None";"None";"";"";"";"CHEMBL227";"Type-1 angiotensin II receptor";"Homo sapiens";"SINGLE PROTEIN";"CHEMBL3734700";"1";"Scientific Literature";"Medchemcomm";"2015";"None";"";"";"";"92.0"
"CHEMBL3735265";"";"None";"679.82";"2";"7.53";"22";"CCCc1nc2c(C)cc(C(=O)NCCc3ccc(F)cc3)cc2n1Cc1ccc(-c2ccccc2S(=O)(=O)Nc2onc(C)c2C)cc1";"IC50";"'='";"152.0";"nM";"6.82";"";"";"UO_0000065";"10.03";"0.19";"-0.71";"5.72";"0";"CHEMBL3739215";"Displacement of 125I-labeled Sar1-Ile8-angiotensin II from human AT1 receptor incubated for 2 hrs by gamma counting analysis";"B";"BAO_0000357";"single protein format";"Homo sapiens";"None";"None";"None";"None";"";"";"";"CHEMBL227";"Type-1 angiotensin II receptor";"Homo sapiens";"SINGLE PROTEIN";"CHEMBL3734700";"1";"Scientific Literature";"Medchemcomm";"2015";"None";"";"";"";"152.0"
"CHEMBL3734968";"";"None";"681.85";"2";"7.69";"L-746072";"CCCc1cc(Cn2c(CC)nc3c(C)cc(C)cc32)ccc1OC(C(=O)NS(=O)(=O)c1ccc(C(C)C)cc1)c1ccc2c(c1)OCO2";"IC50";"'='";"13.0";"nM";"7.89";"";"";"UO_0000065";"11.57";"0.22";"0.20";"7.25";"0";"CHEMBL3739215";"Displacement of 125I-labeled Sar1-Ile8-angiotensin II from human AT1 receptor incubated for 2 hrs by gamma counting analysis";"B";"BAO_0000357";"single protein format";"Homo sapiens";"None";"None";"None";"None";"";"";"";"CHEMBL227";"Type-1 angiotensin II receptor";"Homo sapiens";"SINGLE PROTEIN";"CHEMBL3734700";"1";"Scientific Literature";"Medchemcomm";"2015";"None";"";"";"";"13.0"
"CHEMBL12013";"";"None";"546.69";"2";"6.17";"Fig1;4";"CCCc1nc2c(n1Cc1ccc(-c3ccccc3S(=O)(=O)Nc3onc(C)c3C)c(C)c1)C(=O)CCCC2";"IC50";"'='";"2.0";"nM";"8.70";"";"";"UO_0000065";"15.91";"0.30";"2.53";"8.12";"0";"CHEMBL3739215";"Displacement of 125I-labeled Sar1-Ile8-angiotensin II from human AT1 receptor incubated for 2 hrs by gamma counting analysis";"B";"BAO_0000357";"single protein format";"Homo sapiens";"None";"None";"None";"None";"";"";"";"CHEMBL227";"Type-1 angiotensin II receptor";"Homo sapiens";"SINGLE PROTEIN";"CHEMBL3734700";"1";"Scientific Literature";"Medchemcomm";"2015";"None";"";"";"";"2.0"
"CHEMBL12233";"";"None";"549.70";"2";"5.18";"Fig3;1";"CCCc1nc(CC)c(C(N)=O)n1Cc1ccc(-c2ccccc2S(=O)(=O)Nc2onc(C)c2C)c(CC)c1";"IC50";"'='";"1.3";"nM";"8.89";"";"";"UO_0000065";"16.17";"0.31";"3.71";"6.68";"0";"CHEMBL3739215";"Displacement of 125I-labeled Sar1-Ile8-angiotensin II from human AT1 receptor incubated for 2 hrs by gamma counting analysis";"B";"BAO_0000357";"single protein format";"Homo sapiens";"None";"None";"None";"None";"";"";"";"CHEMBL227";"Type-1 angiotensin II receptor";"Homo sapiens";"SINGLE PROTEIN";"CHEMBL3734700";"1";"Scientific Literature";"Medchemcomm";"2015";"None";"";"";"";"1.3"
"CHEMBL11528";"";"None";"562.69";"2";"5.36";"Fig3;4";"CCCc1nc2c(n1Cc1ccc(-c3ccccc3S(=O)(=O)Nc3onc(C)c3C)c(CO)c1)C(=O)CCCC2";"IC50";"'='";"30.0";"nM";"7.52";"";"";"UO_0000065";"13.37";"0.26";"2.16";"5.91";"0";"CHEMBL3739215";"Displacement of 125I-labeled Sar1-Ile8-angiotensin II from human AT1 receptor incubated for 2 hrs by gamma counting analysis";"B";"BAO_0000357";"single protein format";"Homo sapiens";"None";"None";"None";"None";"";"";"";"CHEMBL227";"Type-1 angiotensin II receptor";"Homo sapiens";"SINGLE PROTEIN";"CHEMBL3734700";"1";"Scientific Literature";"Medchemcomm";"2015";"None";"";"";"";"30.0"
"CHEMBL72099";"";"None";"727.86";"2";"8.62";"27";"CCCCOC(=O)NS(=O)(=O)c1ccccc1-c1ccc(Cn2c(CCC)nc(CC)c2C(=O)OCc2ccccc2Oc2ccccc2)c(F)c1";"IC50";"'='";"0.6";"nM";"9.22";"";"";"UO_0000065";"12.67";"0.24";"0.60";"7.33";"0";"CHEMBL648492";"Binding affinity for Angiotensin II receptor, type 1";"B";"BAO_0000357";"single protein format";"None";"None";"None";"None";"None";"";"";"";"CHEMBL227";"Type-1 angiotensin II receptor";"Homo sapiens";"SINGLE PROTEIN";"CHEMBL1150518";"1";"Scientific Literature";"Bioorg Med Chem Lett";"1994";"None";"";"";"";"0.6"
"CHEMBL288174";"";"None";"582.79";"2";"6.80";"3; L-162,313";"CCCCOC(=O)NS(=O)(=O)c1sc(CC(C)C)cc1-c1ccc(Cn2c(CC)nc3c(C)cc(C)nc32)cc1";"IC50";"'='";"1.1";"nM";"8.96";"";"";"UO_0000065";"15.37";"0.31";"2.16";"8.68";"1";"CHEMBL5148369";"Displacement of [125-I]-[Sar1, Ile8]-angiotensin II from AT1R (unknown origin) by radioligand binding assay";"B";"BAO_0000357";"single protein format";"Homo sapiens";"None";"None";"None";"None";"";"";"";"CHEMBL227";"Type-1 angiotensin II receptor";"Homo sapiens";"SINGLE PROTEIN";"CHEMBL5143706";"1";"Scientific Literature";"Bioorg Med Chem";"2022";"None";"";"AGONIST";"";"1.1"
"CHEMBL938";"SARALASIN";"4.0";"912.06";"3";"-2.30";"Saralasin";"CNCC(=O)N[C@@H](CCCNC(=N)N)C(=O)N[C@H](C(=O)N[C@@H](Cc1ccc(O)cc1)C(=O)N[C@H](C(=O)N[C@@H](Cc1cnc[nH]1)C(=O)N1CCC[C@H]1C(=O)N[C@@H](C)C(=O)O)C(C)C)C(C)C";"IC50";"'='";"0.35";"nM";"9.46";"";"";"UO_0000065";"10.37";"0.20";"11.76";"2.66";"0";"CHEMBL2395707";"Binding affinity to human AT1 receptor by radioligand displacement assay";"B";"BAO_0000357";"single protein format";"Homo sapiens";"None";"None";"None";"None";"";"";"";"CHEMBL227";"Type-1 angiotensin II receptor";"Homo sapiens";"SINGLE PROTEIN";"CHEMBL2390830";"1";"Scientific Literature";"Eur J Med Chem";"2013";"None";"";"";"";"3.5"
"CHEMBL4520827";"";"None";"487.68";"1";"5.49";"Fimasartan";"CCCCC1=NC(C)=C(CC(=S)N(C)C)CN1Cc1ccc(-c2ccccc2-c2nnn[nH]2)cc1";"IC50";"'='";"1.5";"nM";"8.82";"";"";"UO_0000065";"";"";"";"";"0";"CHEMBL4332101";"Antagonist activity at type-1 angiotensin 2 receptor (unknown origin) by calcium mobilizing assay";"F";"BAO_0000357";"single protein format";"Homo sapiens";"None";"None";"None";"None";"";"";"";"CHEMBL227";"Type-1 angiotensin II receptor";"Homo sapiens";"SINGLE PROTEIN";"CHEMBL4330101";"1";"Scientific Literature";"Bioorg Med Chem Lett";"2019";"None";"";"";"";"1.5"
"CHEMBL1374011";"";"None";"409.51";"0";"3.29";"2; zinc01142700; ChEMBL1374011";"Cc1ccc(CN(c2ccc(C(=O)NCc3ccccn3)cc2)S(C)(=O)=O)cc1";"IC50";"'='";"2089.3";"nM";"5.68";"";"";"UO_0000065";"13.87";"0.27";"2.39";"7.16";"0";"CHEMBL3830508";"Displacement of [125I-Sar1-Ile8]Ang2 from human AT1 receptor expressed in HEK293 cell membrane incubated for 1 hr by gamma counting method";"B";"BAO_0000219";"cell-based format";"Homo sapiens";"None";"None";"HEK293";"None";"";"";"";"CHEMBL227";"Type-1 angiotensin II receptor";"Homo sapiens";"SINGLE PROTEIN";"CHEMBL3826874";"1";"Scientific Literature";"Bioorg Med Chem";"2016";"CHEMBL3307715";"";"";"";"5.68"
"CHEMBL145";"CAFFEIC ACID";"3.0";"180.16";"0";"1.20";"Caffeic acid";"O=C(O)/C=C/c1ccc(O)c(O)c1";"IC50";"'='";"124.6";"nM";"6.90";"";"";"UO_0000065";"38.32";"0.73";"5.70";"8.88";"0";"CHEMBL5032542";"Displacement of [125-I]-[Sar1, AngII from AT1R (unknown origin) expressed in Escherichia coli BL 21 (DE3) incubated for 2 hrs by radioimmunoassay";"B";"BAO_0000019";"assay format";"Homo sapiens";"None";"None";"None";"None";"";"";"";"CHEMBL227";"Type-1 angiotensin II receptor";"Homo sapiens";"SINGLE PROTEIN";"CHEMBL5032489";"1";"Scientific Literature";"J Med Chem";"2021";"None";"TIME = 2.0 hr";"INHIBITOR";"";"124.6"
"CHEMBL3115238";"";"None";"530.67";"2";"7.96";"14a";"CCCc1[nH]c2cc(C(=O)NC(CC)c3ccccc3)ccc2c1Cc1ccc(-c2ccccc2C(=O)O)cc1";"IC50";"'>'";"10000.0";"nM";"";"";"";"UO_0000065";"";"";"";"";"0";"CHEMBL3117635";"Antagonist activity at human AT1 receptor expressed in CHO cells measured after overnight incubation by luciferase reporter gene assay";"B";"BAO_0000219";"cell-based format";"Homo sapiens";"None";"None";"CHO";"None";"";"";"";"CHEMBL227";"Type-1 angiotensin II receptor";"Homo sapiens";"SINGLE PROTEIN";"CHEMBL3112505";"1";"Scientific Literature";"Bioorg Med Chem Lett";"2014";"CHEMBL3308072";"";"";"";"10.0"
"CHEMBL938";"SARALASIN";"4.0";"912.06";"3";"-2.30";"Saralasin";"CNCC(=O)N[C@@H](CCCNC(=N)N)C(=O)N[C@H](C(=O)N[C@@H](Cc1ccc(O)cc1)C(=O)N[C@H](C(=O)N[C@@H](Cc1cnc[nH]1)C(=O)N1CCC[C@H]1C(=O)N[C@@H](C)C(=O)O)C(C)C)C(C)C";"IC50";"'='";"0.4";"nM";"9.40";"";"";"UO_0000065";"10.30";"0.20";"11.70";"2.65";"0";"CHEMBL3779530";"Displacement of [125I][Sar, Ile]-ATII from human recombinant AT1 receptor expressed in HEK293 cells";"B";"BAO_0000219";"cell-based format";"Homo sapiens";"None";"None";"HEK293";"None";"";"";"";"CHEMBL227";"Type-1 angiotensin II receptor";"Homo sapiens";"SINGLE PROTEIN";"CHEMBL3774372";"1";"Scientific Literature";"Bioorg Med Chem";"2016";"CHEMBL3307715";"";"";"";"4.0"
"CHEMBL1373553";"";"None";"380.22";"0";"2.67";"SID47199258";"O=C(O)c1cccc(NC(=S)NC(=O)c2cncc(Br)c2)c1";"IC50";"'>'";"40000.0";"nM";"";"";"Not Active";"UO_0000065";"";"";"";"";"0";"CHEMBL1614336";"PUBCHEM_BIOASSAY: Dose Response screen for antagonists of Angiotensin II Receptor Type 1 to assess selectivity of uHTS small molecule antagonists hits of the APJ receptor. (Class of assay: confirmatory) [Related pubchem assays: 2569, 2521 ]";"F";"BAO_0000019";"assay format";"Homo sapiens";"None";"None";"None";"None";"";"";"";"CHEMBL227";"Type-1 angiotensin II receptor";"Homo sapiens";"SINGLE PROTEIN";"CHEMBL1201862";"7";"PubChem BioAssays";"";"";"None";"";"";"";"40.0"
"CHEMBL1369513";"";"None";"356.52";"0";"4.23";"SID17510327";"C=CCN1C(=O)/C(=C\C=C2\N(C)c3ccccc3C2(C)C)SC1=S";"IC50";"'>'";"40000.0";"nM";"";"";"Not Active";"UO_0000065";"";"";"";"";"0";"CHEMBL1614336";"PUBCHEM_BIOASSAY: Dose Response screen for antagonists of Angiotensin II Receptor Type 1 to assess selectivity of uHTS small molecule antagonists hits of the APJ receptor. (Class of assay: confirmatory) [Related pubchem assays: 2569, 2521 ]";"F";"BAO_0000019";"assay format";"Homo sapiens";"None";"None";"None";"None";"";"";"";"CHEMBL227";"Type-1 angiotensin II receptor";"Homo sapiens";"SINGLE PROTEIN";"CHEMBL1201862";"7";"PubChem BioAssays";"";"";"None";"";"";"";"40.0"
"CHEMBL1977763";"";"None";"271.28";"0";"2.77";"SID17506339";"CN(/N=C/c1cc([N+](=O)[O-])ccc1O)c1ccccc1";"IC50";"'>'";"40000.0";"nM";"";"";"Not Active";"UO_0000065";"";"";"";"";"0";"CHEMBL1614336";"PUBCHEM_BIOASSAY: Dose Response screen for antagonists of Angiotensin II Receptor Type 1 to assess selectivity of uHTS small molecule antagonists hits of the APJ receptor. (Class of assay: confirmatory) [Related pubchem assays: 2569, 2521 ]";"F";"BAO_0000019";"assay format";"Homo sapiens";"None";"None";"None";"None";"";"";"";"CHEMBL227";"Type-1 angiotensin II receptor";"Homo sapiens";"SINGLE PROTEIN";"CHEMBL1201862";"7";"PubChem BioAssays";"";"";"None";"";"";"";"40.0"
"CHEMBL1988579";"";"None";"491.39";"0";"4.64";"SID16953430";"O=C1Nc2ccc(Br)cc2/C1=N/N=C/C1=C(N2CCOCC2)/C(=C\c2ccccc2)CC1";"IC50";"'>'";"40000.0";"nM";"";"";"Not Active";"UO_0000065";"";"";"";"";"0";"CHEMBL1614336";"PUBCHEM_BIOASSAY: Dose Response screen for antagonists of Angiotensin II Receptor Type 1 to assess selectivity of uHTS small molecule antagonists hits of the APJ receptor. (Class of assay: confirmatory) [Related pubchem assays: 2569, 2521 ]";"F";"BAO_0000019";"assay format";"Homo sapiens";"None";"None";"None";"None";"";"";"";"CHEMBL227";"Type-1 angiotensin II receptor";"Homo sapiens";"SINGLE PROTEIN";"CHEMBL1201862";"7";"PubChem BioAssays";"";"";"None";"";"";"";"40.0"
"CHEMBL1331656";"";"None";"287.81";"0";"4.36";"SID14728334";"SC1=NCCc2ccccc2C1c1ccccc1Cl";"IC50";"'='";"13829.0";"nM";"4.86";"";"Active";"UO_0000065";"";"";"";"";"0";"CHEMBL1614336";"PUBCHEM_BIOASSAY: Dose Response screen for antagonists of Angiotensin II Receptor Type 1 to assess selectivity of uHTS small molecule antagonists hits of the APJ receptor. (Class of assay: confirmatory) [Related pubchem assays: 2569, 2521 ]";"F";"BAO_0000019";"assay format";"Homo sapiens";"None";"None";"None";"None";"";"";"";"CHEMBL227";"Type-1 angiotensin II receptor";"Homo sapiens";"SINGLE PROTEIN";"CHEMBL1201862";"7";"PubChem BioAssays";"";"";"None";"";"";"";"13.829"
"CHEMBL3189814";"";"None";"360.82";"0";"3.91";"SID14727957";"O=S(=O)(N/N=C\c1ccc(-c2ccccc2Cl)o1)c1ccccc1";"IC50";"'>'";"40000.0";"nM";"";"";"Not Active";"UO_0000065";"";"";"";"";"0";"CHEMBL1614336";"PUBCHEM_BIOASSAY: Dose Response screen for antagonists of Angiotensin II Receptor Type 1 to assess selectivity of uHTS small molecule antagonists hits of the APJ receptor. (Class of assay: confirmatory) [Related pubchem assays: 2569, 2521 ]";"F";"BAO_0000019";"assay format";"Homo sapiens";"None";"None";"None";"None";"";"";"";"CHEMBL227";"Type-1 angiotensin II receptor";"Homo sapiens";"SINGLE PROTEIN";"CHEMBL1201862";"7";"PubChem BioAssays";"";"";"None";"";"";"";"40.0"
"CHEMBL1421427";"";"None";"299.37";"0";"2.06";"SID26660207";"O=C(NNC(=O)C12CC3CC(CC(C3)C1)C2)c1ccccn1";"IC50";"'='";"11185.0";"nM";"4.95";"";"Active";"UO_0000065";"";"";"";"";"0";"CHEMBL1614336";"PUBCHEM_BIOASSAY: Dose Response screen for antagonists of Angiotensin II Receptor Type 1 to assess selectivity of uHTS small molecule antagonists hits of the APJ receptor. (Class of assay: confirmatory) [Related pubchem assays: 2569, 2521 ]";"F";"BAO_0000019";"assay format";"Homo sapiens";"None";"None";"None";"None";"";"";"";"CHEMBL227";"Type-1 angiotensin II receptor";"Homo sapiens";"SINGLE PROTEIN";"CHEMBL1201862";"7";"PubChem BioAssays";"";"";"None";"";"";"";"11.185"
"CHEMBL1342053";"";"None";"252.66";"0";"2.58";"SID24804410";"CCn1c(=O)c([N+](=O)[O-])c(Cl)c2ccccc21";"IC50";"'='";"2221.0";"nM";"5.65";"";"Active";"UO_0000065";"";"";"";"";"0";"CHEMBL1614336";"PUBCHEM_BIOASSAY: Dose Response screen for antagonists of Angiotensin II Receptor Type 1 to assess selectivity of uHTS small molecule antagonists hits of the APJ receptor. (Class of assay: confirmatory) [Related pubchem assays: 2569, 2521 ]";"F";"BAO_0000019";"assay format";"Homo sapiens";"None";"None";"None";"None";"";"";"";"CHEMBL227";"Type-1 angiotensin II receptor";"Homo sapiens";"SINGLE PROTEIN";"CHEMBL1201862";"7";"PubChem BioAssays";"";"";"None";"";"";"";"2.221"
"CHEMBL1421770";"";"None";"312.19";"0";"4.16";"SID16953942";"O=c1cc(-c2c(F)c(F)c(F)c(F)c2F)oc2ccccc12";"IC50";"'<'";"1250.0";"nM";"";"";"Active";"UO_0000065";"";"";"";"";"0";"CHEMBL1614336";"PUBCHEM_BIOASSAY: Dose Response screen for antagonists of Angiotensin II Receptor Type 1 to assess selectivity of uHTS small molecule antagonists hits of the APJ receptor. (Class of assay: confirmatory) [Related pubchem assays: 2569, 2521 ]";"F";"BAO_0000019";"assay format";"Homo sapiens";"None";"None";"None";"None";"";"";"";"CHEMBL227";"Type-1 angiotensin II receptor";"Homo sapiens";"SINGLE PROTEIN";"CHEMBL1201862";"7";"PubChem BioAssays";"";"";"None";"";"";"";"1.25"
"CHEMBL1461119";"";"None";"395.24";"1";"5.25";"SID14743666";"Cc1c(Cl)cccc1N=C(S)NNc1ncc(C(F)(F)F)cc1Cl";"IC50";"'='";"11923.0";"nM";"4.92";"";"Active";"UO_0000065";"";"";"";"";"0";"CHEMBL1614336";"PUBCHEM_BIOASSAY: Dose Response screen for antagonists of Angiotensin II Receptor Type 1 to assess selectivity of uHTS small molecule antagonists hits of the APJ receptor. (Class of assay: confirmatory) [Related pubchem assays: 2569, 2521 ]";"F";"BAO_0000019";"assay format";"Homo sapiens";"None";"None";"None";"None";"";"";"";"CHEMBL227";"Type-1 angiotensin II receptor";"Homo sapiens";"SINGLE PROTEIN";"CHEMBL1201862";"7";"PubChem BioAssays";"";"";"None";"";"";"";"11.923"
"CHEMBL1578482";"";"None";"329.81";"0";"4.19";"SID49649021";"Oc1cc(CSc2ccc(Cl)cc2)nc(-c2ccccn2)n1";"IC50";"'='";"12955.0";"nM";"4.89";"";"Active";"UO_0000065";"";"";"";"";"0";"CHEMBL1614336";"PUBCHEM_BIOASSAY: Dose Response screen for antagonists of Angiotensin II Receptor Type 1 to assess selectivity of uHTS small molecule antagonists hits of the APJ receptor. (Class of assay: confirmatory) [Related pubchem assays: 2569, 2521 ]";"F";"BAO_0000019";"assay format";"Homo sapiens";"None";"None";"None";"None";"";"";"";"CHEMBL227";"Type-1 angiotensin II receptor";"Homo sapiens";"SINGLE PROTEIN";"CHEMBL1201862";"7";"PubChem BioAssays";"";"";"None";"";"";"";"12.955"
"CHEMBL3640133";"";"None";"594.65";"3";"5.15";"BDBM99954";"CCc1cc2c(=O)n(CC(=O)c3ccccc3OC)c(=O)n(Cc3ccc(-c4ccccc4-c4noc(O)n4)cc3)c2s1";"IC50";"'='";"1.4";"nM";"8.85";"";"216952";"UO_0000065";"14.89";"0.28";"3.70";"6.84";"0";"CHEMBL3705302";"Binding Assay: Binding assay using human AT1.";"B";"BAO_0000357";"single protein format";"Homo sapiens";"None";"None";"None";"None";"";"";"";"CHEMBL227";"Type-1 angiotensin II receptor";"Homo sapiens";"SINGLE PROTEIN";"CHEMBL3639103";"37";"BindingDB Patent Bioactivity Data";"";"2013";"None";"";"";"";"1.4"
"CHEMBL3640149";"";"None";"602.67";"2";"4.00";"BDBM99970";"CCc1cc2c(=O)n(CC(=O)C(C)(C)COC(C)=O)c(=O)n(Cc3ccc(-c4ccccc4-c4nc(=O)o[nH]4)cc3)c2s1";"IC50";"'='";"1.5";"nM";"8.82";"";"216968";"UO_0000065";"14.64";"0.28";"4.82";"6.03";"0";"CHEMBL3705302";"Binding Assay: Binding assay using human AT1.";"B";"BAO_0000357";"single protein format";"Homo sapiens";"None";"None";"None";"None";"";"";"";"CHEMBL227";"Type-1 angiotensin II receptor";"Homo sapiens";"SINGLE PROTEIN";"CHEMBL3639103";"37";"BindingDB Patent Bioactivity Data";"";"2013";"None";"";"";"";"1.5"
"CHEMBL3640150";"";"None";"546.65";"1";"4.25";"BDBM99971";"CCc1cc2c(=O)n(CC(O)C(C)(C)C)c(=O)n(Cc3ccc(-c4ccccc4-c4nc(=O)o[nH]4)cc3)c2s1";"IC50";"'='";"1.8";"nM";"8.74";"";"216969";"UO_0000065";"16.00";"0.31";"4.49";"7.10";"0";"CHEMBL3705302";"Binding Assay: Binding assay using human AT1.";"B";"BAO_0000357";"single protein format";"Homo sapiens";"None";"None";"None";"None";"";"";"";"CHEMBL227";"Type-1 angiotensin II receptor";"Homo sapiens";"SINGLE PROTEIN";"CHEMBL3639103";"37";"BindingDB Patent Bioactivity Data";"";"2013";"None";"";"";"";"1.8"
"CHEMBL3640160";"";"None";"624.68";"2";"4.75";"BDBM99982";"CCc1cc2c(=O)n(CC(=O)c3ccc(OC)cc3)c(=O)n(Cc3ccc(-c4ccccc4-c4nc(=O)o[nH]4)cc3OC)c2s1";"IC50";"'='";"2.3";"nM";"8.64";"";"216979";"UO_0000065";"13.83";"0.26";"3.89";"6.24";"0";"CHEMBL3705302";"Binding Assay: Binding assay using human AT1.";"B";"BAO_0000357";"single protein format";"Homo sapiens";"None";"None";"None";"None";"";"";"";"CHEMBL227";"Type-1 angiotensin II receptor";"Homo sapiens";"SINGLE PROTEIN";"CHEMBL3639103";"37";"BindingDB Patent Bioactivity Data";"";"2013";"None";"";"";"";"2.3"
"CHEMBL1824003";"";"None";"535.61";"2";"5.20";"6e";"CCOC(=O)c1cn(Cc2ccc(-c3ccccc3-c3nnn[nH]3)cc2)nc1N(C(C)=O)c1ccc(CC)cc1";"IC50";"'='";"5800.0";"nM";"5.24";"";"";"UO_0000065";"9.78";"0.18";"0.04";"4.40";"0";"CHEMBL1826049";"Displacement of [125I][Sar1,Ile8]-AT-II from human recombinant AT1 receptor expressed in HEK293 cells after 120 mins by liquid scintillation counting";"B";"BAO_0000219";"cell-based format";"Homo sapiens";"None";"None";"HEK293";"None";"";"";"";"CHEMBL227";"Type-1 angiotensin II receptor";"Homo sapiens";"SINGLE PROTEIN";"CHEMBL1821571";"1";"Scientific Literature";"Eur J Med Chem";"2011";"CHEMBL3307715";"";"";"";"5.8"
"CHEMBL2158318";"";"None";"438.38";"0";"4.15";"47";"Cc1ccnc(SCc2cc(=O)c(OC(=O)c3ccc(OC(F)(F)F)cc3)co2)n1";"IC50";"'>'";"79000.0";"nM";"";"";"";"UO_0000065";"";"";"";"";"0";"CHEMBL2161529";"Inhibition of AT1 receptor";"B";"BAO_0000357";"single protein format";"None";"None";"None";"None";"None";"";"";"";"CHEMBL227";"Type-1 angiotensin II receptor";"Homo sapiens";"SINGLE PROTEIN";"CHEMBL2157975";"1";"Scientific Literature";"Bioorg Med Chem Lett";"2012";"None";"";"";"";"79.0"
"CHEMBL2158286";"";"None";"368.41";"0";"3.56";"46";"Cc1ccnc(SCc2cc(=O)c(OC(=O)c3ccccc3C)co2)n1";"IC50";"'>'";"79000.0";"nM";"";"";"";"UO_0000065";"";"";"";"";"0";"CHEMBL2161529";"Inhibition of AT1 receptor";"B";"BAO_0000357";"single protein format";"None";"None";"None";"None";"None";"";"";"";"CHEMBL227";"Type-1 angiotensin II receptor";"Homo sapiens";"SINGLE PROTEIN";"CHEMBL2157975";"1";"Scientific Literature";"Bioorg Med Chem Lett";"2012";"None";"";"";"";"79.0"
"CHEMBL1599381";"";"None";"487.56";"0";"3.03";"39";"Cc1ccnc(SCc2cc(=O)c(OC(=O)c3ccc(S(=O)(=O)N4CCCC4)cc3)co2)n1";"IC50";"'>'";"79000.0";"nM";"";"";"";"UO_0000065";"";"";"";"";"0";"CHEMBL2161529";"Inhibition of AT1 receptor";"B";"BAO_0000357";"single protein format";"None";"None";"None";"None";"None";"";"";"";"CHEMBL227";"Type-1 angiotensin II receptor";"Homo sapiens";"SINGLE PROTEIN";"CHEMBL2157975";"1";"Scientific Literature";"Bioorg Med Chem Lett";"2012";"None";"";"";"";"79.0"
"CHEMBL2158279";"";"None";"384.41";"0";"3.26";"37";"COc1ccc(C(=O)Oc2coc(CSc3nccc(C)n3)cc2=O)cc1";"IC50";"'>'";"79000.0";"nM";"";"";"";"UO_0000065";"";"";"";"";"0";"CHEMBL2161529";"Inhibition of AT1 receptor";"B";"BAO_0000357";"single protein format";"None";"None";"None";"None";"None";"";"";"";"CHEMBL227";"Type-1 angiotensin II receptor";"Homo sapiens";"SINGLE PROTEIN";"CHEMBL2157975";"1";"Scientific Literature";"Bioorg Med Chem Lett";"2012";"None";"";"";"";"79.0"
"CHEMBL1947130";"";"None";"547.66";"2";"6.65";"6c";"CCCc1nc2c(C)cc(C(=O)NCc3cccc(OC)c3)cc2n1Cc1ccc(-c2ccccc2C(=O)O)cc1";"IC50";"'='";"326.0";"nM";"6.49";"";"";"UO_0000065";"11.84";"0.22";"-0.16";"6.94";"0";"CHEMBL1949356";"Displacement of [125I]Sar1 Ile8-Ang 2 from angiotensin 2 AT1 receptor after 180 mins by gamma counting";"B";"BAO_0000357";"single protein format";"None";"None";"None";"None";"None";"";"";"";"CHEMBL227";"Type-1 angiotensin II receptor";"Homo sapiens";"SINGLE PROTEIN";"CHEMBL1944634";"1";"Scientific Literature";"Eur J Med Chem";"2012";"None";"";"";"";"326.0"
"CHEMBL191";"LOSARTAN";"4.0";"422.92";"0";"4.27";"Losartan";"CCCCc1nc(Cl)c(CO)n1Cc1ccc(-c2ccccc2-c2nnn[nH]2)cc1";"IC50";"'='";"16.2";"nM";"7.79";"";"";"UO_0000065";"18.42";"0.35";"3.52";"8.42";"1";"CHEMBL1949356";"Displacement of [125I]Sar1 Ile8-Ang 2 from angiotensin 2 AT1 receptor after 180 mins by gamma counting";"B";"BAO_0000357";"single protein format";"None";"None";"None";"None";"None";"";"";"";"CHEMBL227";"Type-1 angiotensin II receptor";"Homo sapiens";"SINGLE PROTEIN";"CHEMBL1944634";"1";"Scientific Literature";"Eur J Med Chem";"2012";"None";"";"";"";"16.2"
"CHEMBL2158005";"";"None";"419.80";"0";"3.50";"21";"O=C(Oc1coc(CSc2ncccn2)cc1=O)c1cc([N+](=O)[O-])ccc1Cl";"IC50";"'='";"60100.0";"nM";"4.22";"";"";"UO_0000065";"10.06";"0.21";"0.72";"3.37";"0";"CHEMBL2161529";"Inhibition of AT1 receptor";"B";"BAO_0000357";"single protein format";"None";"None";"None";"None";"None";"";"";"";"CHEMBL227";"Type-1 angiotensin II receptor";"Homo sapiens";"SINGLE PROTEIN";"CHEMBL2157975";"1";"Scientific Literature";"Bioorg Med Chem Lett";"2012";"None";"";"";"";"60.1"
"CHEMBL2158261";"";"None";"396.47";"0";"4.24";"15";"CC(C)(C)c1ccc(C(=O)Oc2coc(CSc3ncccn3)cc2=O)cc1";"IC50";"'>'";"79000.0";"nM";"";"";"";"UO_0000065";"";"";"";"";"0";"CHEMBL2161529";"Inhibition of AT1 receptor";"B";"BAO_0000357";"single protein format";"None";"None";"None";"None";"None";"";"";"";"CHEMBL227";"Type-1 angiotensin II receptor";"Homo sapiens";"SINGLE PROTEIN";"CHEMBL2157975";"1";"Scientific Literature";"Bioorg Med Chem Lett";"2012";"None";"";"";"";"79.0"
"CHEMBL2158349";"";"None";"408.36";"0";"3.96";"8";"O=C(Oc1coc(CSc2ncccn2)cc1=O)c1ccc(C(F)(F)F)cc1";"IC50";"'>'";"79000.0";"nM";"";"";"";"UO_0000065";"";"";"";"";"0";"CHEMBL2161529";"Inhibition of AT1 receptor";"B";"BAO_0000357";"single protein format";"None";"None";"None";"None";"None";"";"";"";"CHEMBL227";"Type-1 angiotensin II receptor";"Homo sapiens";"SINGLE PROTEIN";"CHEMBL2157975";"1";"Scientific Literature";"Bioorg Med Chem Lett";"2012";"None";"";"";"";"79.0"
"CHEMBL321313";"";"None";"686.21";"2";"6.23";"4m";"CCCCc1nn(-c2cc(NC(C)=O)ccc2Cl)c(=O)n1Cc1ccc(-c2cc(CCC)ccc2S(=O)(=O)NC(=O)OCC)cc1F";"IC50";"'='";"15.0";"nM";"7.82";"";"";"UO_0000065";"11.40";"0.23";"1.59";"5.53";"0";"CHEMBL652865";"In vitro inhibitory concentration against AT1 receptor from human adrenal tissues.";"B";"BAO_0000357";"single protein format";"None";"None";"None";"None";"None";"";"";"";"CHEMBL227";"Type-1 angiotensin II receptor";"Homo sapiens";"SINGLE PROTEIN";"CHEMBL1128028";"1";"Scientific Literature";"Bioorg Med Chem Lett";"1994";"None";"";"";"";"15.0"
"CHEMBL122401";"";"None";"817.56";"2";"7.56";"32";"CCCCNC(=O)c1ccc(Br)c(-n2nc(CCC)n(Cc3ccc(-c4ccccc4S(=O)(=O)NC(=O)c4cc(Cl)ccc4Cl)cc3F)c2=O)c1";"IC50";"'='";"1.6";"nM";"8.80";"";"";"UO_0000065";"10.76";"0.24";"1.24";"6.66";"0";"CHEMBL650312";"In vitro inhibitory activity against angiotensin II receptor type 1, in human adrenal membrane preparations.";"B";"BAO_0000249";"cell membrane format";"None";"None";"None";"None";"None";"";"";"";"CHEMBL227";"Type-1 angiotensin II receptor";"Homo sapiens";"SINGLE PROTEIN";"CHEMBL1128554";"1";"Scientific Literature";"J Med Chem";"1995";"None";"";"";"";"1.6"
"CHEMBL125280";"";"None";"741.74";"2";"6.86";"21";"CCCCc1nn(-c2cc(NC(=O)CC)ccc2C(F)(F)F)c(=O)n1Cc1ccc(-c2ccccc2S(=O)(=O)NC(=O)c2ccccc2F)cc1F";"IC50";"'='";"0.36";"nM";"9.44";"";"";"UO_0000065";"12.73";"0.25";"2.58";"7.15";"0";"CHEMBL650312";"In vitro inhibitory activity against angiotensin II receptor type 1, in human adrenal membrane preparations.";"B";"BAO_0000249";"cell membrane format";"None";"None";"None";"None";"None";"";"";"";"CHEMBL227";"Type-1 angiotensin II receptor";"Homo sapiens";"SINGLE PROTEIN";"CHEMBL1128554";"1";"Scientific Literature";"J Med Chem";"1995";"None";"";"";"";"0.36"
"CHEMBL3736433";"";"None";"260.15";"None";"None";"2";"CB1C=Cc2cccc(OCC(O)CN(C)C)c2N1";"IC50";"'>'";"5011.87";"nM";"";"";"";"UO_0000065";"";"";"";"";"0";"CHEMBL3738642";"Antagonist activity at human wild-type AGTR1 receptor expressed in CHO-K1 cells assessed as angiotensin-2-induced calcium by FDSS assay";"F";"BAO_0000219";"cell-based format";"Homo sapiens";"None";"None";"CHO-K1";"None";"";"";"";"CHEMBL227";"Type-1 angiotensin II receptor";"Homo sapiens";"SINGLE PROTEIN";"CHEMBL3734721";"1";"Scientific Literature";"J Med Chem";"2015";"CHEMBL3307512";"";"";"";"5.3"
"CHEMBL1801743";"";"None";"511.63";"2";"6.28";"2o";"CCc1nc2c(C)cc(Cc3ccccc3)nc2n1[C@H]1CCc2cc(-c3ccccc3-c3nnn[nH]3)ccc21";"IC50";"'='";"5.2";"nM";"8.28";"";"";"UO_0000065";"16.19";"0.29";"2.00";"9.73";"0";"CHEMBL1803889";"Displacement of [125I]Tyr4-Sar1,Ile8-Angiotensin II from human Angiotensin 1 receptor after 60 mins by scintillation counting";"B";"BAO_0000357";"single protein format";"Homo sapiens";"None";"None";"None";"None";"";"";"";"CHEMBL227";"Type-1 angiotensin II receptor";"Homo sapiens";"SINGLE PROTEIN";"CHEMBL1800018";"1";"Scientific Literature";"J Med Chem";"2011";"None";"";"";"";"5.2"
"CHEMBL419073";"";"None";"772.97";"2";"7.81";"64";"CCCc1nc(CC)c(C(=O)NCc2ccccc2[S+]([O-])c2ccccc2)n1Cc1ccc(-c2ccccc2S(=O)(=O)NC(=O)OCCC(C)C)cc1F";"IC50";"'='";"0.6";"nM";"9.22";"";"";"UO_0000065";"11.93";"0.23";"1.41";"6.47";"0";"CHEMBL648492";"Binding affinity for Angiotensin II receptor, type 1";"B";"BAO_0000357";"single protein format";"None";"None";"None";"None";"None";"";"";"";"CHEMBL227";"Type-1 angiotensin II receptor";"Homo sapiens";"SINGLE PROTEIN";"CHEMBL1150518";"1";"Scientific Literature";"Bioorg Med Chem Lett";"1994";"None";"";"";"";"0.6"
"CHEMBL311484";"";"None";"645.69";"2";"5.21";"15";"CCNC(=O)Nc1ccc2nc(CC)n(Cc3ccc(-c4ccccc4S(=O)(=O)NC(=O)c4ccccc4F)cc3F)c(=O)c2c1";"IC50";"'='";"59.0";"nM";"7.23";"";"";"UO_0000065";"11.20";"0.21";"2.02";"5.19";"0";"CHEMBL875934";"In vivo inhibitory concentration against Angiotensin II receptor, type 1 of human adrenal membrane";"B";"BAO_0000218";"organism-based format";"None";"None";"None";"None";"None";"";"";"";"CHEMBL227";"Type-1 angiotensin II receptor";"Homo sapiens";"SINGLE PROTEIN";"CHEMBL1150477";"1";"Scientific Literature";"Bioorg Med Chem Lett";"1994";"None";"";"";"";"59.0"
"CHEMBL334300";"";"None";"668.22";"2";"6.31";"5a";"CCCCc1nn(-c2cc(NC(=O)CC)ccc2Cl)c(=O)n1Cc1ccc(-c2ccccc2S(=O)(=O)NC(=O)OC(C)(C)C)cc1";"IC50";"'='";"0.28";"nM";"9.55";"";"";"UO_0000065";"14.30";"0.28";"3.24";"6.76";"0";"CHEMBL650312";"In vitro inhibitory activity against angiotensin II receptor type 1, in human adrenal membrane preparations.";"B";"BAO_0000249";"cell membrane format";"None";"None";"None";"None";"None";"";"";"";"CHEMBL227";"Type-1 angiotensin II receptor";"Homo sapiens";"SINGLE PROTEIN";"CHEMBL1128554";"1";"Scientific Literature";"J Med Chem";"1995";"None";"";"";"";"0.28"
"CHEMBL339040";"";"None";"700.23";"2";"6.24";"13";"CCCCc1nn(-c2cc(C(=O)NCCC)ccc2Cl)c(=O)n1Cc1ccc(-c2ccccc2S(=O)(=O)NC(=O)OC(C)(C)C)cc1F";"IC50";"'='";"0.64";"nM";"9.19";"";"";"UO_0000065";"13.13";"0.26";"2.95";"6.50";"0";"CHEMBL650312";"In vitro inhibitory activity against angiotensin II receptor type 1, in human adrenal membrane preparations.";"B";"BAO_0000249";"cell membrane format";"None";"None";"None";"None";"None";"";"";"";"CHEMBL227";"Type-1 angiotensin II receptor";"Homo sapiens";"SINGLE PROTEIN";"CHEMBL1128554";"1";"Scientific Literature";"J Med Chem";"1995";"None";"";"";"";"0.64"
"CHEMBL3735940";"";"None";"573.73";"2";"6.50";"16R";"CSc1nc2c(C)cc(C(=O)NC[C@H](C)c3ccccc3)cc2n1Cc1ccc(-c2ccccc2-c2nnn[nH]2)cc1";"IC50";"'='";"671.4";"nM";"6.17";"";"";"UO_0000065";"10.76";"0.20";"-0.33";"6.09";"0";"CHEMBL3736606";"Displacement of [125I]Sar1Ile8-Ang2 from human AT1 receptor expressed in CHO-K1 cell membranes after 180 mins";"B";"BAO_0000219";"cell-based format";"Homo sapiens";"None";"None";"CHO-K1";"None";"";"";"";"CHEMBL227";"Type-1 angiotensin II receptor";"Homo sapiens";"SINGLE PROTEIN";"CHEMBL3734751";"1";"Scientific Literature";"Eur J Med Chem";"2015";"CHEMBL3307512";"";"";"";"671.4"
"CHEMBL2435818";"";"None";"531.66";"2";"6.68";"I";"CCCc1nc2c(C)cc(C(=O)NCCc3ccccc3)cc2n1Cc1ccc(-c2ccccc2C(=O)O)cc1";"IC50";"'='";"23.1";"nM";"7.64";"";"";"UO_0000065";"14.36";"0.26";"0.96";"9.07";"0";"CHEMBL3736606";"Displacement of [125I]Sar1Ile8-Ang2 from human AT1 receptor expressed in CHO-K1 cell membranes after 180 mins";"B";"BAO_0000219";"cell-based format";"Homo sapiens";"None";"None";"CHO-K1";"None";"";"";"";"CHEMBL227";"Type-1 angiotensin II receptor";"Homo sapiens";"SINGLE PROTEIN";"CHEMBL3734751";"1";"Scientific Literature";"Eur J Med Chem";"2015";"CHEMBL3307512";"";"";"";"23.1"
"CHEMBL4284403";"";"None";"591.74";"2";"5.84";"15";"CCCCc1nc(C)c(CC(=S)N2Cc3ccccc3C2)c(=O)n1Cc1ccc(-c2ccccc2-c2noc(=O)[nH]2)cc1";"IC50";"'='";"32.0";"nM";"7.50";"";"";"UO_0000065";"";"";"";"";"0";"CHEMBL4267128";"Antagonist activity at type-1 angiotensin 2 receptor (unknown origin) by calcium mobilizing assay";"F";"BAO_0000019";"assay format";"Homo sapiens";"None";"None";"None";"None";"";"";"";"CHEMBL227";"Type-1 angiotensin II receptor";"Homo sapiens";"SINGLE PROTEIN";"CHEMBL4265900";"1";"Scientific Literature";"Bioorg Med Chem Lett";"2018";"None";"";"";"";"32.0"
"CHEMBL4287379";"";"None";"545.71";"2";"5.16";"8";"CCCCc1nc(C)c(CC(=S)N(CC)CC)c(=O)n1Cc1ccc(-c2ccccc2-c2noc(=O)[nH]2)cc1";"IC50";"'='";"2.0";"nM";"8.70";"";"";"UO_0000065";"";"";"";"";"0";"CHEMBL4267128";"Antagonist activity at type-1 angiotensin 2 receptor (unknown origin) by calcium mobilizing assay";"F";"BAO_0000019";"assay format";"Homo sapiens";"None";"None";"None";"None";"";"";"";"CHEMBL227";"Type-1 angiotensin II receptor";"Homo sapiens";"SINGLE PROTEIN";"CHEMBL4265900";"1";"Scientific Literature";"Bioorg Med Chem Lett";"2018";"None";"";"";"";"2.0"
"CHEMBL4286369";"";"None";"477.63";"0";"4.74";"2";"CCCCc1nc(C)c(CC(=S)N(C)C)c(=O)n1Cc1ccc(-c2ccccc2C(=O)O)cc1";"IC50";"";"";"";"";"";"Not Determined";"";"";"";"";"";"0";"CHEMBL4267128";"Antagonist activity at type-1 angiotensin 2 receptor (unknown origin) by calcium mobilizing assay";"F";"BAO_0000019";"assay format";"Homo sapiens";"None";"None";"None";"None";"";"";"";"CHEMBL227";"Type-1 angiotensin II receptor";"Homo sapiens";"SINGLE PROTEIN";"CHEMBL4265900";"1";"Scientific Literature";"Bioorg Med Chem Lett";"2018";"None";"";"";"";""
"CHEMBL2435834";"";"None";"517.63";"2";"7.27";"6e";"CCCc1nc2c(C)cc(C(=O)Nc3ccc(C)cc3)cc2n1Cc1ccc(-c2ccccc2C(=O)O)cc1";"IC50";"'='";"39.0";"nM";"7.41";"";"";"UO_0000065";"14.31";"0.26";"0.14";"8.80";"0";"CHEMBL2439561";"Displacement of [125I]-Sar1Ile8-angiotensin 2 from angiotensin 2 AT1 receptor (unknown origin) after 180 mins by gamma counting analysis";"B";"BAO_0000357";"single protein format";"Homo sapiens";"None";"None";"None";"None";"";"";"";"CHEMBL227";"Type-1 angiotensin II receptor";"Homo sapiens";"SINGLE PROTEIN";"CHEMBL2434924";"1";"Scientific Literature";"Eur J Med Chem";"2013";"None";"";"";"";"39.0"
"CHEMBL2435831";"";"None";"483.61";"1";"6.24";"6b";"CCCCNC(=O)c1cc(C)c2nc(CCC)n(Cc3ccc(-c4ccccc4C(=O)O)cc3)c2c1";"IC50";"'='";"13.0";"nM";"7.89";"";"";"UO_0000065";"16.31";"0.30";"1.65";"9.36";"0";"CHEMBL2439561";"Displacement of [125I]-Sar1Ile8-angiotensin 2 from angiotensin 2 AT1 receptor (unknown origin) after 180 mins by gamma counting analysis";"B";"BAO_0000357";"single protein format";"Homo sapiens";"None";"None";"None";"None";"";"";"";"CHEMBL227";"Type-1 angiotensin II receptor";"Homo sapiens";"SINGLE PROTEIN";"CHEMBL2434924";"1";"Scientific Literature";"Eur J Med Chem";"2013";"None";"";"";"";"13.0"
"CHEMBL2435825";"";"None";"503.60";"2";"6.96";"11d";"CCCc1nc2c(C)cc(NC(=O)c3ccccc3)cc2n1Cc1ccc(-c2ccccc2C(=O)O)cc1";"IC50";"'='";"3.9";"nM";"8.41";"";"";"UO_0000065";"16.70";"0.30";"1.45";"9.98";"0";"CHEMBL2439561";"Displacement of [125I]-Sar1Ile8-angiotensin 2 from angiotensin 2 AT1 receptor (unknown origin) after 180 mins by gamma counting analysis";"B";"BAO_0000357";"single protein format";"Homo sapiens";"None";"None";"None";"None";"";"";"";"CHEMBL227";"Type-1 angiotensin II receptor";"Homo sapiens";"SINGLE PROTEIN";"CHEMBL2434924";"1";"Scientific Literature";"Eur J Med Chem";"2013";"None";"";"";"";"3.9"
"CHEMBL307191";"";"None";"441.45";"0";"1.67";"5";"O=c1ccc2c(CO)nc(CO)nc2n1Cc1ccc(-c2ccccc2-c2nn[nH]n2)cc1";"IC50";"'='";"44.0";"nM";"7.36";"";"";"UO_0000065";"16.66";"0.30";"5.69";"5.16";"0";"CHEMBL649492";"Compound was tested in vitro for inhibitory activity against human Angiotensin II receptor in cultured preadipocytes";"B";"BAO_0000219";"cell-based format";"None";"None";"None";"None";"None";"";"";"";"CHEMBL227";"Type-1 angiotensin II receptor";"Homo sapiens";"SINGLE PROTEIN";"CHEMBL1135844";"1";"Scientific Literature";"Bioorg Med Chem Lett";"2002";"None";"";"";"";"44.0"
"CHEMBL122380";"";"None";"770.63";"2";"6.74";"47";"CCCCC(=O)Nc1ccc(Br)c(-n2nc(CC)n(Cc3ccc(-c4ccccc4S(=O)(=O)NC(=O)c4cc(F)ccc4F)cc3F)c2=O)c1";"IC50";"'='";"1.9";"nM";"8.72";"";"";"UO_0000065";"11.32";"0.24";"1.98";"6.60";"0";"CHEMBL650312";"In vitro inhibitory activity against angiotensin II receptor type 1, in human adrenal membrane preparations.";"B";"BAO_0000249";"cell membrane format";"None";"None";"None";"None";"None";"";"";"";"CHEMBL227";"Type-1 angiotensin II receptor";"Homo sapiens";"SINGLE PROTEIN";"CHEMBL1128554";"1";"Scientific Literature";"J Med Chem";"1995";"None";"";"";"";"1.9"
"CHEMBL4294618";"";"None";"557.72";"2";"5.31";"13";"CCCCc1nc(C)c(CC(=S)N2CCCCC2)c(=O)n1Cc1ccc(-c2ccccc2-c2noc(=O)[nH]2)cc1";"IC50";"'='";"38.0";"nM";"7.42";"";"";"UO_0000065";"";"";"";"";"0";"CHEMBL4267128";"Antagonist activity at type-1 angiotensin 2 receptor (unknown origin) by calcium mobilizing assay";"F";"BAO_0000019";"assay format";"Homo sapiens";"None";"None";"None";"None";"";"";"";"CHEMBL227";"Type-1 angiotensin II receptor";"Homo sapiens";"SINGLE PROTEIN";"CHEMBL4265900";"1";"Scientific Literature";"Bioorg Med Chem Lett";"2018";"None";"";"";"";"38.0"
"CHEMBL2058857";"";"None";"571.69";"2";"6.13";"6d";"CCCc1nc2c(C)cc(C(=O)NCc3ccc(OC)cc3)cc2n1Cc1ccc(-c2ccccc2-c2nnn[nH]2)cc1";"IC50";"'='";"118.5";"nM";"6.93";"";"";"UO_0000065";"12.12";"0.22";"0.80";"6.26";"0";"CHEMBL2061970";"Displacement of [125I]Sar1Ile8-Ang2 from angiotensin AT1 receptor after 180 mins by gamma counting";"B";"BAO_0000357";"single protein format";"Homo sapiens";"None";"None";"None";"None";"";"";"";"CHEMBL227";"Type-1 angiotensin II receptor";"Homo sapiens";"SINGLE PROTEIN";"CHEMBL2057074";"1";"Scientific Literature";"Bioorg Med Chem";"2012";"None";"";"";"";"118.5"
"CHEMBL2058858";"";"None";"601.71";"2";"6.14";"6e";"CCCc1nc2c(C)cc(C(=O)NCc3ccc(OC)c(OC)c3)cc2n1Cc1ccc(-c2ccccc2-c2nnn[nH]2)cc1";"IC50";"'='";"96.8";"nM";"7.01";"";"";"UO_0000065";"11.66";"0.21";"0.87";"5.85";"0";"CHEMBL2061970";"Displacement of [125I]Sar1Ile8-Ang2 from angiotensin AT1 receptor after 180 mins by gamma counting";"B";"BAO_0000357";"single protein format";"Homo sapiens";"None";"None";"None";"None";"";"";"";"CHEMBL227";"Type-1 angiotensin II receptor";"Homo sapiens";"SINGLE PROTEIN";"CHEMBL2057074";"1";"Scientific Literature";"Bioorg Med Chem";"2012";"None";"";"";"";"96.8"
"CHEMBL2058861";"";"None";"585.71";"2";"6.17";"6h";"CCCc1nc2c(C)cc(C(=O)NCCc3cccc(OC)c3)cc2n1Cc1ccc(-c2ccccc2-c2nnn[nH]2)cc1";"IC50";"'='";"2.6";"nM";"8.59";"";"";"UO_0000065";"14.66";"0.27";"2.42";"7.76";"0";"CHEMBL2061970";"Displacement of [125I]Sar1Ile8-Ang2 from angiotensin AT1 receptor after 180 mins by gamma counting";"B";"BAO_0000357";"single protein format";"Homo sapiens";"None";"None";"None";"None";"";"";"";"CHEMBL227";"Type-1 angiotensin II receptor";"Homo sapiens";"SINGLE PROTEIN";"CHEMBL2057074";"1";"Scientific Literature";"Bioorg Med Chem";"2012";"None";"";"";"";"2.6"
"CHEMBL2058866";"";"None";"573.68";"2";"6.30";"6m";"CCCc1nc2c(C)cc(C(=O)NCCc3ccc(F)cc3)cc2n1Cc1ccc(-c2ccccc2-c2nnn[nH]2)cc1";"IC50";"'='";"209.0";"nM";"6.68";"";"";"UO_0000065";"11.64";"0.21";"0.38";"6.59";"0";"CHEMBL2061970";"Displacement of [125I]Sar1Ile8-Ang2 from angiotensin AT1 receptor after 180 mins by gamma counting";"B";"BAO_0000357";"single protein format";"Homo sapiens";"None";"None";"None";"None";"";"";"";"CHEMBL227";"Type-1 angiotensin II receptor";"Homo sapiens";"SINGLE PROTEIN";"CHEMBL2057074";"1";"Scientific Literature";"Bioorg Med Chem";"2012";"None";"";"";"";"209.0"
"CHEMBL191";"LOSARTAN";"4.0";"422.92";"0";"4.27";"LOSARTAN";"CCCCc1nc(Cl)c(CO)n1Cc1ccc(-c2ccccc2-c2nnn[nH]2)cc1";"IC50";"'='";"0.33";"nM";"9.48";"";"";"UO_0000065";"22.42";"0.43";"5.21";"10.25";"0";"CHEMBL2061975";"Inhibition of angiotensin AT1 receptor";"B";"BAO_0000357";"single protein format";"Homo sapiens";"None";"None";"None";"None";"";"";"";"CHEMBL227";"Type-1 angiotensin II receptor";"Homo sapiens";"SINGLE PROTEIN";"CHEMBL2057074";"1";"Scientific Literature";"Bioorg Med Chem";"2012";"None";"";"";"";"0.33"
"CHEMBL430997";"";"None";"547.67";"1";"4.26";"15";"CCCc1nc(CN2CCN(c3ccccn3)CC2)c(C=O)n1Cc1ccc(-c2ccccc2-c2nn[nH]n2)cc1";"IC50";"'='";"2.0";"nM";"8.70";"";"";"UO_0000065";"15.88";"0.29";"4.44";"8.00";"0";"CHEMBL647574";"In vitro binding affinity of compound against Angiotensin II receptor, type 1";"B";"BAO_0000357";"single protein format";"None";"None";"None";"None";"None";"";"";"";"CHEMBL227";"Type-1 angiotensin II receptor";"Homo sapiens";"SINGLE PROTEIN";"CHEMBL1127975";"1";"Scientific Literature";"Bioorg Med Chem Lett";"1994";"None";"";"";"";"2.0"
"CHEMBL1513";"IRBESARTAN";"4.0";"428.54";"0";"4.78";"EUB0000834a";"CCCCC1=NC2(CCCC2)C(=O)N1Cc1ccc(-c2ccccc2-c2nnn[nH]2)cc1";"IC50";"'='";"2.999";"nM";"8.52";"";"";"UO_0000065";"";"";"";"";"0";"CHEMBL5442690";"GPCR PRESTO-Tango dose-response in antagonist mode with target: AGTR1";"F";"BAO_0000219";"cell-based format";"Homo sapiens";"None";"None";"HTLA";"None";"";"";"";"CHEMBL227";"Type-1 angiotensin II receptor";"Homo sapiens";"SINGLE PROTEIN";"CHEMBL5442687";"55";"EUbOPEN Chemogenomic Library";"";"2024";"CHEMBL5446261";"";"ANTAGONIST";"";"0.00299866"
"CHEMBL283495";"";"None";"604.67";"2";"5.54";"34";"Cn1nnnc1-c1ccccc1-c1ccc(Cn2cnc3ccc(N(Cc4cccnc4)C(=O)c4ccccc4)cc3c2=O)cc1";"IC50";"'='";"0.9";"nM";"9.05";"";"";"UO_0000065";"14.96";"0.27";"3.51";"8.10";"0";"CHEMBL652866";"Binding affinity against AT1 receptor in human adrenal tissue";"B";"BAO_0000221";"tissue-based format";"Homo sapiens";"CHEMBL3638272";"Adrenal tissue";"None";"None";"";"";"";"CHEMBL227";"Type-1 angiotensin II receptor";"Homo sapiens";"SINGLE PROTEIN";"CHEMBL1128754";"1";"Scientific Literature";"Bioorg Med Chem Lett";"1995";"None";"";"";"";"0.9"
"CHEMBL71069";"";"None";"722.86";"2";"7.16";"17a";"CCCc1nc(CN(Cc2ccccc2)C(=O)c2ccccc2)c(C(=O)O)n1Cc1ccc(-c2ccccc2S(=O)(=O)NC(=O)OCC(C)C)cc1";"IC50";"'='";"8.0";"nM";"8.10";"";"";"UO_0000065";"11.20";"0.21";"0.94";"5.47";"0";"CHEMBL647574";"In vitro binding affinity of compound against Angiotensin II receptor, type 1";"B";"BAO_0000357";"single protein format";"None";"None";"None";"None";"None";"";"";"";"CHEMBL227";"Type-1 angiotensin II receptor";"Homo sapiens";"SINGLE PROTEIN";"CHEMBL1127975";"1";"Scientific Literature";"Bioorg Med Chem Lett";"1994";"None";"";"";"";"8.0"
"CHEMBL70796";"";"None";"561.69";"2";"5.81";"12f";"CCCc1nc(CN2CCC(c3ccccc3)CC2)c(C(=O)O)n1Cc1ccc(-c2ccccc2-c2nn[nH]n2)cc1";"IC50";"'='";"2.0";"nM";"8.70";"";"";"UO_0000065";"15.49";"0.28";"2.89";"7.71";"0";"CHEMBL647574";"In vitro binding affinity of compound against Angiotensin II receptor, type 1";"B";"BAO_0000357";"single protein format";"None";"None";"None";"None";"None";"";"";"";"CHEMBL227";"Type-1 angiotensin II receptor";"Homo sapiens";"SINGLE PROTEIN";"CHEMBL1127975";"1";"Scientific Literature";"Bioorg Med Chem Lett";"1994";"None";"";"";"";"2.0"
"CHEMBL307756";"";"None";"562.68";"1";"4.75";"12h (XH669)";"CCCc1nc(CN2CCN(c3ccccc3)CC2)c(C(=O)O)n1Cc1ccc(-c2ccccc2-c2nn[nH]n2)cc1";"IC50";"'='";"5.0";"nM";"8.30";"";"";"UO_0000065";"14.75";"0.27";"3.55";"7.15";"0";"CHEMBL647574";"In vitro binding affinity of compound against Angiotensin II receptor, type 1";"B";"BAO_0000357";"single protein format";"None";"None";"None";"None";"None";"";"";"";"CHEMBL227";"Type-1 angiotensin II receptor";"Homo sapiens";"SINGLE PROTEIN";"CHEMBL1127975";"1";"Scientific Literature";"Bioorg Med Chem Lett";"1994";"None";"";"";"";"5.0"
"CHEMBL259843";"";"None";"693.80";"2";"5.53";"4";"CCCc1nc2ccc(NC(=O)N3CCOCC3)cc2c(=O)n1Cc1ccc(-c2ccccc2S(=O)(=O)NC(=O)OCCC(C)C)cc1F";"IC50";"'='";"0.71";"nM";"9.15";"";"";"UO_0000065";"13.19";"0.25";"3.62";"6.14";"0";"CHEMBL875934";"In vivo inhibitory concentration against Angiotensin II receptor, type 1 of human adrenal membrane";"B";"BAO_0000218";"organism-based format";"None";"None";"None";"None";"None";"";"";"";"CHEMBL227";"Type-1 angiotensin II receptor";"Homo sapiens";"SINGLE PROTEIN";"CHEMBL1150477";"1";"Scientific Literature";"Bioorg Med Chem Lett";"1994";"None";"";"";"";"0.71"
"CHEMBL2158335";"";"None";"404.47";"0";"3.11";"64";"Cc1cc(C)nc(SCc2cc(=O)c(OS(=O)(=O)c3ccccc3)co2)n1";"IC50";"'>'";"79000.0";"nM";"";"";"";"UO_0000065";"";"";"";"";"0";"CHEMBL2161529";"Inhibition of AT1 receptor";"B";"BAO_0000357";"single protein format";"None";"None";"None";"None";"None";"";"";"";"CHEMBL227";"Type-1 angiotensin II receptor";"Homo sapiens";"SINGLE PROTEIN";"CHEMBL2157975";"1";"Scientific Literature";"Bioorg Med Chem Lett";"2012";"None";"";"";"";"79.0"
"CHEMBL2158327";"";"None";"452.27";"1";"5.37";"56";"O=C(Oc1coc(CSc2ccc(Cl)cc2)cc1=O)c1ccc(Cl)c([N+](=O)[O-])c1";"IC50";"'>'";"79000.0";"nM";"";"";"";"UO_0000065";"";"";"";"";"0";"CHEMBL2161529";"Inhibition of AT1 receptor";"B";"BAO_0000357";"single protein format";"None";"None";"None";"None";"None";"";"";"";"CHEMBL227";"Type-1 angiotensin II receptor";"Homo sapiens";"SINGLE PROTEIN";"CHEMBL2157975";"1";"Scientific Literature";"Bioorg Med Chem Lett";"2012";"None";"";"";"";"79.0"
"CHEMBL74347";"";"None";"457.45";"0";"1.99";"T6";"O=C(O)c1nc(CO)nc2c1CCC(=O)N2Cc1ccc(-c2ccccc2-c2nn[nH]n2)cc1";"IC50";"'='";"44.0";"nM";"7.36";"";"";"UO_0000065";"16.08";"0.30";"5.37";"4.65";"0";"CHEMBL650308";"Compound was tested for inhibition against Angiotensin II receptor, type 1";"B";"BAO_0000357";"single protein format";"None";"None";"None";"None";"None";"";"";"";"CHEMBL227";"Type-1 angiotensin II receptor";"Homo sapiens";"SINGLE PROTEIN";"CHEMBL1145001";"1";"Scientific Literature";"J Med Chem";"2003";"None";"";"";"";"44.0"
"CHEMBL73780";"";"None";"626.72";"2";"6.66";"10g";"CCCc1nc(CN(Cc2ccccc2)C(=O)Nc2ccccc2)c(C(=O)O)n1Cc1ccc(-c2ccccc2-c2nn[nH]n2)cc1";"IC50";"'='";"2.0";"nM";"8.70";"";"";"UO_0000065";"13.88";"0.25";"2.04";"6.13";"0";"CHEMBL647574";"In vitro binding affinity of compound against Angiotensin II receptor, type 1";"B";"BAO_0000357";"single protein format";"None";"None";"None";"None";"None";"";"";"";"CHEMBL227";"Type-1 angiotensin II receptor";"Homo sapiens";"SINGLE PROTEIN";"CHEMBL1127975";"1";"Scientific Literature";"Bioorg Med Chem Lett";"1994";"None";"";"";"";"2.0"
"CHEMBL813";"EPROSARTAN";"4.0";"424.52";"0";"4.74";"1";"CCCCc1ncc(/C=C(\Cc2cccs2)C(=O)O)n1Cc1ccc(C(=O)O)cc1";"IC50";"'='";"2.0";"nM";"8.70";"";"";"UO_0000065";"20.49";"0.40";"3.96";"9.41";"0";"CHEMBL648562";"Tested for Angiotensin II receptor, type 1 affinity in the absence of bovine serum albumin (BSA)";"B";"BAO_0000357";"single protein format";"None";"None";"None";"None";"None";"";"";"";"CHEMBL227";"Type-1 angiotensin II receptor";"Homo sapiens";"SINGLE PROTEIN";"CHEMBL1152092";"1";"Scientific Literature";"Bioorg Med Chem Lett";"1994";"None";"";"";"";"2.0"
"CHEMBL305239";"";"None";"695.87";"2";"8.09";"10";"CCCCN(Cc1ccccc1)C(=O)c1ccc(COC(=O)c2c(CC)nc(CCC)n2Cc2ccc(-c3ccccc3-c3nn[nH]n3)cc2)cc1";"IC50";"'='";"8.0";"nM";"8.10";"";"";"UO_0000065";"11.64";"0.21";"0.01";"6.81";"0";"CHEMBL648492";"Binding affinity for Angiotensin II receptor, type 1";"B";"BAO_0000357";"single protein format";"None";"None";"None";"None";"None";"";"";"";"CHEMBL227";"Type-1 angiotensin II receptor";"Homo sapiens";"SINGLE PROTEIN";"CHEMBL1150518";"1";"Scientific Literature";"Bioorg Med Chem Lett";"1994";"None";"";"";"";"8.0"
"CHEMBL97533";"";"None";"474.58";"1";"5.90";"9";"CCCCc1ncc(/C=C(\Cc2cccs2)C(=O)O)n1Cc1ccc(C(=O)O)c2ccccc12";"IC50";"'='";"31.0";"nM";"7.51";"";"";"UO_0000065";"15.82";"0.30";"1.61";"8.12";"0";"CHEMBL648563";"Tested for Angiotensin II receptor, type 1 affinity in the presence of 0.25% BSA";"B";"BAO_0000357";"single protein format";"None";"None";"None";"None";"None";"";"";"";"CHEMBL227";"Type-1 angiotensin II receptor";"Homo sapiens";"SINGLE PROTEIN";"CHEMBL1152092";"1";"Scientific Literature";"Bioorg Med Chem Lett";"1994";"None";"";"";"";"31.0"
"CHEMBL304137";"";"None";"563.71";"2";"6.23";"11b";"CCCCN(Cc1ccccc1)Cc1nc(CCC)n(Cc2ccc(-c3ccccc3-c3nn[nH]n3)cc2)c1C(=O)O";"IC50";"'='";"3.0";"nM";"8.52";"";"";"UO_0000065";"15.12";"0.28";"2.29";"7.55";"0";"CHEMBL647574";"In vitro binding affinity of compound against Angiotensin II receptor, type 1";"B";"BAO_0000357";"single protein format";"None";"None";"None";"None";"None";"";"";"";"CHEMBL227";"Type-1 angiotensin II receptor";"Homo sapiens";"SINGLE PROTEIN";"CHEMBL1127975";"1";"Scientific Literature";"Bioorg Med Chem Lett";"1994";"None";"";"";"";"3.0"
"CHEMBL71220";"";"None";"753.89";"2";"8.30";"24";"CCCc1nc(CC)c(C(=O)OCc2cccc(C(=O)c3ccccc3)c2)n1Cc1ccc(-c2ccccc2S(=O)(=O)NC(=O)OCCC(C)C)cc1F";"IC50";"'='";"0.6";"nM";"9.22";"";"";"UO_0000065";"12.23";"0.23";"0.92";"6.90";"0";"CHEMBL648492";"Binding affinity for Angiotensin II receptor, type 1";"B";"BAO_0000357";"single protein format";"None";"None";"None";"None";"None";"";"";"";"CHEMBL227";"Type-1 angiotensin II receptor";"Homo sapiens";"SINGLE PROTEIN";"CHEMBL1150518";"1";"Scientific Literature";"Bioorg Med Chem Lett";"1994";"None";"";"";"";"0.6"
"CHEMBL306922";"";"None";"607.72";"2";"6.37";"10c";"CCCc1nc(CN(Cc2ccccc2)C(=O)OC(C)(C)C)c(C(=O)O)n1Cc1ccc(-c2ccccc2-c2nn[nH]n2)cc1";"IC50";"'='";"9.0";"nM";"8.05";"";"";"UO_0000065";"13.24";"0.24";"1.68";"5.78";"0";"CHEMBL647574";"In vitro binding affinity of compound against Angiotensin II receptor, type 1";"B";"BAO_0000357";"single protein format";"None";"None";"None";"None";"None";"";"";"";"CHEMBL227";"Type-1 angiotensin II receptor";"Homo sapiens";"SINGLE PROTEIN";"CHEMBL1127975";"1";"Scientific Literature";"Bioorg Med Chem Lett";"1994";"None";"";"";"";"9.0"
"CHEMBL71172";"";"None";"739.87";"2";"8.06";"23";"CCCCOC(=O)NS(=O)(=O)c1ccccc1-c1ccc(Cn2c(CCC)nc(CC)c2C(=O)OCc2ccccc2C(=O)c2ccccc2)c(F)c1";"IC50";"'='";"0.2";"nM";"9.70";"";"";"UO_0000065";"13.11";"0.25";"1.64";"7.26";"0";"CHEMBL648492";"Binding affinity for Angiotensin II receptor, type 1";"B";"BAO_0000357";"single protein format";"None";"None";"None";"None";"None";"";"";"";"CHEMBL227";"Type-1 angiotensin II receptor";"Homo sapiens";"SINGLE PROTEIN";"CHEMBL1150518";"1";"Scientific Literature";"Bioorg Med Chem Lett";"1994";"None";"";"";"";"0.2"
"CHEMBL4291216";"";"None";"557.72";"2";"5.31";"11";"CCCCc1nc(C)c(CC(=S)N2CCCC2C)c(=O)n1Cc1ccc(-c2ccccc2-c2noc(=O)[nH]2)cc1";"IC50";"'='";"1.2";"nM";"8.92";"";"";"UO_0000065";"";"";"";"";"0";"CHEMBL4267128";"Antagonist activity at type-1 angiotensin 2 receptor (unknown origin) by calcium mobilizing assay";"F";"BAO_0000019";"assay format";"Homo sapiens";"None";"None";"None";"None";"";"";"";"CHEMBL227";"Type-1 angiotensin II receptor";"Homo sapiens";"SINGLE PROTEIN";"CHEMBL4265900";"1";"Scientific Literature";"Bioorg Med Chem Lett";"2018";"None";"";"";"";"1.2"
"CHEMBL4290793";"";"None";"545.71";"2";"5.16";"10";"CCCCc1nc(C)c(CC(=S)N(C)C(C)C)c(=O)n1Cc1ccc(-c2ccccc2-c2noc(=O)[nH]2)cc1";"IC50";"";"";"";"";"";"Not Determined";"";"";"";"";"";"0";"CHEMBL4267128";"Antagonist activity at type-1 angiotensin 2 receptor (unknown origin) by calcium mobilizing assay";"F";"BAO_0000019";"assay format";"Homo sapiens";"None";"None";"None";"None";"";"";"";"CHEMBL227";"Type-1 angiotensin II receptor";"Homo sapiens";"SINGLE PROTEIN";"CHEMBL4265900";"1";"Scientific Literature";"Bioorg Med Chem Lett";"2018";"None";"";"";"";""
"CHEMBL4279465";"";"None";"501.61";"1";"3.92";"7";"Cc1nc(C2CC2)n(Cc2ccc(-c3ccccc3-c3noc(=O)[nH]3)cc2)c(=O)c1CC(=S)N(C)C";"IC50";"";"";"";"";"";"Not Determined";"";"";"";"";"";"0";"CHEMBL4267128";"Antagonist activity at type-1 angiotensin 2 receptor (unknown origin) by calcium mobilizing assay";"F";"BAO_0000019";"assay format";"Homo sapiens";"None";"None";"None";"None";"";"";"";"CHEMBL227";"Type-1 angiotensin II receptor";"Homo sapiens";"SINGLE PROTEIN";"CHEMBL4265900";"1";"Scientific Literature";"Bioorg Med Chem Lett";"2018";"None";"";"";"";""
"CHEMBL74767";"";"None";"437.50";"0";"3.14";"V-M1";"CC(O)CCC(=O)N(c1ccc(-c2ccccc2-c2nn[nH]n2)cc1)[C@H](C(=O)O)C(C)C";"IC50";"'='";"0.47";"nM";"9.33";"";"";"UO_0000065";"21.32";"0.40";"6.19";"7.05";"0";"CHEMBL650308";"Compound was tested for inhibition against Angiotensin II receptor, type 1";"B";"BAO_0000357";"single protein format";"None";"None";"None";"None";"None";"";"";"";"CHEMBL227";"Type-1 angiotensin II receptor";"Homo sapiens";"SINGLE PROTEIN";"CHEMBL1145001";"1";"Scientific Literature";"J Med Chem";"2003";"None";"";"";"";"0.47"
"CHEMBL74476";"";"None";"661.82";"2";"6.54";"L-162393";"CCCCOC(=O)NS(=O)(=O)c1ccccc1-c1ccc(Cn2c(CCCC)nc3ccc(NC(=O)N(C)C(C)C)cc3c2=O)cc1";"IC50";"'='";"4.0";"nM";"8.40";"";"";"UO_0000065";"12.69";"0.24";"1.86";"6.01";"0";"CHEMBL650314";"In vivo inhibitory concentration against Angiotensin II receptor, type 1 of rat adrenal membrane";"B";"BAO_0000218";"organism-based format";"None";"None";"None";"None";"None";"";"";"";"CHEMBL227";"Type-1 angiotensin II receptor";"Homo sapiens";"SINGLE PROTEIN";"CHEMBL1150477";"1";"Scientific Literature";"Bioorg Med Chem Lett";"1994";"None";"";"";"";"4.0"
"CHEMBL76821";"";"None";"663.77";"2";"6.07";"12";"CCc1nc2ccc(NC(=O)N(C)C(C)C)cc2c(=O)n1Cc1ccc(-c2ccccc2S(=O)(=O)NC(=O)OCC=C(C)C)cc1F";"IC50";"'='";"14.7";"nM";"7.83";"";"";"UO_0000065";"11.80";"0.23";"1.76";"5.61";"0";"CHEMBL875934";"In vivo inhibitory concentration against Angiotensin II receptor, type 1 of human adrenal membrane";"B";"BAO_0000218";"organism-based format";"None";"None";"None";"None";"None";"";"";"";"CHEMBL227";"Type-1 angiotensin II receptor";"Homo sapiens";"SINGLE PROTEIN";"CHEMBL1150477";"1";"Scientific Literature";"Bioorg Med Chem Lett";"1994";"None";"";"";"";"14.7"
"CHEMBL307318";"";"None";"706.84";"2";"7.04";"54";"CCCCCOC(=O)NS(=O)(=O)c1ccccc1-c1ccc(Cn2c(CCC)nc(CC)c2C(=O)OCCC(=O)Nc2ccccc2)c(F)c1";"IC50";"'='";"0.1";"nM";"10.00";"";"";"UO_0000065";"14.15";"0.27";"2.96";"6.86";"0";"CHEMBL648492";"Binding affinity for Angiotensin II receptor, type 1";"B";"BAO_0000357";"single protein format";"None";"None";"None";"None";"None";"";"";"";"CHEMBL227";"Type-1 angiotensin II receptor";"Homo sapiens";"SINGLE PROTEIN";"CHEMBL1150518";"1";"Scientific Literature";"Bioorg Med Chem Lett";"1994";"None";"";"";"";"0.1"
"CHEMBL331042";"";"None";"480.61";"1";"5.18";"64";"CCCCc1ncc(/C=C2/C(=O)N(CCCC)C(=O)N2CCCC)n1Cc1ccc(C(=O)O)cc1";"IC50";"'='";"1.3";"nM";"8.89";"";"";"UO_0000065";"18.49";"0.35";"3.71";"9.28";"0";"CHEMBL3056799";"Antagonist activity at angiotensin 2 type-1 receptor (unknown origin)";"B";"BAO_0000357";"single protein format";"Homo sapiens";"None";"None";"None";"None";"";"";"";"CHEMBL227";"Type-1 angiotensin II receptor";"Homo sapiens";"SINGLE PROTEIN";"CHEMBL3045634";"1";"Scientific Literature";"Med Chem Res";"2010";"None";"";"";"";"1.3"
"CHEMBL122638";"";"None";"549.70";"2";"5.43";"12";"CCCCc1ncc(/C=C2/C(=O)N(CCCC)C(=O)N2Cc2csc(C)n2)n1Cc1ccc(C(=O)OC)cc1";"IC50";"'='";"1.9";"nM";"8.72";"";"";"UO_0000065";"15.87";"0.31";"3.29";"8.93";"0";"CHEMBL3056799";"Antagonist activity at angiotensin 2 type-1 receptor (unknown origin)";"B";"BAO_0000357";"single protein format";"Homo sapiens";"None";"None";"None";"None";"";"";"";"CHEMBL227";"Type-1 angiotensin II receptor";"Homo sapiens";"SINGLE PROTEIN";"CHEMBL3045634";"1";"Scientific Literature";"Med Chem Res";"2010";"None";"";"";"";"1.9"
"CHEMBL191";"LOSARTAN";"4.0";"422.92";"0";"4.27";"Losartan DuP-753";"CCCCc1nc(Cl)c(CO)n1Cc1ccc(-c2ccccc2-c2nnn[nH]2)cc1";"IC50";"'='";"8.0";"nM";"8.10";"";"";"UO_0000065";"19.15";"0.37";"3.83";"8.75";"0";"CHEMBL648566";"Tested for inhibition of Angiotensin II receptor, type 1 in the absence of bovine serum albumin (BSA)";"B";"BAO_0000357";"single protein format";"None";"None";"None";"None";"None";"";"";"";"CHEMBL227";"Type-1 angiotensin II receptor";"Homo sapiens";"SINGLE PROTEIN";"CHEMBL1127873";"1";"Scientific Literature";"Bioorg Med Chem Lett";"1994";"None";"";"";"";"0.008"
"CHEMBL4444760";"";"None";"557.76";"2";"6.82";"1";"CCCCC1=NC(C(C)C)=C(CC(=S)N2CCCC2)CN1Cc1ccc(-c2ccccc2-c2noc(=O)[nH]2)cc1";"IC50";"'='";"2.2";"nM";"8.66";"";"";"UO_0000065";"";"";"";"";"0";"CHEMBL4332101";"Antagonist activity at type-1 angiotensin 2 receptor (unknown origin) by calcium mobilizing assay";"F";"BAO_0000357";"single protein format";"Homo sapiens";"None";"None";"None";"None";"";"";"";"CHEMBL227";"Type-1 angiotensin II receptor";"Homo sapiens";"SINGLE PROTEIN";"CHEMBL4330101";"1";"Scientific Literature";"Bioorg Med Chem Lett";"2019";"None";"";"";"";"2.2"
"CHEMBL96314";"";"None";"729.20";"2";"7.97";"4g";"CCCCc1nn(-c2ccccc2C(F)(F)F)c(=O)n1Cc1ccc(-c2cc(CCC)ccc2S(=O)(=O)NC(=O)c2ccccc2Cl)cc1F";"IC50";"'='";"110.0";"nM";"6.96";"";"";"UO_0000065";"9.54";"0.19";"-1.01";"6.75";"0";"CHEMBL652865";"In vitro inhibitory concentration against AT1 receptor from human adrenal tissues.";"B";"BAO_0000357";"single protein format";"None";"None";"None";"None";"None";"";"";"";"CHEMBL227";"Type-1 angiotensin II receptor";"Homo sapiens";"SINGLE PROTEIN";"CHEMBL1128028";"1";"Scientific Literature";"Bioorg Med Chem Lett";"1994";"None";"";"";"";"110.0"
"CHEMBL282778";"";"None";"661.72";"2";"5.94";"38";"COC(=O)c1ccc(CN(C(=O)c2ccccc2)c2ccc3ncn(Cc4ccc(-c5ccccc5-c5nnnn5C)cc4)c(=O)c3c2)cc1";"IC50";"'='";"9.6";"nM";"8.02";"";"";"UO_0000065";"12.12";"0.22";"2.08";"6.41";"0";"CHEMBL652866";"Binding affinity against AT1 receptor in human adrenal tissue";"B";"BAO_0000221";"tissue-based format";"Homo sapiens";"CHEMBL3638272";"Adrenal tissue";"None";"None";"";"";"";"CHEMBL227";"Type-1 angiotensin II receptor";"Homo sapiens";"SINGLE PROTEIN";"CHEMBL1128754";"1";"Scientific Literature";"Bioorg Med Chem Lett";"1995";"None";"";"";"";"9.6"
"CHEMBL329650";"";"None";"554.65";"2";"5.61";"EUB0000789a";"C[C@@](Cc1c[nH]c2ccccc12)(NC(=O)Nc1ccc([N+](=O)[O-])cc1)C(=O)NCC1(c2ccccn2)CCCCC1";"IC50";"'='";"3697.15";"nM";"5.43";"";"";"UO_0000065";"";"";"";"";"0";"CHEMBL5442690";"GPCR PRESTO-Tango dose-response in antagonist mode with target: AGTR1";"F";"BAO_0000219";"cell-based format";"Homo sapiens";"None";"None";"HTLA";"None";"";"";"";"CHEMBL227";"Type-1 angiotensin II receptor";"Homo sapiens";"SINGLE PROTEIN";"CHEMBL5442687";"55";"EUbOPEN Chemogenomic Library";"";"2024";"CHEMBL5446261";"";"ANTAGONIST";"";"3.69715"
"CHEMBL3734949";"";"None";"571.69";"2";"5.66";"4S";"CCCc1nc2c(C)cc(C(=O)N[C@H](CO)c3ccccc3)cc2n1Cc1ccc(-c2ccccc2-c2nnn[nH]2)cc1";"IC50";"'='";"128.6";"nM";"6.89";"";"";"UO_0000065";"12.05";"0.22";"1.23";"5.67";"0";"CHEMBL3736606";"Displacement of [125I]Sar1Ile8-Ang2 from human AT1 receptor expressed in CHO-K1 cell membranes after 180 mins";"B";"BAO_0000219";"cell-based format";"Homo sapiens";"None";"None";"CHO-K1";"None";"";"";"";"CHEMBL227";"Type-1 angiotensin II receptor";"Homo sapiens";"SINGLE PROTEIN";"CHEMBL3734751";"1";"Scientific Literature";"Eur J Med Chem";"2015";"CHEMBL3307512";"";"";"";"128.6"
"CHEMBL331519";"";"None";"534.70";"2";"6.05";"27";"CCCCc1ncc(/C=C2/C(=O)N(CCCC)C(=O)N2CC2CCCCC2)n1Cc1ccc(C(=O)OC)cc1";"IC50";"'='";"3.3";"nM";"8.48";"";"";"UO_0000065";"15.86";"0.30";"2.43";"10.01";"0";"CHEMBL3056799";"Antagonist activity at angiotensin 2 type-1 receptor (unknown origin)";"B";"BAO_0000357";"single protein format";"Homo sapiens";"None";"None";"None";"None";"";"";"";"CHEMBL227";"Type-1 angiotensin II receptor";"Homo sapiens";"SINGLE PROTEIN";"CHEMBL3045634";"1";"Scientific Literature";"Med Chem Res";"2010";"None";"";"";"";"3.3"
"CHEMBL332323";"";"None";"528.65";"2";"5.67";"17";"CCCCc1ncc(/C=C2/C(=O)N(CCCC)C(=O)N2Cc2ccccc2)n1Cc1ccc(C(=O)OC)cc1";"IC50";"'='";"12.4";"nM";"7.91";"";"";"UO_0000065";"14.96";"0.28";"2.24";"9.33";"0";"CHEMBL3056799";"Antagonist activity at angiotensin 2 type-1 receptor (unknown origin)";"B";"BAO_0000357";"single protein format";"Homo sapiens";"None";"None";"None";"None";"";"";"";"CHEMBL227";"Type-1 angiotensin II receptor";"Homo sapiens";"SINGLE PROTEIN";"CHEMBL3045634";"1";"Scientific Literature";"Med Chem Res";"2010";"None";"";"";"";"12.4"
"CHEMBL2259779";"";"None";"506.65";"1";"4.95";"10";"CCCCc1ncc(/C=C2\C(=O)NC(=O)N2CCCC)n1Cc1ccc(C2(C(=O)OC)CCCC2)cc1";"IC50";"'='";"2.5";"nM";"8.60";"";"";"UO_0000065";"16.98";"0.32";"3.65";"9.20";"0";"CHEMBL3056799";"Antagonist activity at angiotensin 2 type-1 receptor (unknown origin)";"B";"BAO_0000357";"single protein format";"Homo sapiens";"None";"None";"None";"None";"";"";"";"CHEMBL227";"Type-1 angiotensin II receptor";"Homo sapiens";"SINGLE PROTEIN";"CHEMBL3045634";"1";"Scientific Literature";"Med Chem Res";"2010";"None";"";"";"";"2.5"
"CHEMBL125533";"";"None";"577.75";"2";"6.21";"58";"CCCCCCN1C(=O)/C(=C/c2cnc(CCCC)n2Cc2ccc(C(=O)OC)cc2)N(Cc2csc(C)n2)C1=O";"IC50";"'='";"5.3";"nM";"8.28";"";"";"UO_0000065";"14.32";"0.28";"2.07";"8.48";"0";"CHEMBL3056799";"Antagonist activity at angiotensin 2 type-1 receptor (unknown origin)";"B";"BAO_0000357";"single protein format";"Homo sapiens";"None";"None";"None";"None";"";"";"";"CHEMBL227";"Type-1 angiotensin II receptor";"Homo sapiens";"SINGLE PROTEIN";"CHEMBL3045634";"1";"Scientific Literature";"Med Chem Res";"2010";"None";"";"";"";"5.3"
"CHEMBL122490";"";"None";"542.68";"2";"5.97";"52";"CCCCc1ncc(/C=C2/C(=O)N(CCCC)C(=O)N2Cc2cccc(C)c2)n1Cc1ccc(C(=O)OC)cc1";"IC50";"'='";"18.5";"nM";"7.73";"";"";"UO_0000065";"14.25";"0.26";"1.76";"9.13";"0";"CHEMBL3056799";"Antagonist activity at angiotensin 2 type-1 receptor (unknown origin)";"B";"BAO_0000357";"single protein format";"Homo sapiens";"None";"None";"None";"None";"";"";"";"CHEMBL227";"Type-1 angiotensin II receptor";"Homo sapiens";"SINGLE PROTEIN";"CHEMBL3045634";"1";"Scientific Literature";"Med Chem Res";"2010";"None";"";"";"";"18.5"
"CHEMBL1716544";"";"None";"381.41";"0";"3.50";"3; zinc02657840; ChEMBL1716544";"CN(Cc1cn(-c2ccccc2)nc1-c1ccc(F)cc1)C(=O)CCC(=O)O";"IC50";"'='";"2570.4";"nM";"5.59";"";"";"UO_0000065";"14.66";"0.27";"2.09";"7.41";"0";"CHEMBL3830508";"Displacement of [125I-Sar1-Ile8]Ang2 from human AT1 receptor expressed in HEK293 cell membrane incubated for 1 hr by gamma counting method";"B";"BAO_0000219";"cell-based format";"Homo sapiens";"None";"None";"HEK293";"None";"";"";"";"CHEMBL227";"Type-1 angiotensin II receptor";"Homo sapiens";"SINGLE PROTEIN";"CHEMBL3826874";"1";"Scientific Literature";"Bioorg Med Chem";"2016";"CHEMBL3307715";"";"";"";"5.59"
"CHEMBL1566610";"";"None";"592.64";"1";"3.00";"SID26725274";"C=C1C(=O)O[C@@H]2C[C@@H](C)[C@@H]3C=CC(=O)[C@@]3(C)[C@@H](OC(=O)CC(=O)O[C@H]3[C@@H]4C(=C)C(=O)O[C@@H]4C[C@@H](C)[C@@H]4C=CC(=O)[C@]43C)[C@H]12";"IC50";"'='";"6054.0";"nM";"5.22";"";"Active";"UO_0000065";"";"";"";"";"0";"CHEMBL1614336";"PUBCHEM_BIOASSAY: Dose Response screen for antagonists of Angiotensin II Receptor Type 1 to assess selectivity of uHTS small molecule antagonists hits of the APJ receptor. (Class of assay: confirmatory) [Related pubchem assays: 2569, 2521 ]";"F";"BAO_0000019";"assay format";"Homo sapiens";"None";"None";"None";"None";"";"";"";"CHEMBL227";"Type-1 angiotensin II receptor";"Homo sapiens";"SINGLE PROTEIN";"CHEMBL1201862";"7";"PubChem BioAssays";"";"";"None";"";"";"";"6.054"
"CHEMBL1303426";"";"None";"400.78";"0";"3.33";"SID24804310";"Cc1c(Nc2cc(Cl)c3nonc3c2[N+](=O)[O-])c(=O)n(-c2ccccc2)n1C";"IC50";"'='";"2330.0";"nM";"5.63";"";"Active";"UO_0000065";"";"";"";"";"0";"CHEMBL1614336";"PUBCHEM_BIOASSAY: Dose Response screen for antagonists of Angiotensin II Receptor Type 1 to assess selectivity of uHTS small molecule antagonists hits of the APJ receptor. (Class of assay: confirmatory) [Related pubchem assays: 2569, 2521 ]";"F";"BAO_0000019";"assay format";"Homo sapiens";"None";"None";"None";"None";"";"";"";"CHEMBL227";"Type-1 angiotensin II receptor";"Homo sapiens";"SINGLE PROTEIN";"CHEMBL1201862";"7";"PubChem BioAssays";"";"";"None";"";"";"";"2.33"
"CHEMBL1597454";"";"None";"402.43";"0";"3.96";"SID17510617";"CC(=O)OCCCNc1cc(Sc2ccc(C)cc2)c2nonc2c1[N+](=O)[O-]";"IC50";"'='";"1563.0";"nM";"5.81";"";"Active";"UO_0000065";"";"";"";"";"0";"CHEMBL1614336";"PUBCHEM_BIOASSAY: Dose Response screen for antagonists of Angiotensin II Receptor Type 1 to assess selectivity of uHTS small molecule antagonists hits of the APJ receptor. (Class of assay: confirmatory) [Related pubchem assays: 2569, 2521 ]";"F";"BAO_0000019";"assay format";"Homo sapiens";"None";"None";"None";"None";"";"";"";"CHEMBL227";"Type-1 angiotensin II receptor";"Homo sapiens";"SINGLE PROTEIN";"CHEMBL1201862";"7";"PubChem BioAssays";"";"";"None";"";"";"";"1.563"
"CHEMBL1462517";"";"None";"350.33";"0";"3.49";"SID17431780";"Cc1cc(C(=O)OCC(=O)c2cccc([N+](=O)[O-])c2)c2ccccc2n1";"IC50";"'='";"17372.0";"nM";"4.76";"";"Active";"UO_0000065";"";"";"";"";"0";"CHEMBL1614336";"PUBCHEM_BIOASSAY: Dose Response screen for antagonists of Angiotensin II Receptor Type 1 to assess selectivity of uHTS small molecule antagonists hits of the APJ receptor. (Class of assay: confirmatory) [Related pubchem assays: 2569, 2521 ]";"F";"BAO_0000019";"assay format";"Homo sapiens";"None";"None";"None";"None";"";"";"";"CHEMBL227";"Type-1 angiotensin II receptor";"Homo sapiens";"SINGLE PROTEIN";"CHEMBL1201862";"7";"PubChem BioAssays";"";"";"None";"";"";"";"17.372"
"CHEMBL1427431";"";"None";"318.34";"0";"4.04";"SID24794946";"Cc1ccc2oc(Nc3nc(O)cc(-c4ccccc4)n3)nc2c1";"IC50";"'='";"3990.0";"nM";"5.40";"";"Active";"UO_0000065";"";"";"";"";"0";"CHEMBL1614336";"PUBCHEM_BIOASSAY: Dose Response screen for antagonists of Angiotensin II Receptor Type 1 to assess selectivity of uHTS small molecule antagonists hits of the APJ receptor. (Class of assay: confirmatory) [Related pubchem assays: 2569, 2521 ]";"F";"BAO_0000019";"assay format";"Homo sapiens";"None";"None";"None";"None";"";"";"";"CHEMBL227";"Type-1 angiotensin II receptor";"Homo sapiens";"SINGLE PROTEIN";"CHEMBL1201862";"7";"PubChem BioAssays";"";"";"None";"";"";"";"3.99"
"CHEMBL1561907";"";"None";"377.83";"0";"4.74";"SID17412535";"COc1ccc(NC2(c3ccc(Cl)cc3)C(=O)c3ccccc3C2=O)cc1";"IC50";"'='";"17864.0";"nM";"4.75";"";"Active";"UO_0000065";"";"";"";"";"0";"CHEMBL1614336";"PUBCHEM_BIOASSAY: Dose Response screen for antagonists of Angiotensin II Receptor Type 1 to assess selectivity of uHTS small molecule antagonists hits of the APJ receptor. (Class of assay: confirmatory) [Related pubchem assays: 2569, 2521 ]";"F";"BAO_0000019";"assay format";"Homo sapiens";"None";"None";"None";"None";"";"";"";"CHEMBL227";"Type-1 angiotensin II receptor";"Homo sapiens";"SINGLE PROTEIN";"CHEMBL1201862";"7";"PubChem BioAssays";"";"";"None";"";"";"";"17.864"
"CHEMBL1428121";"";"None";"273.34";"0";"3.17";"SID26728365";"Cc1noc(C)c1C(=O)NNc1ccc(C(C)C)cc1";"IC50";"'='";"3681.0";"nM";"5.43";"";"Active";"UO_0000065";"";"";"";"";"0";"CHEMBL1614336";"PUBCHEM_BIOASSAY: Dose Response screen for antagonists of Angiotensin II Receptor Type 1 to assess selectivity of uHTS small molecule antagonists hits of the APJ receptor. (Class of assay: confirmatory) [Related pubchem assays: 2569, 2521 ]";"F";"BAO_0000019";"assay format";"Homo sapiens";"None";"None";"None";"None";"";"";"";"CHEMBL227";"Type-1 angiotensin II receptor";"Homo sapiens";"SINGLE PROTEIN";"CHEMBL1201862";"7";"PubChem BioAssays";"";"";"None";"";"";"";"3.681"
"CHEMBL1405657";"";"None";"313.31";"0";"2.95";"SID24827286";"O=C(CCc1ccccc1)OCC(=O)c1cccc([N+](=O)[O-])c1";"IC50";"'='";"19230.0";"nM";"4.72";"";"Active";"UO_0000065";"";"";"";"";"0";"CHEMBL1614336";"PUBCHEM_BIOASSAY: Dose Response screen for antagonists of Angiotensin II Receptor Type 1 to assess selectivity of uHTS small molecule antagonists hits of the APJ receptor. (Class of assay: confirmatory) [Related pubchem assays: 2569, 2521 ]";"F";"BAO_0000019";"assay format";"Homo sapiens";"None";"None";"None";"None";"";"";"";"CHEMBL227";"Type-1 angiotensin II receptor";"Homo sapiens";"SINGLE PROTEIN";"CHEMBL1201862";"7";"PubChem BioAssays";"";"";"None";"";"";"";"19.23"
"CHEMBL1467556";"";"None";"344.58";"0";"4.08";"SID14745782";"O=C(COC(=O)c1cccnc1Cl)c1ccc(Cl)cc1Cl";"IC50";"'='";"35410.0";"nM";"4.45";"";"Not Active";"UO_0000065";"";"";"";"";"0";"CHEMBL1614336";"PUBCHEM_BIOASSAY: Dose Response screen for antagonists of Angiotensin II Receptor Type 1 to assess selectivity of uHTS small molecule antagonists hits of the APJ receptor. (Class of assay: confirmatory) [Related pubchem assays: 2569, 2521 ]";"F";"BAO_0000019";"assay format";"Homo sapiens";"None";"None";"None";"None";"";"";"";"CHEMBL227";"Type-1 angiotensin II receptor";"Homo sapiens";"SINGLE PROTEIN";"CHEMBL1201862";"7";"PubChem BioAssays";"";"";"None";"";"";"";"35.41"
"CHEMBL1574879";"";"None";"385.27";"0";"3.62";"SID14729238";"COc1ccc(NC(=O)/C(Cl)=C(/Cl)[S+]([O-])Cc2ccccc2)cn1";"IC50";"'='";"3933.0";"nM";"5.41";"";"Active";"UO_0000065";"";"";"";"";"0";"CHEMBL1614336";"PUBCHEM_BIOASSAY: Dose Response screen for antagonists of Angiotensin II Receptor Type 1 to assess selectivity of uHTS small molecule antagonists hits of the APJ receptor. (Class of assay: confirmatory) [Related pubchem assays: 2569, 2521 ]";"F";"BAO_0000019";"assay format";"Homo sapiens";"None";"None";"None";"None";"";"";"";"CHEMBL227";"Type-1 angiotensin II receptor";"Homo sapiens";"SINGLE PROTEIN";"CHEMBL1201862";"7";"PubChem BioAssays";"";"";"None";"";"";"";"3.933"
"CHEMBL1378818";"";"None";"239.32";"0";"3.10";"SID7973186";"CN(C)CC(=O)c1ccc(-c2ccccc2)cc1";"IC50";"'>'";"40000.0";"nM";"";"";"Not Active";"UO_0000065";"";"";"";"";"0";"CHEMBL1614336";"PUBCHEM_BIOASSAY: Dose Response screen for antagonists of Angiotensin II Receptor Type 1 to assess selectivity of uHTS small molecule antagonists hits of the APJ receptor. (Class of assay: confirmatory) [Related pubchem assays: 2569, 2521 ]";"F";"BAO_0000019";"assay format";"Homo sapiens";"None";"None";"None";"None";"";"";"";"CHEMBL227";"Type-1 angiotensin II receptor";"Homo sapiens";"SINGLE PROTEIN";"CHEMBL1201862";"7";"PubChem BioAssays";"";"";"None";"";"";"";"40.0"
"CHEMBL1309573";"";"None";"273.29";"0";"3.08";"SID24825067";"O=C(Nc1nc2ccc(F)cc2s1)c1ccccn1";"IC50";"'='";"3964.0";"nM";"5.40";"";"Active";"UO_0000065";"";"";"";"";"0";"CHEMBL1614336";"PUBCHEM_BIOASSAY: Dose Response screen for antagonists of Angiotensin II Receptor Type 1 to assess selectivity of uHTS small molecule antagonists hits of the APJ receptor. (Class of assay: confirmatory) [Related pubchem assays: 2569, 2521 ]";"F";"BAO_0000019";"assay format";"Homo sapiens";"None";"None";"None";"None";"";"";"";"CHEMBL227";"Type-1 angiotensin II receptor";"Homo sapiens";"SINGLE PROTEIN";"CHEMBL1201862";"7";"PubChem BioAssays";"";"";"None";"";"";"";"3.964"
"CHEMBL1406262";"";"None";"226.33";"0";"1.54";"SID24797474";"NC(S)=NN=C(S)Nc1ccccc1";"IC50";"'>'";"40000.0";"nM";"";"";"Not Active";"UO_0000065";"";"";"";"";"0";"CHEMBL1614336";"PUBCHEM_BIOASSAY: Dose Response screen for antagonists of Angiotensin II Receptor Type 1 to assess selectivity of uHTS small molecule antagonists hits of the APJ receptor. (Class of assay: confirmatory) [Related pubchem assays: 2569, 2521 ]";"F";"BAO_0000019";"assay format";"Homo sapiens";"None";"None";"None";"None";"";"";"";"CHEMBL227";"Type-1 angiotensin II receptor";"Homo sapiens";"SINGLE PROTEIN";"CHEMBL1201862";"7";"PubChem BioAssays";"";"";"None";"";"";"";"40.0"
"CHEMBL1406780";"";"None";"383.49";"0";"3.45";"SID4263860";"CCOc1ccc(CCNC(=O)c2cccnc2N2CCCC2)cc1OCC";"IC50";"'>'";"40000.0";"nM";"";"";"Not Active";"UO_0000065";"";"";"";"";"0";"CHEMBL1614336";"PUBCHEM_BIOASSAY: Dose Response screen for antagonists of Angiotensin II Receptor Type 1 to assess selectivity of uHTS small molecule antagonists hits of the APJ receptor. (Class of assay: confirmatory) [Related pubchem assays: 2569, 2521 ]";"F";"BAO_0000019";"assay format";"Homo sapiens";"None";"None";"None";"None";"";"";"";"CHEMBL227";"Type-1 angiotensin II receptor";"Homo sapiens";"SINGLE PROTEIN";"CHEMBL1201862";"7";"PubChem BioAssays";"";"";"None";"";"";"";"40.0"
"CHEMBL1431014";"";"None";"307.35";"0";"4.13";"SID49666843";"COc1cccc(/C=C/c2ccc3cccc(O)c3n2)c1OC";"IC50";"'='";"15614.0";"nM";"4.81";"";"Active";"UO_0000065";"";"";"";"";"0";"CHEMBL1614336";"PUBCHEM_BIOASSAY: Dose Response screen for antagonists of Angiotensin II Receptor Type 1 to assess selectivity of uHTS small molecule antagonists hits of the APJ receptor. (Class of assay: confirmatory) [Related pubchem assays: 2569, 2521 ]";"F";"BAO_0000019";"assay format";"Homo sapiens";"None";"None";"None";"None";"";"";"";"CHEMBL227";"Type-1 angiotensin II receptor";"Homo sapiens";"SINGLE PROTEIN";"CHEMBL1201862";"7";"PubChem BioAssays";"";"";"None";"";"";"";"15.614"
"CHEMBL1328168";"";"None";"401.34";"1";"5.73";"SID17409817";"FC(F)(F)c1cccc(Sc2nc(-c3ccccc3)nnc2C(F)(F)F)c1";"IC50";"'='";"21362.0";"nM";"4.67";"";"Not Active";"UO_0000065";"";"";"";"";"0";"CHEMBL1614336";"PUBCHEM_BIOASSAY: Dose Response screen for antagonists of Angiotensin II Receptor Type 1 to assess selectivity of uHTS small molecule antagonists hits of the APJ receptor. (Class of assay: confirmatory) [Related pubchem assays: 2569, 2521 ]";"F";"BAO_0000019";"assay format";"Homo sapiens";"None";"None";"None";"None";"";"";"";"CHEMBL227";"Type-1 angiotensin II receptor";"Homo sapiens";"SINGLE PROTEIN";"CHEMBL1201862";"7";"PubChem BioAssays";"";"";"None";"";"";"";"21.362"
"CHEMBL1511616";"";"None";"384.91";"0";"4.87";"SID24830036";"CCN(CC)c1nc(C)c(C(S)=Nc2cc([N+](=O)[O-])ccc2Cl)s1";"IC50";"'>'";"40000.0";"nM";"";"";"Not Active";"UO_0000065";"";"";"";"";"0";"CHEMBL1614336";"PUBCHEM_BIOASSAY: Dose Response screen for antagonists of Angiotensin II Receptor Type 1 to assess selectivity of uHTS small molecule antagonists hits of the APJ receptor. (Class of assay: confirmatory) [Related pubchem assays: 2569, 2521 ]";"F";"BAO_0000019";"assay format";"Homo sapiens";"None";"None";"None";"None";"";"";"";"CHEMBL227";"Type-1 angiotensin II receptor";"Homo sapiens";"SINGLE PROTEIN";"CHEMBL1201862";"7";"PubChem BioAssays";"";"";"None";"";"";"";"40.0"
"CHEMBL1354210";"";"None";"449.92";"0";"3.44";"SID17509596";"Cc1ccc(NC(S)=NNC(=O)c2ccc(N3CCOCC3)c([N+](=O)[O-])c2)cc1Cl";"IC50";"'>'";"40000.0";"nM";"";"";"Not Active";"UO_0000065";"";"";"";"";"0";"CHEMBL1614336";"PUBCHEM_BIOASSAY: Dose Response screen for antagonists of Angiotensin II Receptor Type 1 to assess selectivity of uHTS small molecule antagonists hits of the APJ receptor. (Class of assay: confirmatory) [Related pubchem assays: 2569, 2521 ]";"F";"BAO_0000019";"assay format";"Homo sapiens";"None";"None";"None";"None";"";"";"";"CHEMBL227";"Type-1 angiotensin II receptor";"Homo sapiens";"SINGLE PROTEIN";"CHEMBL1201862";"7";"PubChem BioAssays";"";"";"None";"";"";"";"40.0"
"CHEMBL4448705";"";"None";"507.59";"2";"5.44";"EMA402";"COc1ccc2c(c1OCc1ccccc1)C[C@H](C(=O)O)N(C(=O)C(c1ccccc1)c1ccccc1)C2";"IC50";"'='";"1100.0";"nM";"5.96";"";"";"UO_0000065";"11.74";"0.21";"0.52";"7.83";"0";"CHEMBL4358380";"Inhibition of human AT1 receptor";"B";"BAO_0000357";"single protein format";"Homo sapiens";"None";"None";"None";"None";"";"";"";"CHEMBL227";"Type-1 angiotensin II receptor";"Homo sapiens";"SINGLE PROTEIN";"CHEMBL4354850";"1";"Scientific Literature";"J Med Chem";"2020";"None";"";"";"";"1100.0"
"CHEMBL308482";"";"None";"707.86";"2";"8.00";"41";"CCCCCCCOC(=O)NS(=O)(=O)c1ccccc1-c1ccc(Cn2c(CCC)nc(CC)c2C(=O)OCc2ccccc2OC)c(F)c1";"IC50";"'='";"1.0";"nM";"9.00";"";"";"UO_0000065";"12.71";"0.25";"1.00";"7.15";"0";"CHEMBL648492";"Binding affinity for Angiotensin II receptor, type 1";"B";"BAO_0000357";"single protein format";"None";"None";"None";"None";"None";"";"";"";"CHEMBL227";"Type-1 angiotensin II receptor";"Homo sapiens";"SINGLE PROTEIN";"CHEMBL1150518";"1";"Scientific Literature";"Bioorg Med Chem Lett";"1994";"None";"";"";"";"1.0"
"CHEMBL263452";"";"None";"683.81";"2";"6.37";"13";"CCc1ccc(C(=O)NS(=O)(=O)c2ccccc2-c2ccc(Cn3c(CC)nc4ccc(NC(=O)N(C)C(C)C)cc4c3=O)c(F)c2)cc1";"IC50";"'='";"5.8";"nM";"8.24";"";"";"UO_0000065";"12.05";"0.23";"1.87";"6.31";"0";"CHEMBL875934";"In vivo inhibitory concentration against Angiotensin II receptor, type 1 of human adrenal membrane";"B";"BAO_0000218";"organism-based format";"None";"None";"None";"None";"None";"";"";"";"CHEMBL227";"Type-1 angiotensin II receptor";"Homo sapiens";"SINGLE PROTEIN";"CHEMBL1150477";"1";"Scientific Literature";"Bioorg Med Chem Lett";"1994";"None";"";"";"";"5.8"
"CHEMBL70638";"";"None";"680.81";"2";"5.91";"12d";"CCCc1nc(CN2CCN(C(=O)C(c3ccccc3)c3ccccc3)CC2)c(C(=O)O)n1Cc1ccc(-c2ccccc2-c2nn[nH]n2)cc1";"IC50";"'='";"10.0";"nM";"8.00";"";"";"UO_0000065";"11.75";"0.21";"2.09";"6.01";"0";"CHEMBL647574";"In vitro binding affinity of compound against Angiotensin II receptor, type 1";"B";"BAO_0000357";"single protein format";"None";"None";"None";"None";"None";"";"";"";"CHEMBL227";"Type-1 angiotensin II receptor";"Homo sapiens";"SINGLE PROTEIN";"CHEMBL1127975";"1";"Scientific Literature";"Bioorg Med Chem Lett";"1994";"None";"";"";"";"10.0"
"CHEMBL4293410";"";"None";"569.73";"2";"5.49";"19";"CCCCc1nc(C2CC2)c(CC(=S)N2CCCC2)c(=O)n1Cc1ccc(-c2ccccc2-c2noc(=O)[nH]2)cc1";"IC50";"";"";"";"";"";"Not Determined";"";"";"";"";"";"0";"CHEMBL4267128";"Antagonist activity at type-1 angiotensin 2 receptor (unknown origin) by calcium mobilizing assay";"F";"BAO_0000019";"assay format";"Homo sapiens";"None";"None";"None";"None";"";"";"";"CHEMBL227";"Type-1 angiotensin II receptor";"Homo sapiens";"SINGLE PROTEIN";"CHEMBL4265900";"1";"Scientific Literature";"Bioorg Med Chem Lett";"2018";"None";"";"";"";""
"CHEMBL3640138";"";"None";"642.64";"2";"5.33";"BDBM99959";"COc1cc(F)ccc1C(=O)Cn1c(=O)c2cc(C3CC3)sc2n(Cc2ccc(-c3ccccc3-c3nc(=O)o[nH]3)cc2F)c1=O";"IC50";"'='";"1.6";"nM";"8.80";"";"216957";"UO_0000065";"13.69";"0.26";"3.47";"6.81";"0";"CHEMBL3705302";"Binding Assay: Binding assay using human AT1.";"B";"BAO_0000357";"single protein format";"Homo sapiens";"None";"None";"None";"None";"";"";"";"CHEMBL227";"Type-1 angiotensin II receptor";"Homo sapiens";"SINGLE PROTEIN";"CHEMBL3639103";"37";"BindingDB Patent Bioactivity Data";"";"2013";"None";"";"";"";"1.6"
"CHEMBL3640140";"";"None";"544.63";"1";"4.46";"BDBM99961";"CCc1cc2c(=O)n(CC(=O)C(C)(C)C)c(=O)n(Cc3ccc(-c4ccccc4-c4nc(=O)o[nH]4)cc3)c2s1";"IC50";"'='";"1.2";"nM";"8.92";"";"216959";"UO_0000065";"16.38";"0.31";"4.46";"7.44";"0";"CHEMBL3705302";"Binding Assay: Binding assay using human AT1.";"B";"BAO_0000357";"single protein format";"Homo sapiens";"None";"None";"None";"None";"";"";"";"CHEMBL227";"Type-1 angiotensin II receptor";"Homo sapiens";"SINGLE PROTEIN";"CHEMBL3639103";"37";"BindingDB Patent Bioactivity Data";"";"2013";"None";"";"";"";"1.2"
"CHEMBL3640141";"";"None";"622.75";"2";"5.63";"BDBM99962";"CCc1cc2c(=O)n(CC(=O)C34CC5CC(CC(C5)C3)C4)c(=O)n(Cc3ccc(-c4ccccc4-c4nc(=O)o[nH]4)cc3)c2s1";"IC50";"'='";"1.7";"nM";"8.77";"";"216960";"UO_0000065";"14.08";"0.27";"3.14";"7.31";"0";"CHEMBL3705302";"Binding Assay: Binding assay using human AT1.";"B";"BAO_0000357";"single protein format";"Homo sapiens";"None";"None";"None";"None";"";"";"";"CHEMBL227";"Type-1 angiotensin II receptor";"Homo sapiens";"SINGLE PROTEIN";"CHEMBL3639103";"37";"BindingDB Patent Bioactivity Data";"";"2013";"None";"";"";"";"1.7"
"CHEMBL3640145";"";"None";"573.68";"1";"4.89";"BDBM99966";"CCc1cc2c(=O)n(C/C(=N/OC)C(C)(C)C)c(=O)n(Cc3ccc(-c4ccccc4-c4nc(=O)o[nH]4)cc3)c2s1";"IC50";"'='";"1.5";"nM";"8.82";"";"216964";"UO_0000065";"15.38";"0.29";"3.93";"7.09";"0";"CHEMBL3705302";"Binding Assay: Binding assay using human AT1.";"B";"BAO_0000357";"single protein format";"Homo sapiens";"None";"None";"None";"None";"";"";"";"CHEMBL227";"Type-1 angiotensin II receptor";"Homo sapiens";"SINGLE PROTEIN";"CHEMBL3639103";"37";"BindingDB Patent Bioactivity Data";"";"2013";"None";"";"";"";"1.5"
"CHEMBL3640146";"";"None";"558.66";"1";"4.57";"BDBM99967";"CC(C)(C)C(O)Cn1c(=O)c2cc(C3CC3)sc2n(Cc2ccc(-c3ccccc3-c3nc(=O)o[nH]3)cc2)c1=O";"IC50";"'='";"1.4";"nM";"8.85";"";"216965";"UO_0000065";"15.85";"0.30";"4.28";"7.19";"0";"CHEMBL3705302";"Binding Assay: Binding assay using human AT1.";"B";"BAO_0000357";"single protein format";"Homo sapiens";"None";"None";"None";"None";"";"";"";"CHEMBL227";"Type-1 angiotensin II receptor";"Homo sapiens";"SINGLE PROTEIN";"CHEMBL3639103";"37";"BindingDB Patent Bioactivity Data";"";"2013";"None";"";"";"";"1.4"
"CHEMBL3640147";"";"None";"530.61";"1";"3.88";"BDBM99968";"CCc1cc2c(=O)n(CC3(C)COC3)c(=O)n(Cc3ccc(-c4ccccc4-c4nc(=O)o[nH]4)cc3)c2s1";"IC50";"'='";"1.7";"nM";"8.77";"";"216966";"UO_0000065";"16.53";"0.32";"4.89";"7.82";"0";"CHEMBL3705302";"Binding Assay: Binding assay using human AT1.";"B";"BAO_0000357";"single protein format";"Homo sapiens";"None";"None";"None";"None";"";"";"";"CHEMBL227";"Type-1 angiotensin II receptor";"Homo sapiens";"SINGLE PROTEIN";"CHEMBL3639103";"37";"BindingDB Patent Bioactivity Data";"";"2013";"None";"";"";"";"1.7"
"CHEMBL3640154";"";"None";"417.49";"0";"3.91";"BDBM99976";"CCc1cc2c(=O)[nH]c(=O)n(Cc3ccc(-c4ccccc4C#N)cc3OC)c2s1";"IC50";"'='";"1.9";"nM";"8.72";"";"216973";"UO_0000065";"20.89";"0.40";"4.81";"9.92";"0";"CHEMBL3705302";"Binding Assay: Binding assay using human AT1.";"B";"BAO_0000357";"single protein format";"Homo sapiens";"None";"None";"None";"None";"";"";"";"CHEMBL227";"Type-1 angiotensin II receptor";"Homo sapiens";"SINGLE PROTEIN";"CHEMBL3639103";"37";"BindingDB Patent Bioactivity Data";"";"2013";"None";"";"";"";"1.9"
"CHEMBL3640159";"";"None";"556.64";"1";"4.78";"BDBM99981";"CC(C)(C)C(=O)Cn1c(=O)c2cc(C3CC3)sc2n(Cc2ccc(-c3ccccc3-c3nc(=O)o[nH]3)cc2)c1=O";"IC50";"'='";"1.2";"nM";"8.92";"";"216978";"UO_0000065";"16.03";"0.30";"4.14";"7.44";"0";"CHEMBL3705302";"Binding Assay: Binding assay using human AT1.";"B";"BAO_0000357";"single protein format";"Homo sapiens";"None";"None";"None";"None";"";"";"";"CHEMBL227";"Type-1 angiotensin II receptor";"Homo sapiens";"SINGLE PROTEIN";"CHEMBL3639103";"37";"BindingDB Patent Bioactivity Data";"";"2013";"None";"";"";"";"1.2"
"CHEMBL3640167";"";"None";"637.72";"3";"5.30";"BDBM99989";"CCO/N=C(/Cn1c(=O)c2cc(CC)sc2n(Cc2ccc(-c3ccccc3-c3nc(=O)o[nH]3)cc2)c1=O)c1ccc(OC)cc1";"IC50";"'='";"1.6";"nM";"8.80";"";"216986";"UO_0000065";"13.79";"0.26";"3.50";"6.58";"0";"CHEMBL3705302";"Binding Assay: Binding assay using human AT1.";"B";"BAO_0000357";"single protein format";"Homo sapiens";"None";"None";"None";"None";"";"";"";"CHEMBL227";"Type-1 angiotensin II receptor";"Homo sapiens";"SINGLE PROTEIN";"CHEMBL3639103";"37";"BindingDB Patent Bioactivity Data";"";"2013";"None";"";"";"";"1.6"
"CHEMBL4114807";"";"None";"649.73";"3";"5.46";"BDBM99991";"C=CCO/N=C(\Cn1c(=O)c2cc(CC)sc2n(Cc2ccc(-c3ccccc3-c3nc(=O)o[nH]3)cc2)c1=O)c1ccc(OC)cc1";"IC50";"'='";"1.8";"nM";"8.74";"";"216988";"UO_0000065";"13.46";"0.25";"3.28";"6.54";"0";"CHEMBL3705302";"Binding Assay: Binding assay using human AT1.";"B";"BAO_0000357";"single protein format";"Homo sapiens";"None";"None";"None";"None";"";"";"";"CHEMBL227";"Type-1 angiotensin II receptor";"Homo sapiens";"SINGLE PROTEIN";"CHEMBL3639103";"37";"BindingDB Patent Bioactivity Data";"";"2013";"None";"";"";"";"1.8"
"CHEMBL3640171";"";"None";"570.65";"1";"4.79";"BDBM99993";"CCc1cc2c(=O)n(CC(=O)c3cccs3)c(=O)n(Cc3ccc(-c4ccccc4-c4nc(=O)o[nH]4)cc3)c2s1";"IC50";"'='";"1.4";"nM";"8.85";"";"216990";"UO_0000065";"15.52";"0.30";"4.06";"7.38";"0";"CHEMBL3705302";"Binding Assay: Binding assay using human AT1.";"B";"BAO_0000357";"single protein format";"Homo sapiens";"None";"None";"None";"None";"";"";"";"CHEMBL227";"Type-1 angiotensin II receptor";"Homo sapiens";"SINGLE PROTEIN";"CHEMBL3639103";"37";"BindingDB Patent Bioactivity Data";"";"2013";"None";"";"";"";"1.4"
"CHEMBL3640172";"";"None";"649.55";"2";"5.55";"BDBM99994";"CCc1cc2c(=O)n(CC(=O)c3sccc3Br)c(=O)n(Cc3ccc(-c4ccccc4-c4nc(=O)o[nH]4)cc3)c2s1";"IC50";"'='";"1.9";"nM";"8.72";"";"216991";"UO_0000065";"13.43";"0.29";"3.17";"7.27";"0";"CHEMBL3705302";"Binding Assay: Binding assay using human AT1.";"B";"BAO_0000357";"single protein format";"Homo sapiens";"None";"None";"None";"None";"";"";"";"CHEMBL227";"Type-1 angiotensin II receptor";"Homo sapiens";"SINGLE PROTEIN";"CHEMBL3639103";"37";"BindingDB Patent Bioactivity Data";"";"2013";"None";"";"";"";"1.9"
"CHEMBL1467838";"";"None";"275.74";"0";"3.64";"SID49673869";"COc1ccccc1NCC(=O)c1ccc(Cl)cc1";"IC50";"'='";"35277.0";"nM";"4.45";"";"Not Active";"UO_0000065";"";"";"";"";"0";"CHEMBL1614336";"PUBCHEM_BIOASSAY: Dose Response screen for antagonists of Angiotensin II Receptor Type 1 to assess selectivity of uHTS small molecule antagonists hits of the APJ receptor. (Class of assay: confirmatory) [Related pubchem assays: 2569, 2521 ]";"F";"BAO_0000019";"assay format";"Homo sapiens";"None";"None";"None";"None";"";"";"";"CHEMBL227";"Type-1 angiotensin II receptor";"Homo sapiens";"SINGLE PROTEIN";"CHEMBL1201862";"7";"PubChem BioAssays";"";"";"None";"";"";"";"35.277"
"CHEMBL75401";"";"None";"651.76";"2";"5.89";"20";"Cc1nc2ccc(NC(=O)N(C)C(C)C)cc2c(=O)n1Cc1ccc(-c2ccccc2S(=O)(=O)NC(=O)OCCC(C)C)cc1F";"IC50";"'='";"26.5";"nM";"7.58";"";"";"UO_0000065";"11.63";"0.22";"1.69";"5.42";"0";"CHEMBL875934";"In vivo inhibitory concentration against Angiotensin II receptor, type 1 of human adrenal membrane";"B";"BAO_0000218";"organism-based format";"None";"None";"None";"None";"None";"";"";"";"CHEMBL227";"Type-1 angiotensin II receptor";"Homo sapiens";"SINGLE PROTEIN";"CHEMBL1150477";"1";"Scientific Literature";"Bioorg Med Chem Lett";"1994";"None";"";"";"";"26.5"
"CHEMBL1017";"TELMISARTAN";"4.0";"514.63";"2";"7.26";"1";"CCCc1nc2c(C)cc(-c3nc4ccccc4n3C)cc2n1Cc1ccc(-c2ccccc2C(=O)O)cc1";"IC50";"'='";"3.0";"nM";"8.52";"";"";"UO_0000065";"16.56";"0.30";"1.26";"11.68";"0";"CHEMBL1069624";"Inhibition of AT1 receptor";"B";"BAO_0000357";"single protein format";"None";"None";"None";"None";"None";"";"";"";"CHEMBL227";"Type-1 angiotensin II receptor";"Homo sapiens";"SINGLE PROTEIN";"CHEMBL1156860";"1";"Scientific Literature";"Bioorg Med Chem Lett";"2010";"None";"";"";"";"3.0"
"CHEMBL1513";"IRBESARTAN";"4.0";"428.54";"0";"4.78";"1";"CCCCC1=NC2(CCCC2)C(=O)N1Cc1ccc(-c2ccccc2-c2nnn[nH]2)cc1";"IC50";"'='";"6.0";"nM";"8.22";"";"";"UO_0000065";"";"";"";"";"0";"CHEMBL4839255";"Antagonist activity at human AT1 overexpressed in CHO-K1 cells in presence of 10 nM [Val5-angiotensin II measured after 90 mins by HTRF based IP-one assay";"F";"BAO_0000219";"cell-based format";"Homo sapiens";"None";"None";"CHO-K1";"None";"";"";"";"CHEMBL227";"Type-1 angiotensin II receptor";"Homo sapiens";"SINGLE PROTEIN";"CHEMBL4837242";"1";"Scientific Literature";"ACS Med Chem Lett";"2021";"None";"Dose = 10.0 nM | TIME = 1.5 hr";"ANTAGONIST";"";"6.0"
"CHEMBL115771";"";"None";"438.53";"1";"5.35";"8c";"O=C(O)c1ccccc1-c1ccc(CN2C(=O)C3(CCCC3)N=C2Cc2ccccc2)cc1";"IC50";"'='";"8650.0";"nM";"5.06";"";"";"UO_0000065";"";"";"";"";"0";"CHEMBL4839255";"Antagonist activity at human AT1 overexpressed in CHO-K1 cells in presence of 10 nM [Val5-angiotensin II measured after 90 mins by HTRF based IP-one assay";"F";"BAO_0000219";"cell-based format";"Homo sapiens";"None";"None";"CHO-K1";"None";"";"";"";"CHEMBL227";"Type-1 angiotensin II receptor";"Homo sapiens";"SINGLE PROTEIN";"CHEMBL4837242";"1";"Scientific Literature";"ACS Med Chem Lett";"2021";"None";"Dose = 10.0 nM | TIME = 1.5 hr";"ANTAGONIST";"";"8650.0"
"CHEMBL309790";"";"None";"733.90";"2";"8.30";"26";"CCCc1nc(CC)c(C(=O)OCc2ccccc2C(=O)C(C)(C)C)n1Cc1ccc(-c2ccccc2S(=O)(=O)NC(=O)OCCC(C)C)cc1F";"IC50";"'='";"0.3";"nM";"9.52";"";"";"UO_0000065";"12.98";"0.25";"1.22";"7.12";"0";"CHEMBL648492";"Binding affinity for Angiotensin II receptor, type 1";"B";"BAO_0000357";"single protein format";"None";"None";"None";"None";"None";"";"";"";"CHEMBL227";"Type-1 angiotensin II receptor";"Homo sapiens";"SINGLE PROTEIN";"CHEMBL1150518";"1";"Scientific Literature";"Bioorg Med Chem Lett";"1994";"None";"";"";"";"0.3"
"CHEMBL1555793";"";"None";"253.33";"0";"4.17";"SID14734630";"Oc1cccc2ccc(/C=C/c3cccs3)nc12";"IC50";"'='";"10262.0";"nM";"4.99";"";"Active";"UO_0000065";"";"";"";"";"0";"CHEMBL1614336";"PUBCHEM_BIOASSAY: Dose Response screen for antagonists of Angiotensin II Receptor Type 1 to assess selectivity of uHTS small molecule antagonists hits of the APJ receptor. (Class of assay: confirmatory) [Related pubchem assays: 2569, 2521 ]";"F";"BAO_0000019";"assay format";"Homo sapiens";"None";"None";"None";"None";"";"";"";"CHEMBL227";"Type-1 angiotensin II receptor";"Homo sapiens";"SINGLE PROTEIN";"CHEMBL1201862";"7";"PubChem BioAssays";"";"";"None";"";"";"";"10.262"
"CHEMBL3192235";"";"None";"315.25";"0";"1.66";"SID24811360";"O=C(N/N=C/c1ccccn1)c1cc([N+](=O)[O-])cc([N+](=O)[O-])c1";"IC50";"'='";"4065.0";"nM";"5.39";"";"Active";"UO_0000065";"";"";"";"";"0";"CHEMBL1614336";"PUBCHEM_BIOASSAY: Dose Response screen for antagonists of Angiotensin II Receptor Type 1 to assess selectivity of uHTS small molecule antagonists hits of the APJ receptor. (Class of assay: confirmatory) [Related pubchem assays: 2569, 2521 ]";"F";"BAO_0000019";"assay format";"Homo sapiens";"None";"None";"None";"None";"";"";"";"CHEMBL227";"Type-1 angiotensin II receptor";"Homo sapiens";"SINGLE PROTEIN";"CHEMBL1201862";"7";"PubChem BioAssays";"";"";"None";"";"";"";"4.065"
"CHEMBL3210489";"";"None";"474.63";"0";"1.60";"SID24781247";"C=CCn1c(=O)/c(=C2/Sc3cc(OC)ccc3N2C)s/c1=C1\C(=O)N(CC)C(=S)N1C";"IC50";"'>'";"40000.0";"nM";"";"";"Not Active";"UO_0000065";"";"";"";"";"0";"CHEMBL1614336";"PUBCHEM_BIOASSAY: Dose Response screen for antagonists of Angiotensin II Receptor Type 1 to assess selectivity of uHTS small molecule antagonists hits of the APJ receptor. (Class of assay: confirmatory) [Related pubchem assays: 2569, 2521 ]";"F";"BAO_0000019";"assay format";"Homo sapiens";"None";"None";"None";"None";"";"";"";"CHEMBL227";"Type-1 angiotensin II receptor";"Homo sapiens";"SINGLE PROTEIN";"CHEMBL1201862";"7";"PubChem BioAssays";"";"";"None";"";"";"";"40.0"
"CHEMBL1498428";"";"None";"303.77";"0";"3.16";"SID17509854";"O=c1c2cc(Cl)ccc2[nH]c(=S)n1Cc1ccccn1";"IC50";"'='";"16456.0";"nM";"4.78";"";"Active";"UO_0000065";"";"";"";"";"0";"CHEMBL1614336";"PUBCHEM_BIOASSAY: Dose Response screen for antagonists of Angiotensin II Receptor Type 1 to assess selectivity of uHTS small molecule antagonists hits of the APJ receptor. (Class of assay: confirmatory) [Related pubchem assays: 2569, 2521 ]";"F";"BAO_0000019";"assay format";"Homo sapiens";"None";"None";"None";"None";"";"";"";"CHEMBL227";"Type-1 angiotensin II receptor";"Homo sapiens";"SINGLE PROTEIN";"CHEMBL1201862";"7";"PubChem BioAssays";"";"";"None";"";"";"";"16.456"
"CHEMBL1359902";"";"None";"444.53";"0";"2.60";"SID24789658";"COc1ccc(C(=O)/C=C/C(=O)N(CC(=O)NC2CCCCC2)CC2CCCO2)c(O)c1";"IC50";"'='";"5350.0";"nM";"5.27";"";"Active";"UO_0000065";"";"";"";"";"0";"CHEMBL1614336";"PUBCHEM_BIOASSAY: Dose Response screen for antagonists of Angiotensin II Receptor Type 1 to assess selectivity of uHTS small molecule antagonists hits of the APJ receptor. (Class of assay: confirmatory) [Related pubchem assays: 2569, 2521 ]";"F";"BAO_0000019";"assay format";"Homo sapiens";"None";"None";"None";"None";"";"";"";"CHEMBL227";"Type-1 angiotensin II receptor";"Homo sapiens";"SINGLE PROTEIN";"CHEMBL1201862";"7";"PubChem BioAssays";"";"";"None";"";"";"";"5.35"
"CHEMBL122917";"";"None";"717.79";"2";"6.84";"19";"CCCCc1nn(-c2cc(NC(=O)CC)ccc2C(F)(F)F)c(=O)n1Cc1ccc(-c2ccccc2S(=O)(=O)NC(=O)CC(C)(C)C)cc1F";"IC50";"'='";"1.0";"nM";"9.00";"";"";"UO_0000065";"12.54";"0.25";"2.16";"6.81";"0";"CHEMBL650312";"In vitro inhibitory activity against angiotensin II receptor type 1, in human adrenal membrane preparations.";"B";"BAO_0000249";"cell membrane format";"None";"None";"None";"None";"None";"";"";"";"CHEMBL227";"Type-1 angiotensin II receptor";"Homo sapiens";"SINGLE PROTEIN";"CHEMBL1128554";"1";"Scientific Literature";"J Med Chem";"1995";"None";"";"";"";"1.0"
"CHEMBL97533";"";"None";"474.58";"1";"5.90";"9";"CCCCc1ncc(/C=C(\Cc2cccs2)C(=O)O)n1Cc1ccc(C(=O)O)c2ccccc12";"IC50";"'='";"1.2";"nM";"8.92";"";"";"UO_0000065";"18.80";"0.36";"3.02";"9.65";"0";"CHEMBL647576";"Tested for Angiotensin II receptor, type 1 affinity in the absence of BSA";"B";"BAO_0000357";"single protein format";"None";"None";"None";"None";"None";"";"";"";"CHEMBL227";"Type-1 angiotensin II receptor";"Homo sapiens";"SINGLE PROTEIN";"CHEMBL1152092";"1";"Scientific Literature";"Bioorg Med Chem Lett";"1994";"None";"";"";"";"1.2"
"CHEMBL289543";"";"None";"414.96";"1";"5.70";"4";"CCCCc1ncc(/C=C(\Cc2cccs2)C(=O)O)n1Cc1ccccc1Cl";"IC50";"'='";"4530.0";"nM";"5.34";"";"";"UO_0000065";"12.88";"0.26";"-0.36";"9.70";"0";"CHEMBL648565";"Tested for binding affinity to Angiotensin II receptor, type 1";"B";"BAO_0000357";"single protein format";"None";"None";"None";"None";"None";"";"";"";"CHEMBL227";"Type-1 angiotensin II receptor";"Homo sapiens";"SINGLE PROTEIN";"CHEMBL1152092";"1";"Scientific Literature";"Bioorg Med Chem Lett";"1994";"None";"";"";"";"4530.0"
"CHEMBL323911";"";"None";"421.55";"0";"4.07";"6";"CCCCC(=O)N(Cc1ccc(-c2ccccc2-c2nn[nH]n2)cc1)[C@H](CO)C(C)C";"IC50";"'='";"270.0";"nM";"6.57";"";"";"UO_0000065";"15.58";"0.29";"2.50";"6.91";"0";"CHEMBL648566";"Tested for inhibition of Angiotensin II receptor, type 1 in the absence of bovine serum albumin (BSA)";"B";"BAO_0000357";"single protein format";"None";"None";"None";"None";"None";"";"";"";"CHEMBL227";"Type-1 angiotensin II receptor";"Homo sapiens";"SINGLE PROTEIN";"CHEMBL1127873";"1";"Scientific Literature";"Bioorg Med Chem Lett";"1994";"None";"";"";"";"0.27"
"CHEMBL2322175";"";"None";"541.66";"2";"5.81";"21a";"CCc1nc2c(C)cn(Cc3ccccc3C)c(=O)c2n1[C@H]1CCc2cc(-c3ccccc3-c3nnn[nH]3)ccc21";"IC50";"'='";"6.8";"nM";"8.17";"";"";"UO_0000065";"15.08";"0.27";"2.36";"8.66";"0";"CHEMBL2327554";"Displacement of [125I]Tyr4-Sar1,Ile8-Angiotensin II from human Angiotensin 1 receptor after";"B";"BAO_0000357";"single protein format";"Homo sapiens";"None";"None";"None";"None";"";"";"";"CHEMBL227";"Type-1 angiotensin II receptor";"Homo sapiens";"SINGLE PROTEIN";"CHEMBL2321681";"1";"Scientific Literature";"Bioorg Med Chem Lett";"2013";"None";"";"";"";"6.8"
"CHEMBL2322174";"";"None";"532.61";"1";"4.80";"12s";"CCc1nc2ccn(Cc3c(C)noc3C)c(=O)c2n1[C@H]1CCc2cc(-c3ccccc3-c3nnn[nH]3)ccc21";"IC50";"'='";"63.4";"nM";"7.20";"";"";"UO_0000065";"13.51";"0.25";"2.40";"5.98";"0";"CHEMBL2327554";"Displacement of [125I]Tyr4-Sar1,Ile8-Angiotensin II from human Angiotensin 1 receptor after";"B";"BAO_0000357";"single protein format";"Homo sapiens";"None";"None";"None";"None";"";"";"";"CHEMBL227";"Type-1 angiotensin II receptor";"Homo sapiens";"SINGLE PROTEIN";"CHEMBL2321681";"1";"Scientific Literature";"Bioorg Med Chem Lett";"2013";"None";"";"";"";"63.4"
"CHEMBL30086";"";"None";"604.67";"2";"5.54";"33";"Cn1nnnc1-c1ccccc1-c1ccc(Cn2cnc3ccc(N(Cc4ccccn4)C(=O)c4ccccc4)cc3c2=O)cc1";"IC50";"'='";"5.09";"nM";"8.29";"";"";"UO_0000065";"13.72";"0.25";"2.75";"7.43";"0";"CHEMBL652866";"Binding affinity against AT1 receptor in human adrenal tissue";"B";"BAO_0000221";"tissue-based format";"Homo sapiens";"CHEMBL3638272";"Adrenal tissue";"None";"None";"";"";"";"CHEMBL227";"Type-1 angiotensin II receptor";"Homo sapiens";"SINGLE PROTEIN";"CHEMBL1128754";"1";"Scientific Literature";"Bioorg Med Chem Lett";"1995";"None";"";"";"";"5.09"
"CHEMBL28464";"";"None";"599.70";"2";"5.84";"18";"CCCCCN(C(=O)c1ccc(O)cc1)c1ccc2ncn(Cc3ccc(-c4ccccc4-c4nnnn4C)cc3)c(=O)c2c1";"IC50";"'='";"4.9";"nM";"8.31";"";"";"UO_0000065";"13.86";"0.25";"2.47";"6.98";"0";"CHEMBL652866";"Binding affinity against AT1 receptor in human adrenal tissue";"B";"BAO_0000221";"tissue-based format";"Homo sapiens";"CHEMBL3638272";"Adrenal tissue";"None";"None";"";"";"";"CHEMBL227";"Type-1 angiotensin II receptor";"Homo sapiens";"SINGLE PROTEIN";"CHEMBL1128754";"1";"Scientific Literature";"Bioorg Med Chem Lett";"1995";"None";"";"";"";"4.9"
"CHEMBL307866";"";"None";"735.92";"2";"8.50";"42";"CCCc1nc(CC)c(C(=O)OCc2ccccc2OCCC(C)C)n1Cc1ccc(-c2ccccc2S(=O)(=O)NC(=O)OCCC(C)C)cc1F";"IC50";"'='";"3.0";"nM";"8.52";"";"";"UO_0000065";"11.58";"0.22";"0.02";"6.77";"0";"CHEMBL648492";"Binding affinity for Angiotensin II receptor, type 1";"B";"BAO_0000357";"single protein format";"None";"None";"None";"None";"None";"";"";"";"CHEMBL227";"Type-1 angiotensin II receptor";"Homo sapiens";"SINGLE PROTEIN";"CHEMBL1150518";"1";"Scientific Literature";"Bioorg Med Chem Lett";"1994";"None";"";"";"";"3.0"
"CHEMBL995";"LOSARTAN POTASSIUM";"4.0";"461.01";"0";"4.27";"1 Losartan DuP-753";"CCCCc1nc(Cl)c(CO)n1Cc1ccc(-c2ccccc2-c2nnn[n-]2)cc1.[K+]";"IC50";"'='";"5.5";"nM";"8.26";"";"";"UO_0000065";"19.53";"0.38";"3.99";"8.93";"0";"CHEMBL647574";"In vitro binding affinity of compound against Angiotensin II receptor, type 1";"B";"BAO_0000357";"single protein format";"None";"None";"None";"None";"None";"";"";"";"CHEMBL227";"Type-1 angiotensin II receptor";"Homo sapiens";"SINGLE PROTEIN";"CHEMBL1127975";"1";"Scientific Literature";"Bioorg Med Chem Lett";"1994";"None";"";"";"";"5.5"
"CHEMBL3640131";"";"None";"624.65";"3";"5.60";"BDBM99952";"COc1ccc(C(=O)Cn2c(=O)c3cc(C4CC4)sc3n(Cc3ccc(-c4ccccc4-c4noc(O)n4)cc3F)c2=O)cc1";"IC50";"'='";"1.0";"nM";"9.00";"";"216950";"UO_0000065";"14.41";"0.27";"3.40";"6.95";"0";"CHEMBL3705302";"Binding Assay: Binding assay using human AT1.";"B";"BAO_0000357";"single protein format";"Homo sapiens";"None";"None";"None";"None";"";"";"";"CHEMBL227";"Type-1 angiotensin II receptor";"Homo sapiens";"SINGLE PROTEIN";"CHEMBL3639103";"37";"BindingDB Patent Bioactivity Data";"";"2013";"None";"";"";"";"1.0"
"CHEMBL3640135";"";"None";"577.64";"1";"3.32";"BDBM99956";"CCc1cc2c(=O)n(CCN3CCOCC3)c(=O)n(Cc3ccc(-c4ccccc4-c4nc(=O)o[nH]4)cc3F)c2s1";"IC50";"'='";"1.8";"nM";"8.74";"";"216954";"UO_0000065";"15.14";"0.29";"5.42";"7.58";"0";"CHEMBL3705302";"Binding Assay: Binding assay using human AT1.";"B";"BAO_0000357";"single protein format";"Homo sapiens";"None";"None";"None";"None";"";"";"";"CHEMBL227";"Type-1 angiotensin II receptor";"Homo sapiens";"SINGLE PROTEIN";"CHEMBL3639103";"37";"BindingDB Patent Bioactivity Data";"";"2013";"None";"";"";"";"1.8"
"CHEMBL3640161";"";"None";"673.55";"3";"5.91";"BDBM99983";"CCc1cc2c(=O)n(CC(=O)c3ccc(OC)cc3)c(=O)n(Cc3ccc(-c4ccccc4-c4noc(O)n4)cc3Br)c2s1";"IC50";"'='";"1.7";"nM";"8.77";"";"216980";"UO_0000065";"13.02";"0.27";"2.86";"6.77";"0";"CHEMBL3705302";"Binding Assay: Binding assay using human AT1.";"B";"BAO_0000357";"single protein format";"Homo sapiens";"None";"None";"None";"None";"";"";"";"CHEMBL227";"Type-1 angiotensin II receptor";"Homo sapiens";"SINGLE PROTEIN";"CHEMBL3639103";"37";"BindingDB Patent Bioactivity Data";"";"2013";"None";"";"";"";"1.7"
"CHEMBL24322";"";"None";"550.67";"2";"5.51";"86";"CCCCc1nc2ccc(NC(=O)N(C)C(C)C)cc2c(=O)n1Cc1ccc(-c2ccccc2-c2nn[nH]n2)cc1";"IC50";"'='";"0.1";"nM";"10.00";"";"";"UO_0000065";"18.16";"0.33";"4.49";"8.22";"0";"CHEMBL881768";"Inhibitory concentration against angiotensin II receptor, type 1";"B";"BAO_0000357";"single protein format";"Homo sapiens";"None";"None";"None";"None";"";"";"";"CHEMBL227";"Type-1 angiotensin II receptor";"Homo sapiens";"SINGLE PROTEIN";"CHEMBL1140446";"1";"Scientific Literature";"J Med Chem";"2005";"None";"";"";"";"0.1"
"CHEMBL71639";"";"None";"709.91";"2";"8.05";"48";"CCCc1nc(CC)c(C(=O)OCCCSc2ccccc2)n1Cc1ccc(-c2ccccc2S(=O)(=O)NC(=O)OCCC(C)C)cc1F";"IC50";"'='";"0.2";"nM";"9.70";"";"";"UO_0000065";"13.66";"0.27";"1.65";"8.32";"0";"CHEMBL648492";"Binding affinity for Angiotensin II receptor, type 1";"B";"BAO_0000357";"single protein format";"None";"None";"None";"None";"None";"";"";"";"CHEMBL227";"Type-1 angiotensin II receptor";"Homo sapiens";"SINGLE PROTEIN";"CHEMBL1150518";"1";"Scientific Literature";"Bioorg Med Chem Lett";"1994";"None";"";"";"";"0.2"
"CHEMBL331450";"";"None";"723.75";"2";"6.12";"36";"CCCNC(=O)c1ccc(C(F)(F)F)c(-n2nc(CCC)n(Cc3ccc(-c4ccccc4S(=O)(=O)NC(=O)c4ccccc4)cc3F)c2=O)c1";"IC50";"'='";"1.0";"nM";"9.00";"";"";"UO_0000065";"12.44";"0.24";"2.88";"6.81";"0";"CHEMBL650312";"In vitro inhibitory activity against angiotensin II receptor type 1, in human adrenal membrane preparations.";"B";"BAO_0000249";"cell membrane format";"None";"None";"None";"None";"None";"";"";"";"CHEMBL227";"Type-1 angiotensin II receptor";"Homo sapiens";"SINGLE PROTEIN";"CHEMBL1128554";"1";"Scientific Literature";"J Med Chem";"1995";"None";"";"";"";"1.0"
"CHEMBL2063979";"";"None";"388.48";"0";"3.61";"21";"CCCCc1cnc(CO)n1Cc1ccc(-c2ccccc2-c2nn[nH]n2)cc1";"IC50";"'='";"30.0";"nM";"7.52";"";"";"UO_0000065";"19.36";"0.35";"3.91";"8.13";"0";"CHEMBL2067441";"Displacement of 125[I-Sar1-Ile8]ANG II from human AT1 receptor expressed in HEK293 membranes after 1 hr by gamma counting";"B";"BAO_0000249";"cell membrane format";"Homo sapiens";"None";"None";"HEK293";"None";"";"";"";"CHEMBL227";"Type-1 angiotensin II receptor";"Homo sapiens";"SINGLE PROTEIN";"CHEMBL2062490";"1";"Scientific Literature";"Eur J Med Chem";"2012";"CHEMBL3307715";"";"";"";"30.0"
"CHEMBL191";"LOSARTAN";"4.0";"422.92";"0";"4.27";"Losartan";"CCCCc1nc(Cl)c(CO)n1Cc1ccc(-c2ccccc2-c2nnn[nH]2)cc1";"IC50";"'='";"5.623";"nM";"8.25";"";"";"UO_0000065";"19.51";"0.38";"3.98";"8.92";"1";"CHEMBL2345156";"Displacement of [125I-Sar1-Ile8]-ANG2 from human Angiotensin 2 type-1 receptor expressed in HEK293 cells after 1 hr by gamma counting analysis";"B";"BAO_0000219";"cell-based format";"Homo sapiens";"None";"None";"HEK293";"None";"";"";"";"CHEMBL227";"Type-1 angiotensin II receptor";"Homo sapiens";"SINGLE PROTEIN";"CHEMBL2331233";"1";"Scientific Literature";"Eur J Med Chem";"2013";"CHEMBL3307715";"";"";"";"8.25"
"CHEMBL124903";"";"None";"719.76";"2";"6.21";"37";"CCCCNC(=O)c1ccc(C(F)(F)F)c(-n2nc(CC)n(Cc3ccc(-c4ccccc4S(=O)(=O)NC(=O)OC(C)(C)C)cc3F)c2=O)c1";"IC50";"'='";"8.8";"nM";"8.06";"";"";"UO_0000065";"11.19";"0.22";"1.85";"5.70";"0";"CHEMBL650312";"In vitro inhibitory activity against angiotensin II receptor type 1, in human adrenal membrane preparations.";"B";"BAO_0000249";"cell membrane format";"None";"None";"None";"None";"None";"";"";"";"CHEMBL227";"Type-1 angiotensin II receptor";"Homo sapiens";"SINGLE PROTEIN";"CHEMBL1128554";"1";"Scientific Literature";"J Med Chem";"1995";"None";"";"";"";"8.8"
"CHEMBL121872";"";"None";"744.68";"2";"6.35";"31";"CCCCNC(=O)c1ccc(Br)c(-n2nc(CCC)n(Cc3ccc(-c4ccccc4S(=O)(=O)NC(=O)OC(C)(C)C)cc3F)c2=O)c1";"IC50";"'='";"0.84";"nM";"9.08";"";"";"UO_0000065";"12.19";"0.26";"2.73";"6.42";"0";"CHEMBL650312";"In vitro inhibitory activity against angiotensin II receptor type 1, in human adrenal membrane preparations.";"B";"BAO_0000249";"cell membrane format";"None";"None";"None";"None";"None";"";"";"";"CHEMBL227";"Type-1 angiotensin II receptor";"Homo sapiens";"SINGLE PROTEIN";"CHEMBL1128554";"1";"Scientific Literature";"J Med Chem";"1995";"None";"";"";"";"0.84"
"CHEMBL907";"CARBOXYLIC ACID METABOLITE";"None";"436.90";"0";"4.47";"COOH-metabolite-losartan";"CCCCc1nc(Cl)c(C(=O)O)n1Cc1ccc(-c2ccccc2-c2nn[nH]n2)cc1";"IC50";"'='";"2.0";"nM";"8.70";"";"";"UO_0000065";"19.91";"0.38";"4.23";"7.94";"0";"CHEMBL4322120";"Inhibition of ATR1 (unknown origin)";"B";"BAO_0000357";"single protein format";"Homo sapiens";"None";"None";"None";"None";"";"";"";"CHEMBL227";"Type-1 angiotensin II receptor";"Homo sapiens";"SINGLE PROTEIN";"CHEMBL4321789";"1";"Scientific Literature";"J Med Chem";"2019";"None";"";"";"";"2.0"
"CHEMBL332576";"";"None";"691.70";"2";"6.03";"18";"CCCCc1nn(-c2cc(NC(=O)CC)ccc2C(F)(F)F)c(=O)n1Cc1ccc(-c2ccccc2S(=O)(=O)NC(=O)OCC)cc1F";"IC50";"'<'";"0.3";"nM";"";"";"";"UO_0000065";"";"";"";"";"0";"CHEMBL650312";"In vitro inhibitory activity against angiotensin II receptor type 1, in human adrenal membrane preparations.";"B";"BAO_0000249";"cell membrane format";"None";"None";"None";"None";"None";"";"";"";"CHEMBL227";"Type-1 angiotensin II receptor";"Homo sapiens";"SINGLE PROTEIN";"CHEMBL1128554";"1";"Scientific Literature";"J Med Chem";"1995";"None";"";"";"";"0.3"
"CHEMBL333126";"";"None";"514.63";"2";"5.42";"4";"CCCCc1ncc(/C=C2/C(=O)NC(=O)N2CCCC)n1Cc1ccc(-c2ccccc2C(=O)OC)cc1";"IC50";"'='";"15.9";"nM";"7.80";"";"";"UO_0000065";"15.15";"0.28";"2.38";"8.34";"0";"CHEMBL3056799";"Antagonist activity at angiotensin 2 type-1 receptor (unknown origin)";"B";"BAO_0000357";"single protein format";"Homo sapiens";"None";"None";"None";"None";"";"";"";"CHEMBL227";"Type-1 angiotensin II receptor";"Homo sapiens";"SINGLE PROTEIN";"CHEMBL3045634";"1";"Scientific Literature";"Med Chem Res";"2010";"None";"";"";"";"15.9"
"CHEMBL2337684";"";"None";"625.56";"2";"6.95";"13";"CCCCc1c[n+](Cc2ccc(-c3ccccc3C(=O)O)cc2)cn1Cc1ccc(-c2ccccc2C(=O)O)cc1.[Br-]";"IC50";"'='";"331.13";"nM";"6.48";"";"";"UO_0000065";"11.88";"0.22";"-0.47";"7.77";"0";"CHEMBL2345156";"Displacement of [125I-Sar1-Ile8]-ANG2 from human Angiotensin 2 type-1 receptor expressed in HEK293 cells after 1 hr by gamma counting analysis";"B";"BAO_0000219";"cell-based format";"Homo sapiens";"None";"None";"HEK293";"None";"";"";"";"CHEMBL227";"Type-1 angiotensin II receptor";"Homo sapiens";"SINGLE PROTEIN";"CHEMBL2331233";"1";"Scientific Literature";"Eur J Med Chem";"2013";"CHEMBL3307715";"";"";"";"6.48"
"CHEMBL2337688";"";"None";"717.59";"2";"5.54";"12b";"CCCCc1c[n+](Cc2ccc(-c3ccccc3-c3nn[n-]n3)cc2)cn1Cc1ccc(-c2ccccc2-c2nn[n-]n2)cc1.[Br-].[Na+].[Na+]";"IC50";"'='";"2.884";"nM";"8.54";"";"";"UO_0000065";"14.41";"0.26";"3.00";"7.36";"0";"CHEMBL2345156";"Displacement of [125I-Sar1-Ile8]-ANG2 from human Angiotensin 2 type-1 receptor expressed in HEK293 cells after 1 hr by gamma counting analysis";"B";"BAO_0000219";"cell-based format";"Homo sapiens";"None";"None";"HEK293";"None";"";"";"";"CHEMBL227";"Type-1 angiotensin II receptor";"Homo sapiens";"SINGLE PROTEIN";"CHEMBL2331233";"1";"Scientific Literature";"Eur J Med Chem";"2013";"CHEMBL3307715";"";"";"";"8.54"
"CHEMBL334326";"";"None";"520.59";"1";"3.18";"47";"CCCCc1ncc(/C=C2/C(=O)N(CCCC)C(=O)N2Cc2nn[nH]n2)n1Cc1ccc(C(=O)OC)cc1";"IC50";"'='";"41.7";"nM";"7.38";"";"";"UO_0000065";"14.18";"0.27";"4.20";"5.30";"0";"CHEMBL3056799";"Antagonist activity at angiotensin 2 type-1 receptor (unknown origin)";"B";"BAO_0000357";"single protein format";"Homo sapiens";"None";"None";"None";"None";"";"";"";"CHEMBL227";"Type-1 angiotensin II receptor";"Homo sapiens";"SINGLE PROTEIN";"CHEMBL3045634";"1";"Scientific Literature";"Med Chem Res";"2010";"None";"";"";"";"41.7"
"CHEMBL330942";"";"None";"545.64";"1";"4.30";"42";"CCCCc1ncc(/C=C2/C(=O)N(CCCC)C(=O)N2Cc2cccc[n+]2[O-])n1Cc1ccc(C(=O)OC)cc1";"IC50";"'='";"260.0";"nM";"6.58";"";"";"UO_0000065";"12.07";"0.22";"2.29";"5.90";"0";"CHEMBL3056799";"Antagonist activity at angiotensin 2 type-1 receptor (unknown origin)";"B";"BAO_0000357";"single protein format";"Homo sapiens";"None";"None";"None";"None";"";"";"";"CHEMBL227";"Type-1 angiotensin II receptor";"Homo sapiens";"SINGLE PROTEIN";"CHEMBL3045634";"1";"Scientific Literature";"Med Chem Res";"2010";"None";"";"";"";"260.0"
"CHEMBL124141";"";"None";"547.66";"2";"5.27";"39";"CCCCc1ncc(/C=C2/C(=O)N(CCCC)C(=O)N2Cc2c(C)noc2C)n1Cc1ccc(C(=O)OC)cc1";"IC50";"'='";"198.0";"nM";"6.70";"";"";"UO_0000065";"12.24";"0.23";"1.43";"6.05";"0";"CHEMBL3056799";"Antagonist activity at angiotensin 2 type-1 receptor (unknown origin)";"B";"BAO_0000357";"single protein format";"Homo sapiens";"None";"None";"None";"None";"";"";"";"CHEMBL227";"Type-1 angiotensin II receptor";"Homo sapiens";"SINGLE PROTEIN";"CHEMBL3045634";"1";"Scientific Literature";"Med Chem Res";"2010";"None";"";"";"";"198.0"
"CHEMBL124913";"";"None";"550.69";"1";"4.70";"38";"CCCCc1ncc(/C=C2/C(=O)N(CCCC)C(=O)N2Cc2csc(N)n2)n1Cc1ccc(C(=O)OC)cc1";"IC50";"'='";"1.2";"nM";"8.92";"";"";"UO_0000065";"16.20";"0.31";"4.22";"7.21";"0";"CHEMBL3056799";"Antagonist activity at angiotensin 2 type-1 receptor (unknown origin)";"B";"BAO_0000357";"single protein format";"Homo sapiens";"None";"None";"None";"None";"";"";"";"CHEMBL227";"Type-1 angiotensin II receptor";"Homo sapiens";"SINGLE PROTEIN";"CHEMBL3045634";"1";"Scientific Literature";"Med Chem Res";"2010";"None";"";"";"";"1.2"
"CHEMBL339404";"";"None";"534.68";"2";"5.73";"33";"CCCCc1ncc(/C=C2/C(=O)N(CCCC)C(=O)N2Cc2ccsc2)n1Cc1ccc(C(=O)OC)cc1";"IC50";"'='";"4.8";"nM";"8.32";"";"";"UO_0000065";"15.56";"0.30";"2.59";"9.82";"0";"CHEMBL3056799";"Antagonist activity at angiotensin 2 type-1 receptor (unknown origin)";"B";"BAO_0000357";"single protein format";"Homo sapiens";"None";"None";"None";"None";"";"";"";"CHEMBL227";"Type-1 angiotensin II receptor";"Homo sapiens";"SINGLE PROTEIN";"CHEMBL3045634";"1";"Scientific Literature";"Med Chem Res";"2010";"None";"";"";"";"4.8"
"CHEMBL331511";"";"None";"534.68";"2";"5.73";"31";"CCCCc1ncc(/C=C2/C(=O)N(CCCC)C(=O)N2Cc2cccs2)n1Cc1ccc(C(=O)OC)cc1";"IC50";"'='";"3.4";"nM";"8.47";"";"";"UO_0000065";"15.84";"0.30";"2.74";"9.99";"0";"CHEMBL3056799";"Antagonist activity at angiotensin 2 type-1 receptor (unknown origin)";"B";"BAO_0000357";"single protein format";"Homo sapiens";"None";"None";"None";"None";"";"";"";"CHEMBL227";"Type-1 angiotensin II receptor";"Homo sapiens";"SINGLE PROTEIN";"CHEMBL3045634";"1";"Scientific Literature";"Med Chem Res";"2010";"None";"";"";"";"3.4"
"CHEMBL2259781";"";"None";"604.75";"2";"7.33";"26";"CCCCc1ncc(/C=C2/C(=O)N(CCCC)C(=O)N2Cc2ccc(-c3ccccc3)cc2)n1Cc1ccc(C(=O)OC)cc1";"IC50";"'='";"884.0";"nM";"6.05";"";"";"UO_0000065";"10.01";"0.18";"-1.28";"7.14";"0";"CHEMBL3056799";"Antagonist activity at angiotensin 2 type-1 receptor (unknown origin)";"B";"BAO_0000357";"single protein format";"Homo sapiens";"None";"None";"None";"None";"";"";"";"CHEMBL227";"Type-1 angiotensin II receptor";"Homo sapiens";"SINGLE PROTEIN";"CHEMBL3045634";"1";"Scientific Literature";"Med Chem Res";"2010";"None";"";"";"";"884.0"
"CHEMBL3736244";"";"None";"601.78";"2";"7.28";"20S";"CCCSc1nc2c(C)cc(C(=O)NC[C@@H](C)c3ccccc3)cc2n1Cc1ccc(-c2ccccc2-c2nnn[nH]2)cc1";"IC50";"'='";"2.7";"nM";"8.57";"";"";"UO_0000065";"14.24";"0.27";"1.29";"8.45";"0";"CHEMBL3736606";"Displacement of [125I]Sar1Ile8-Ang2 from human AT1 receptor expressed in CHO-K1 cell membranes after 180 mins";"B";"BAO_0000219";"cell-based format";"Homo sapiens";"None";"None";"CHO-K1";"None";"";"";"";"CHEMBL227";"Type-1 angiotensin II receptor";"Homo sapiens";"SINGLE PROTEIN";"CHEMBL3734751";"1";"Scientific Literature";"Eur J Med Chem";"2015";"CHEMBL3307512";"";"";"";"2.7"
"CHEMBL3735390";"";"None";"563.72";"2";"7.40";"17S";"CCSc1nc2c(C)cc(C(=O)NC[C@@H](C)c3ccccc3)cc2n1Cc1ccc(-c2ccccc2C(=O)O)cc1";"IC50";"'='";"788.4";"nM";"6.10";"";"";"UO_0000065";"10.83";"0.20";"-1.30";"7.25";"0";"CHEMBL3736606";"Displacement of [125I]Sar1Ile8-Ang2 from human AT1 receptor expressed in CHO-K1 cell membranes after 180 mins";"B";"BAO_0000219";"cell-based format";"Homo sapiens";"None";"None";"CHO-K1";"None";"";"";"";"CHEMBL227";"Type-1 angiotensin II receptor";"Homo sapiens";"SINGLE PROTEIN";"CHEMBL3734751";"1";"Scientific Literature";"Eur J Med Chem";"2015";"CHEMBL3307512";"";"";"";"788.4"
"CHEMBL3735641";"";"None";"571.69";"2";"5.66";"10R";"CCCc1nc2c(C)cc(C(=O)NC[C@H](O)c3ccccc3)cc2n1Cc1ccc(-c2ccccc2-c2nnn[nH]2)cc1";"IC50";"'='";"161.1";"nM";"6.79";"";"";"UO_0000065";"11.88";"0.22";"1.13";"5.59";"0";"CHEMBL3736606";"Displacement of [125I]Sar1Ile8-Ang2 from human AT1 receptor expressed in CHO-K1 cell membranes after 180 mins";"B";"BAO_0000219";"cell-based format";"Homo sapiens";"None";"None";"CHO-K1";"None";"";"";"";"CHEMBL227";"Type-1 angiotensin II receptor";"Homo sapiens";"SINGLE PROTEIN";"CHEMBL3734751";"1";"Scientific Literature";"Eur J Med Chem";"2015";"CHEMBL3307512";"";"";"";"161.1"
"CHEMBL2058860";"";"None";"569.71";"2";"6.73";"8";"CCCc1nc2c(C)cc(C(=O)NCC(C)c3ccccc3)cc2n1Cc1ccc(-c2ccccc2-c2nnn[nH]2)cc1";"IC50";"'='";"16.7";"nM";"7.78";"";"";"UO_0000065";"13.65";"0.25";"1.05";"7.67";"0";"CHEMBL3736606";"Displacement of [125I]Sar1Ile8-Ang2 from human AT1 receptor expressed in CHO-K1 cell membranes after 180 mins";"B";"BAO_0000219";"cell-based format";"Homo sapiens";"None";"None";"CHO-K1";"None";"";"";"";"CHEMBL227";"Type-1 angiotensin II receptor";"Homo sapiens";"SINGLE PROTEIN";"CHEMBL3734751";"1";"Scientific Literature";"Eur J Med Chem";"2015";"CHEMBL3307512";"";"";"";"16.7"
"CHEMBL3735769";"";"None";"585.71";"2";"6.31";"6R";"CCCc1nc2c(C)cc(C(=O)N[C@@H](COC)c3ccccc3)cc2n1Cc1ccc(-c2ccccc2-c2nnn[nH]2)cc1";"IC50";"'='";"38.9";"nM";"7.41";"";"";"UO_0000065";"12.65";"0.23";"1.10";"6.70";"0";"CHEMBL3736606";"Displacement of [125I]Sar1Ile8-Ang2 from human AT1 receptor expressed in CHO-K1 cell membranes after 180 mins";"B";"BAO_0000219";"cell-based format";"Homo sapiens";"None";"None";"CHO-K1";"None";"";"";"";"CHEMBL227";"Type-1 angiotensin II receptor";"Homo sapiens";"SINGLE PROTEIN";"CHEMBL3734751";"1";"Scientific Literature";"Eur J Med Chem";"2015";"CHEMBL3307512";"";"";"";"38.9"
"CHEMBL2158326";"";"None";"501.82";"2";"5.61";"55";"O=C(Oc1coc(CSc2ccc(OC(F)(F)F)cc2)cc1=O)c1ccc(Cl)c([N+](=O)[O-])c1";"IC50";"'>'";"79000.0";"nM";"";"";"";"UO_0000065";"";"";"";"";"0";"CHEMBL2161529";"Inhibition of AT1 receptor";"B";"BAO_0000357";"single protein format";"None";"None";"None";"None";"None";"";"";"";"CHEMBL227";"Type-1 angiotensin II receptor";"Homo sapiens";"SINGLE PROTEIN";"CHEMBL2157975";"1";"Scientific Literature";"Bioorg Med Chem Lett";"2012";"None";"";"";"";"79.0"
"CHEMBL2158324";"";"None";"264.31";"0";"2.04";"53";"Cc1cc(C)nc(SCc2cc(=O)c(O)co2)n1";"IC50";"'>'";"79000.0";"nM";"";"";"";"UO_0000065";"";"";"";"";"0";"CHEMBL2161529";"Inhibition of AT1 receptor";"B";"BAO_0000357";"single protein format";"None";"None";"None";"None";"None";"";"";"";"CHEMBL227";"Type-1 angiotensin II receptor";"Homo sapiens";"SINGLE PROTEIN";"CHEMBL2157975";"1";"Scientific Literature";"Bioorg Med Chem Lett";"2012";"None";"";"";"";"79.0"
"CHEMBL2158277";"";"None";"422.38";"0";"4.27";"35";"Cc1ccnc(SCc2cc(=O)c(OC(=O)c3ccc(C(F)(F)F)cc3)co2)n1";"IC50";"'>'";"79000.0";"nM";"";"";"";"UO_0000065";"";"";"";"";"0";"CHEMBL2161529";"Inhibition of AT1 receptor";"B";"BAO_0000357";"single protein format";"None";"None";"None";"None";"None";"";"";"";"CHEMBL227";"Type-1 angiotensin II receptor";"Homo sapiens";"SINGLE PROTEIN";"CHEMBL2157975";"1";"Scientific Literature";"Bioorg Med Chem Lett";"2012";"None";"";"";"";"79.0"
"CHEMBL4128926";"";"None";"583.78";"2";"5.76";"1j";"CC(C)(C)NS(=O)(=O)c1ccc(-c2sc(C(=O)N[C@H]3C[C@H](C(=O)O)C3)nc2CC2CCCCC2)c2ccccc12";"IC50";"'='";"0.47";"nM";"9.33";"";"";"UO_0000065";"15.98";"0.32";"3.57";"7.43";"0";"CHEMBL4121471";"Displacement of [125I][Sar1,Ile8]-AT-II from human recombinant AT1 receptor after 120 mins by scintillation counting analysis";"B";"BAO_0000357";"single protein format";"Homo sapiens";"None";"None";"None";"None";"";"";"";"CHEMBL227";"Type-1 angiotensin II receptor";"Homo sapiens";"SINGLE PROTEIN";"CHEMBL4118122";"1";"Scientific Literature";"Bioorg Med Chem Lett";"2018";"None";"";"";"";"0.47"
"CHEMBL125383";"";"None";"535.67";"2";"5.34";"71";"CCCCc1ncc(/C=C2\C(=O)N(CCCC)C(=O)N2Cc2csc(C)n2)n1Cc1ccc(C(=O)O)cc1";"IC50";"'='";"1.7";"nM";"8.77";"";"";"UO_0000065";"16.37";"0.32";"3.43";"8.07";"0";"CHEMBL3056799";"Antagonist activity at angiotensin 2 type-1 receptor (unknown origin)";"B";"BAO_0000357";"single protein format";"Homo sapiens";"None";"None";"None";"None";"";"";"";"CHEMBL227";"Type-1 angiotensin II receptor";"Homo sapiens";"SINGLE PROTEIN";"CHEMBL3045634";"1";"Scientific Literature";"Med Chem Res";"2010";"None";"";"";"";"1.7"
"CHEMBL125697";"";"None";"613.58";"2";"6.49";"37";"CCCCc1ncc(/C=C2/C(=O)N(CCCC)C(=O)N2Cc2cc(Br)cs2)n1Cc1ccc(C(=O)OC)cc1";"IC50";"'='";"21.9";"nM";"7.66";"";"";"UO_0000065";"12.48";"0.27";"1.17";"9.04";"0";"CHEMBL3056799";"Antagonist activity at angiotensin 2 type-1 receptor (unknown origin)";"B";"BAO_0000357";"single protein format";"Homo sapiens";"None";"None";"None";"None";"";"";"";"CHEMBL227";"Type-1 angiotensin II receptor";"Homo sapiens";"SINGLE PROTEIN";"CHEMBL3045634";"1";"Scientific Literature";"Med Chem Res";"2010";"None";"";"";"";"21.9"
"CHEMBL341151";"";"None";"548.61";"2";"5.81";"29";"CCCCc1ncc(/C=C2/C(=O)N(CCCC)C(=O)N2CCCC(F)(F)F)n1Cc1ccc(C(=O)OC)cc1";"IC50";"'='";"6.4";"nM";"8.19";"";"";"UO_0000065";"14.94";"0.29";"2.38";"9.67";"0";"CHEMBL3056799";"Antagonist activity at angiotensin 2 type-1 receptor (unknown origin)";"B";"BAO_0000357";"single protein format";"Homo sapiens";"None";"None";"None";"None";"";"";"";"CHEMBL227";"Type-1 angiotensin II receptor";"Homo sapiens";"SINGLE PROTEIN";"CHEMBL3045634";"1";"Scientific Literature";"Med Chem Res";"2010";"None";"";"";"";"6.4"
"CHEMBL125940";"";"None";"448.53";"0";"3.15";"8";"CCCCc1ncc(/C=C2\C(=O)NC(=O)N2CCCC)n1Cc1ccc(-c2nn[nH]n2)cc1";"IC50";"'='";"4.2";"nM";"8.38";"";"";"UO_0000065";"18.68";"0.35";"5.23";"6.88";"0";"CHEMBL3056799";"Antagonist activity at angiotensin 2 type-1 receptor (unknown origin)";"B";"BAO_0000357";"single protein format";"Homo sapiens";"None";"None";"None";"None";"";"";"";"CHEMBL227";"Type-1 angiotensin II receptor";"Homo sapiens";"SINGLE PROTEIN";"CHEMBL3045634";"1";"Scientific Literature";"Med Chem Res";"2010";"None";"";"";"";"4.2"
"CHEMBL3736451";"";"None";"547.66";"2";"6.69";"13S";"CCOc1nc2c(C)cc(C(=O)NC[C@@H](C)c3ccccc3)cc2n1Cc1ccc(-c2ccccc2C(=O)O)cc1";"IC50";"'='";"57.4";"nM";"7.24";"";"";"UO_0000065";"13.22";"0.24";"0.55";"7.75";"0";"CHEMBL3736606";"Displacement of [125I]Sar1Ile8-Ang2 from human AT1 receptor expressed in CHO-K1 cell membranes after 180 mins";"B";"BAO_0000219";"cell-based format";"Homo sapiens";"None";"None";"CHO-K1";"None";"";"";"";"CHEMBL227";"Type-1 angiotensin II receptor";"Homo sapiens";"SINGLE PROTEIN";"CHEMBL3734751";"1";"Scientific Literature";"Eur J Med Chem";"2015";"CHEMBL3307512";"";"";"";"57.4"
"CHEMBL2158281";"";"None";"433.83";"0";"3.81";"40";"Cc1ccnc(SCc2cc(=O)c(OC(=O)c3cc(Cl)ccc3[N+](=O)[O-])co2)n1";"IC50";"'>'";"79000.0";"nM";"";"";"";"UO_0000065";"";"";"";"";"0";"CHEMBL2161529";"Inhibition of AT1 receptor";"B";"BAO_0000357";"single protein format";"None";"None";"None";"None";"None";"";"";"";"CHEMBL227";"Type-1 angiotensin II receptor";"Homo sapiens";"SINGLE PROTEIN";"CHEMBL2157975";"1";"Scientific Literature";"Bioorg Med Chem Lett";"2012";"None";"";"";"";"79.0"
"CHEMBL2158320";"";"None";"234.28";"0";"2.64";"49";"O=c1cc(CSc2ccccc2)occ1O";"IC50";"'>'";"79000.0";"nM";"";"";"";"UO_0000065";"";"";"";"";"0";"CHEMBL2161529";"Inhibition of AT1 receptor";"B";"BAO_0000357";"single protein format";"None";"None";"None";"None";"None";"";"";"";"CHEMBL227";"Type-1 angiotensin II receptor";"Homo sapiens";"SINGLE PROTEIN";"CHEMBL2157975";"1";"Scientific Literature";"Bioorg Med Chem Lett";"2012";"None";"";"";"";"79.0"
"CHEMBL1346478";"";"None";"433.83";"0";"3.81";"29, MLS-0224164";"Cc1ccnc(SCc2cc(=O)c(OC(=O)c3ccc(Cl)c([N+](=O)[O-])c3)co2)n1";"IC50";"'>'";"79000.0";"nM";"";"";"";"UO_0000065";"";"";"";"";"0";"CHEMBL2161529";"Inhibition of AT1 receptor";"B";"BAO_0000357";"single protein format";"None";"None";"None";"None";"None";"";"";"";"CHEMBL227";"Type-1 angiotensin II receptor";"Homo sapiens";"SINGLE PROTEIN";"CHEMBL2157975";"1";"Scientific Literature";"Bioorg Med Chem Lett";"2012";"None";"";"";"";"79.0"
"CHEMBL2158342";"";"None";"465.83";"0";"2.49";"72";"Cc1ccnc(S(=O)(=O)Cc2cc(=O)c(OC(=O)c3ccc(Cl)c([N+](=O)[O-])c3)co2)n1";"IC50";"'>'";"79000.0";"nM";"";"";"";"UO_0000065";"";"";"";"";"0";"CHEMBL2161529";"Inhibition of AT1 receptor";"B";"BAO_0000357";"single protein format";"None";"None";"None";"None";"None";"";"";"";"CHEMBL227";"Type-1 angiotensin II receptor";"Homo sapiens";"SINGLE PROTEIN";"CHEMBL2157975";"1";"Scientific Literature";"Bioorg Med Chem Lett";"2012";"None";"";"";"";"79.0"
"CHEMBL191";"LOSARTAN";"4.0";"422.92";"0";"4.27";"EUB0000371a";"CCCCc1nc(Cl)c(CO)n1Cc1ccc(-c2ccccc2-c2nnn[nH]2)cc1";"IC50";"'='";"24.86";"nM";"7.60";"";"";"UO_0000065";"";"";"";"";"0";"CHEMBL5442690";"GPCR PRESTO-Tango dose-response in antagonist mode with target: AGTR1";"F";"BAO_0000219";"cell-based format";"Homo sapiens";"None";"None";"HTLA";"None";"";"";"";"CHEMBL227";"Type-1 angiotensin II receptor";"Homo sapiens";"SINGLE PROTEIN";"CHEMBL5442687";"55";"EUbOPEN Chemogenomic Library";"";"2024";"CHEMBL5446261";"";"ANTAGONIST";"";"0.0248636"
"CHEMBL531742";"";"None";"447.97";"1";"5.52";"EUB0000427aCl";"CCc1ccc(OCc2ccccc2C(=O)Nc2ccc3nc(C)cc(N)c3c2)cc1.Cl";"IC50";"'='";"4409.59";"nM";"5.36";"";"";"UO_0000065";"";"";"";"";"0";"CHEMBL5442690";"GPCR PRESTO-Tango dose-response in antagonist mode with target: AGTR1";"F";"BAO_0000219";"cell-based format";"Homo sapiens";"None";"None";"HTLA";"None";"";"";"";"CHEMBL227";"Type-1 angiotensin II receptor";"Homo sapiens";"SINGLE PROTEIN";"CHEMBL5442687";"55";"EUbOPEN Chemogenomic Library";"";"2024";"CHEMBL5446261";"";"ANTAGONIST";"";"4.40959"
"CHEMBL2440454";"";"None";"475.00";"0";"4.53";"EUB0000392aCl";"CCc1cc2c(c(CC)n1)CCC(=O)N2Cc1ccc(-c2ccccc2-c2nnn[nH]2)cc1.Cl";"IC50";"'='";"0.6063";"nM";"9.22";"";"";"UO_0000065";"";"";"";"";"0";"CHEMBL5442690";"GPCR PRESTO-Tango dose-response in antagonist mode with target: AGTR1";"F";"BAO_0000219";"cell-based format";"Homo sapiens";"None";"None";"HTLA";"None";"";"";"";"CHEMBL227";"Type-1 angiotensin II receptor";"Homo sapiens";"SINGLE PROTEIN";"CHEMBL5442687";"55";"EUbOPEN Chemogenomic Library";"";"2024";"CHEMBL5446261";"";"ANTAGONIST";"";"0.000606306"
"CHEMBL4280574";"";"None";"571.75";"2";"5.70";"12";"CCCCc1nc(C)c(CC(=S)N2[C@H](C)CC[C@H]2C)c(=O)n1Cc1ccc(-c2ccccc2-c2noc(=O)[nH]2)cc1";"IC50";"'='";"1.8";"nM";"8.74";"";"";"UO_0000065";"";"";"";"";"0";"CHEMBL4267128";"Antagonist activity at type-1 angiotensin 2 receptor (unknown origin) by calcium mobilizing assay";"F";"BAO_0000019";"assay format";"Homo sapiens";"None";"None";"None";"None";"";"";"";"CHEMBL227";"Type-1 angiotensin II receptor";"Homo sapiens";"SINGLE PROTEIN";"CHEMBL4265900";"1";"Scientific Literature";"Bioorg Med Chem Lett";"2018";"None";"";"";"";"1.8"
"CHEMBL5277518";"";"None";"359.40";"0";"2.86";"4c";"CS(=O)(=O)n1c(COCc2ccccc2)c(C(=O)O)c2ccccc21";"IC50";"'='";"25.5";"nM";"7.59";"";"";"UO_0000065";"21.13";"0.41";"4.73";"8.87";"0";"CHEMBL5252200";"Displacement of [125I]-Angiotensin II from Angiotensin II type-1 receptor in VSMC cells (unknown origin) by competition radioligand binding assay";"B";"BAO_0000219";"cell-based format";"Homo sapiens";"None";"None";"VSMC";"None";"";"";"";"CHEMBL227";"Type-1 angiotensin II receptor";"Homo sapiens";"SINGLE PROTEIN";"CHEMBL5247668";"1";"Scientific Literature";"Bioorg Med Chem Lett";"2023";"None";"";"ANTAGONIST";"";"25.5"
"CHEMBL191";"LOSARTAN";"4.0";"422.92";"0";"4.27";"Losartan";"CCCCc1nc(Cl)c(CO)n1Cc1ccc(-c2ccccc2-c2nnn[nH]2)cc1";"IC50";"'='";"14.64";"nM";"7.83";"";"";"UO_0000065";"18.52";"0.36";"3.56";"8.47";"0";"CHEMBL5252200";"Displacement of [125I]-Angiotensin II from Angiotensin II type-1 receptor in VSMC cells (unknown origin) by competition radioligand binding assay";"B";"BAO_0000219";"cell-based format";"Homo sapiens";"None";"None";"VSMC";"None";"";"";"";"CHEMBL227";"Type-1 angiotensin II receptor";"Homo sapiens";"SINGLE PROTEIN";"CHEMBL5247668";"1";"Scientific Literature";"Bioorg Med Chem Lett";"2023";"None";"";"ANTAGONIST";"";"14.64"
"CHEMBL28917";"";"None";"583.70";"2";"6.14";"1";"CCCCCN(C(=O)c1ccccc1)c1ccc2ncn(Cc3ccc(-c4ccccc4-c4nnnn4C)cc3)c(=O)c2c1";"IC50";"'='";"6.9";"nM";"8.16";"";"";"UO_0000065";"13.98";"0.25";"2.02";"8.26";"0";"CHEMBL652866";"Binding affinity against AT1 receptor in human adrenal tissue";"B";"BAO_0000221";"tissue-based format";"Homo sapiens";"CHEMBL3638272";"Adrenal tissue";"None";"None";"";"";"";"CHEMBL227";"Type-1 angiotensin II receptor";"Homo sapiens";"SINGLE PROTEIN";"CHEMBL1128754";"1";"Scientific Literature";"Bioorg Med Chem Lett";"1995";"None";"";"";"";"6.9"
"CHEMBL302760";"";"None";"611.71";"2";"5.88";"10e";"CCCc1nc(CNC(=O)C(c2ccccc2)c2ccccc2)c(C(=O)O)n1Cc1ccc(-c2ccccc2-c2nn[nH]n2)cc1";"IC50";"'='";"10.0";"nM";"8.00";"";"";"UO_0000065";"13.08";"0.24";"2.12";"5.77";"0";"CHEMBL647574";"In vitro binding affinity of compound against Angiotensin II receptor, type 1";"B";"BAO_0000357";"single protein format";"None";"None";"None";"None";"None";"";"";"";"CHEMBL227";"Type-1 angiotensin II receptor";"Homo sapiens";"SINGLE PROTEIN";"CHEMBL1127975";"1";"Scientific Literature";"Bioorg Med Chem Lett";"1994";"None";"";"";"";"10.0"
"CHEMBL306340";"";"None";"692.85";"2";"6.91";"61";"CCCc1nc(CC)c(C(=O)NCCCOc2ccccc2)n1Cc1ccc(-c2ccccc2S(=O)(=O)NC(=O)OCCC(C)C)cc1F";"IC50";"'='";"0.3";"nM";"9.52";"";"";"UO_0000065";"13.74";"0.27";"2.61";"7.40";"0";"CHEMBL648492";"Binding affinity for Angiotensin II receptor, type 1";"B";"BAO_0000357";"single protein format";"None";"None";"None";"None";"None";"";"";"";"CHEMBL227";"Type-1 angiotensin II receptor";"Homo sapiens";"SINGLE PROTEIN";"CHEMBL1150518";"1";"Scientific Literature";"Bioorg Med Chem Lett";"1994";"None";"";"";"";"0.3"
"CHEMBL70801";"";"None";"590.69";"1";"4.39";"12a";"CCCc1nc(CN2CCN(C(=O)c3ccccc3)CC2)c(C(=O)O)n1Cc1ccc(-c2ccccc2-c2nn[nH]n2)cc1";"IC50";"'='";"5.0";"nM";"8.30";"";"";"UO_0000065";"14.05";"0.26";"3.91";"6.24";"0";"CHEMBL647574";"In vitro binding affinity of compound against Angiotensin II receptor, type 1";"B";"BAO_0000357";"single protein format";"None";"None";"None";"None";"None";"";"";"";"CHEMBL227";"Type-1 angiotensin II receptor";"Homo sapiens";"SINGLE PROTEIN";"CHEMBL1127975";"1";"Scientific Literature";"Bioorg Med Chem Lett";"1994";"None";"";"";"";"5.0"
"CHEMBL306489";"";"None";"597.12";"2";"5.40";"12e";"CCCc1nc(CN2CCN(c3ccccc3Cl)CC2)c(C(=O)O)n1Cc1ccc(-c2ccccc2-c2nn[nH]n2)cc1";"IC50";"'='";"2.0";"nM";"8.70";"";"";"UO_0000065";"14.57";"0.28";"3.30";"7.50";"0";"CHEMBL647574";"In vitro binding affinity of compound against Angiotensin II receptor, type 1";"B";"BAO_0000357";"single protein format";"None";"None";"None";"None";"None";"";"";"";"CHEMBL227";"Type-1 angiotensin II receptor";"Homo sapiens";"SINGLE PROTEIN";"CHEMBL1127975";"1";"Scientific Literature";"Bioorg Med Chem Lett";"1994";"None";"";"";"";"2.0"
"CHEMBL5275739";"";"None";"371.46";"0";"4.23";"4e";"CCCCc1c(C(=O)O)c2ccccc2n1S(=O)(=O)c1ccc(C)cc1";"IC50";"'='";"28.3";"nM";"7.55";"";"";"UO_0000065";"20.32";"0.40";"3.32";"9.88";"0";"CHEMBL5252200";"Displacement of [125I]-Angiotensin II from Angiotensin II type-1 receptor in VSMC cells (unknown origin) by competition radioligand binding assay";"B";"BAO_0000219";"cell-based format";"Homo sapiens";"None";"None";"VSMC";"None";"";"";"";"CHEMBL227";"Type-1 angiotensin II receptor";"Homo sapiens";"SINGLE PROTEIN";"CHEMBL5247668";"1";"Scientific Literature";"Bioorg Med Chem Lett";"2023";"None";"";"ANTAGONIST";"";"28.3"
"CHEMBL2158263";"";"None";"473.53";"0";"2.73";"18";"O=C(Oc1coc(CSc2ncccn2)cc1=O)c1ccc(S(=O)(=O)N2CCCC2)cc1";"IC50";"'>'";"79000.0";"nM";"";"";"";"UO_0000065";"";"";"";"";"0";"CHEMBL2161529";"Inhibition of AT1 receptor";"B";"BAO_0000357";"single protein format";"None";"None";"None";"None";"None";"";"";"";"CHEMBL227";"Type-1 angiotensin II receptor";"Homo sapiens";"SINGLE PROTEIN";"CHEMBL2157975";"1";"Scientific Literature";"Bioorg Med Chem Lett";"2012";"None";"";"";"";"79.0"
"CHEMBL1308730";"";"None";"447.49";"0";"2.19";"17";"CN(C)S(=O)(=O)c1ccc(C(=O)Oc2coc(CSc3ncccn3)cc2=O)cc1";"IC50";"'>'";"79000.0";"nM";"";"";"";"UO_0000065";"";"";"";"";"0";"CHEMBL2161529";"Inhibition of AT1 receptor";"B";"BAO_0000357";"single protein format";"None";"None";"None";"None";"None";"";"";"";"CHEMBL227";"Type-1 angiotensin II receptor";"Homo sapiens";"SINGLE PROTEIN";"CHEMBL2157975";"1";"Scientific Literature";"Bioorg Med Chem Lett";"2012";"None";"";"";"";"79.0"
"CHEMBL2158262";"";"None";"358.35";"0";"3.08";"16";"O=C(Oc1coc(CSc2ncccn2)cc1=O)c1ccc(F)cc1";"IC50";"'>'";"79000.0";"nM";"";"";"";"UO_0000065";"";"";"";"";"0";"CHEMBL2161529";"Inhibition of AT1 receptor";"B";"BAO_0000357";"single protein format";"None";"None";"None";"None";"None";"";"";"";"CHEMBL227";"Type-1 angiotensin II receptor";"Homo sapiens";"SINGLE PROTEIN";"CHEMBL2157975";"1";"Scientific Literature";"Bioorg Med Chem Lett";"2012";"None";"";"";"";"79.0"
"CHEMBL2158351";"";"None";"354.39";"0";"3.25";"10";"Cc1ccc(C(=O)Oc2coc(CSc3ncccn3)cc2=O)cc1";"IC50";"'>'";"79000.0";"nM";"";"";"";"UO_0000065";"";"";"";"";"0";"CHEMBL2161529";"Inhibition of AT1 receptor";"B";"BAO_0000357";"single protein format";"None";"None";"None";"None";"None";"";"";"";"CHEMBL227";"Type-1 angiotensin II receptor";"Homo sapiens";"SINGLE PROTEIN";"CHEMBL2157975";"1";"Scientific Literature";"Bioorg Med Chem Lett";"2012";"None";"";"";"";"79.0"
"CHEMBL3640128";"";"None";"608.68";"2";"5.05";"BDBM99949";"CCc1cc2c(=O)n(CC(=O)c3ccc(OC)cc3C)c(=O)n(Cc3ccc(-c4ccccc4-c4nc(=O)o[nH]4)cc3)c2s1";"IC50";"'='";"1.0";"nM";"9.00";"";"216947";"UO_0000065";"14.79";"0.28";"3.95";"6.97";"0";"CHEMBL3705302";"Binding Assay: Binding assay using human AT1.";"B";"BAO_0000357";"single protein format";"Homo sapiens";"None";"None";"None";"None";"";"";"";"CHEMBL227";"Type-1 angiotensin II receptor";"Homo sapiens";"SINGLE PROTEIN";"CHEMBL3639103";"37";"BindingDB Patent Bioactivity Data";"";"2013";"None";"";"";"";"1.0"
"CHEMBL2158264";"";"None";"368.41";"0";"3.56";"19";"Cc1ccc(C(=O)Oc2coc(CSc3ncccn3)cc2=O)cc1C";"IC50";"'>'";"79000.0";"nM";"";"";"";"UO_0000065";"";"";"";"";"0";"CHEMBL2161529";"Inhibition of AT1 receptor";"B";"BAO_0000357";"single protein format";"None";"None";"None";"None";"None";"";"";"";"CHEMBL227";"Type-1 angiotensin II receptor";"Homo sapiens";"SINGLE PROTEIN";"CHEMBL2157975";"1";"Scientific Literature";"Bioorg Med Chem Lett";"2012";"None";"";"";"";"79.0"
"CHEMBL1377329";"";"None";"279.73";"0";"3.01";"SID26728229";"Cc1ccc(NNC(=O)c2c(C)noc2C)cc1Cl";"IC50";"'='";"5216.0";"nM";"5.28";"";"Active";"UO_0000065";"";"";"";"";"0";"CHEMBL1614336";"PUBCHEM_BIOASSAY: Dose Response screen for antagonists of Angiotensin II Receptor Type 1 to assess selectivity of uHTS small molecule antagonists hits of the APJ receptor. (Class of assay: confirmatory) [Related pubchem assays: 2569, 2521 ]";"F";"BAO_0000019";"assay format";"Homo sapiens";"None";"None";"None";"None";"";"";"";"CHEMBL227";"Type-1 angiotensin II receptor";"Homo sapiens";"SINGLE PROTEIN";"CHEMBL1201862";"7";"PubChem BioAssays";"";"";"None";"";"";"";"5.216"
"CHEMBL1338100";"";"None";"264.28";"0";"2.96";"SID49644714";"CC(=O)c1ccc(N=C2C(=O)Nc3ccccc32)cc1";"IC50";"'='";"3104.0";"nM";"5.51";"";"Active";"UO_0000065";"";"";"";"";"0";"CHEMBL1614336";"PUBCHEM_BIOASSAY: Dose Response screen for antagonists of Angiotensin II Receptor Type 1 to assess selectivity of uHTS small molecule antagonists hits of the APJ receptor. (Class of assay: confirmatory) [Related pubchem assays: 2569, 2521 ]";"F";"BAO_0000019";"assay format";"Homo sapiens";"None";"None";"None";"None";"";"";"";"CHEMBL227";"Type-1 angiotensin II receptor";"Homo sapiens";"SINGLE PROTEIN";"CHEMBL1201862";"7";"PubChem BioAssays";"";"";"None";"";"";"";"3.104"
"CHEMBL400912";"";"None";"304.15";"0";"2.61";"SID17431685";"O=C(N/N=C/c1ccccn1)c1ccc(Br)cc1";"IC50";"'='";"6762.0";"nM";"5.17";"";"Active";"UO_0000065";"";"";"";"";"0";"CHEMBL1614336";"PUBCHEM_BIOASSAY: Dose Response screen for antagonists of Angiotensin II Receptor Type 1 to assess selectivity of uHTS small molecule antagonists hits of the APJ receptor. (Class of assay: confirmatory) [Related pubchem assays: 2569, 2521 ]";"F";"BAO_0000019";"assay format";"Homo sapiens";"None";"None";"None";"None";"";"";"";"CHEMBL227";"Type-1 angiotensin II receptor";"Homo sapiens";"SINGLE PROTEIN";"CHEMBL1201862";"7";"PubChem BioAssays";"";"";"None";"";"";"";"6.762"
"CHEMBL1445650";"";"None";"328.39";"0";"3.35";"SID4263281";"COc1cc(NS(=O)(=O)c2ccc(C)cc2)c2ncccc2c1";"IC50";"'='";"3882.0";"nM";"5.41";"";"Active";"UO_0000065";"";"";"";"";"0";"CHEMBL1614336";"PUBCHEM_BIOASSAY: Dose Response screen for antagonists of Angiotensin II Receptor Type 1 to assess selectivity of uHTS small molecule antagonists hits of the APJ receptor. (Class of assay: confirmatory) [Related pubchem assays: 2569, 2521 ]";"F";"BAO_0000019";"assay format";"Homo sapiens";"None";"None";"None";"None";"";"";"";"CHEMBL227";"Type-1 angiotensin II receptor";"Homo sapiens";"SINGLE PROTEIN";"CHEMBL1201862";"7";"PubChem BioAssays";"";"";"None";"";"";"";"3.882"
"CHEMBL1602056";"";"None";"434.76";"0";"3.42";"SID24810156";"O=C(C[N+]1(CC#Cc2ccccc2)CCOCC1)c1ccc(Cl)cc1.[Br-]";"IC50";"'='";"39409.0";"nM";"4.40";"";"Not Active";"UO_0000065";"";"";"";"";"0";"CHEMBL1614336";"PUBCHEM_BIOASSAY: Dose Response screen for antagonists of Angiotensin II Receptor Type 1 to assess selectivity of uHTS small molecule antagonists hits of the APJ receptor. (Class of assay: confirmatory) [Related pubchem assays: 2569, 2521 ]";"F";"BAO_0000019";"assay format";"Homo sapiens";"None";"None";"None";"None";"";"";"";"CHEMBL227";"Type-1 angiotensin II receptor";"Homo sapiens";"SINGLE PROTEIN";"CHEMBL1201862";"7";"PubChem BioAssays";"";"";"None";"";"";"";"39.409"
"CHEMBL1563483";"";"None";"294.44";"0";"2.44";"SID4251553";"CCCCS(=O)(=O)/C=C\C=C/S(=O)(=O)CCCC";"IC50";"'='";"3673.0";"nM";"5.43";"";"Active";"UO_0000065";"";"";"";"";"0";"CHEMBL1614336";"PUBCHEM_BIOASSAY: Dose Response screen for antagonists of Angiotensin II Receptor Type 1 to assess selectivity of uHTS small molecule antagonists hits of the APJ receptor. (Class of assay: confirmatory) [Related pubchem assays: 2569, 2521 ]";"F";"BAO_0000019";"assay format";"Homo sapiens";"None";"None";"None";"None";"";"";"";"CHEMBL227";"Type-1 angiotensin II receptor";"Homo sapiens";"SINGLE PROTEIN";"CHEMBL1201862";"7";"PubChem BioAssays";"";"";"None";"";"";"";"3.673"
"CHEMBL1586425";"";"None";"317.78";"0";"1.38";"SID24817466";"CNC(=O)c1nnsc1S(=O)(=O)c1ccc(Cl)cc1";"IC50";"'='";"9675.0";"nM";"5.01";"";"Active";"UO_0000065";"";"";"";"";"0";"CHEMBL1614336";"PUBCHEM_BIOASSAY: Dose Response screen for antagonists of Angiotensin II Receptor Type 1 to assess selectivity of uHTS small molecule antagonists hits of the APJ receptor. (Class of assay: confirmatory) [Related pubchem assays: 2569, 2521 ]";"F";"BAO_0000019";"assay format";"Homo sapiens";"None";"None";"None";"None";"";"";"";"CHEMBL227";"Type-1 angiotensin II receptor";"Homo sapiens";"SINGLE PROTEIN";"CHEMBL1201862";"7";"PubChem BioAssays";"";"";"None";"";"";"";"9.675"
"CHEMBL1327546";"";"None";"166.18";"0";"0.96";"SID26666835";"CC(C)c1nc(C#N)c(NN)o1";"IC50";"'='";"25327.0";"nM";"4.60";"";"Not Active";"UO_0000065";"";"";"";"";"0";"CHEMBL1614336";"PUBCHEM_BIOASSAY: Dose Response screen for antagonists of Angiotensin II Receptor Type 1 to assess selectivity of uHTS small molecule antagonists hits of the APJ receptor. (Class of assay: confirmatory) [Related pubchem assays: 2569, 2521 ]";"F";"BAO_0000019";"assay format";"Homo sapiens";"None";"None";"None";"None";"";"";"";"CHEMBL227";"Type-1 angiotensin II receptor";"Homo sapiens";"SINGLE PROTEIN";"CHEMBL1201862";"7";"PubChem BioAssays";"";"";"None";"";"";"";"25.327"
"CHEMBL1413680";"";"None";"240.27";"0";"1.99";"SID26665255";"O=[N+]([O-])c1cnc(Sc2ccncn2)s1";"IC50";"'='";"5671.0";"nM";"5.25";"";"Active";"UO_0000065";"";"";"";"";"0";"CHEMBL1614336";"PUBCHEM_BIOASSAY: Dose Response screen for antagonists of Angiotensin II Receptor Type 1 to assess selectivity of uHTS small molecule antagonists hits of the APJ receptor. (Class of assay: confirmatory) [Related pubchem assays: 2569, 2521 ]";"F";"BAO_0000019";"assay format";"Homo sapiens";"None";"None";"None";"None";"";"";"";"CHEMBL227";"Type-1 angiotensin II receptor";"Homo sapiens";"SINGLE PROTEIN";"CHEMBL1201862";"7";"PubChem BioAssays";"";"";"None";"";"";"";"5.671"
"CHEMBL3208447";"";"None";"283.78";"0";"1.88";"SID22411832";"S=C(N/N=C/c1ccc(Cl)cc1)N1CCOCC1";"IC50";"'='";"7992.0";"nM";"5.10";"";"Active";"UO_0000065";"";"";"";"";"0";"CHEMBL1614336";"PUBCHEM_BIOASSAY: Dose Response screen for antagonists of Angiotensin II Receptor Type 1 to assess selectivity of uHTS small molecule antagonists hits of the APJ receptor. (Class of assay: confirmatory) [Related pubchem assays: 2569, 2521 ]";"F";"BAO_0000019";"assay format";"Homo sapiens";"None";"None";"None";"None";"";"";"";"CHEMBL227";"Type-1 angiotensin II receptor";"Homo sapiens";"SINGLE PROTEIN";"CHEMBL1201862";"7";"PubChem BioAssays";"";"";"None";"";"";"";"7.992"
"CHEMBL1424582";"";"None";"310.14";"0";"3.43";"SID14726414";"O=C(COC(=O)c1cccnc1)c1ccc(Cl)c(Cl)c1";"IC50";"'='";"36773.0";"nM";"4.43";"";"Not Active";"UO_0000065";"";"";"";"";"0";"CHEMBL1614336";"PUBCHEM_BIOASSAY: Dose Response screen for antagonists of Angiotensin II Receptor Type 1 to assess selectivity of uHTS small molecule antagonists hits of the APJ receptor. (Class of assay: confirmatory) [Related pubchem assays: 2569, 2521 ]";"F";"BAO_0000019";"assay format";"Homo sapiens";"None";"None";"None";"None";"";"";"";"CHEMBL227";"Type-1 angiotensin II receptor";"Homo sapiens";"SINGLE PROTEIN";"CHEMBL1201862";"7";"PubChem BioAssays";"";"";"None";"";"";"";"36.773"
"CHEMBL1346478";"";"None";"433.83";"0";"3.81";"SID17515299";"Cc1ccnc(SCc2cc(=O)c(OC(=O)c3ccc(Cl)c([N+](=O)[O-])c3)co2)n1";"IC50";"'>'";"40000.0";"nM";"";"";"Not Active";"UO_0000065";"";"";"";"";"0";"CHEMBL1614336";"PUBCHEM_BIOASSAY: Dose Response screen for antagonists of Angiotensin II Receptor Type 1 to assess selectivity of uHTS small molecule antagonists hits of the APJ receptor. (Class of assay: confirmatory) [Related pubchem assays: 2569, 2521 ]";"F";"BAO_0000019";"assay format";"Homo sapiens";"None";"None";"None";"None";"";"";"";"CHEMBL227";"Type-1 angiotensin II receptor";"Homo sapiens";"SINGLE PROTEIN";"CHEMBL1201862";"7";"PubChem BioAssays";"";"";"None";"";"";"";"40.0"
"CHEMBL2158354";"";"None";"398.44";"0";"3.73";"13";"CC(C)Oc1ccc(C(=O)Oc2coc(CSc3ncccn3)cc2=O)cc1";"IC50";"'>'";"79000.0";"nM";"";"";"";"UO_0000065";"";"";"";"";"0";"CHEMBL2161529";"Inhibition of AT1 receptor";"B";"BAO_0000357";"single protein format";"None";"None";"None";"None";"None";"";"";"";"CHEMBL227";"Type-1 angiotensin II receptor";"Homo sapiens";"SINGLE PROTEIN";"CHEMBL2157975";"1";"Scientific Literature";"Bioorg Med Chem Lett";"2012";"None";"";"";"";"79.0"
"CHEMBL2158353";"";"None";"384.41";"0";"3.34";"12";"CCOc1ccc(C(=O)Oc2coc(CSc3ncccn3)cc2=O)cc1";"IC50";"'>'";"79000.0";"nM";"";"";"";"UO_0000065";"";"";"";"";"0";"CHEMBL2161529";"Inhibition of AT1 receptor";"B";"BAO_0000357";"single protein format";"None";"None";"None";"None";"None";"";"";"";"CHEMBL227";"Type-1 angiotensin II receptor";"Homo sapiens";"SINGLE PROTEIN";"CHEMBL2157975";"1";"Scientific Literature";"Bioorg Med Chem Lett";"2012";"None";"";"";"";"79.0"
"CHEMBL2158348";"";"None";"365.37";"0";"2.81";"7";"N#Cc1ccc(C(=O)Oc2coc(CSc3ncccn3)cc2=O)cc1";"IC50";"'>'";"79000.0";"nM";"";"";"";"UO_0000065";"";"";"";"";"0";"CHEMBL2161529";"Inhibition of AT1 receptor";"B";"BAO_0000357";"single protein format";"None";"None";"None";"None";"None";"";"";"";"CHEMBL227";"Type-1 angiotensin II receptor";"Homo sapiens";"SINGLE PROTEIN";"CHEMBL2157975";"1";"Scientific Literature";"Bioorg Med Chem Lett";"2012";"None";"";"";"";"79.0"
"CHEMBL2158346";"";"None";"374.81";"0";"3.59";"5";"O=C(Oc1coc(CSc2ncccn2)cc1=O)c1ccc(Cl)cc1";"IC50";"'>'";"79000.0";"nM";"";"";"";"UO_0000065";"";"";"";"";"0";"CHEMBL2161529";"Inhibition of AT1 receptor";"B";"BAO_0000357";"single protein format";"None";"None";"None";"None";"None";"";"";"";"CHEMBL227";"Type-1 angiotensin II receptor";"Homo sapiens";"SINGLE PROTEIN";"CHEMBL2157975";"1";"Scientific Literature";"Bioorg Med Chem Lett";"2012";"None";"";"";"";"79.0"
"CHEMBL2158345";"";"None";"399.38";"0";"3.16";"3";"Cc1ccc(C(=O)Oc2coc(CSc3ncccn3)cc2=O)cc1[N+](=O)[O-]";"IC50";"'>'";"79000.0";"nM";"";"";"";"UO_0000065";"";"";"";"";"0";"CHEMBL2161529";"Inhibition of AT1 receptor";"B";"BAO_0000357";"single protein format";"None";"None";"None";"None";"None";"";"";"";"CHEMBL227";"Type-1 angiotensin II receptor";"Homo sapiens";"SINGLE PROTEIN";"CHEMBL2157975";"1";"Scientific Literature";"Bioorg Med Chem Lett";"2012";"None";"";"";"";"79.0"
"CHEMBL2158343";"";"None";"340.36";"0";"2.94";"1";"O=C(Oc1coc(CSc2ncccn2)cc1=O)c1ccccc1";"IC50";"'>'";"79000.0";"nM";"";"";"";"UO_0000065";"";"";"";"";"0";"CHEMBL2161529";"Inhibition of AT1 receptor";"B";"BAO_0000357";"single protein format";"None";"None";"None";"None";"None";"";"";"";"CHEMBL227";"Type-1 angiotensin II receptor";"Homo sapiens";"SINGLE PROTEIN";"CHEMBL2157975";"1";"Scientific Literature";"Bioorg Med Chem Lett";"2012";"None";"";"";"";"79.0"
"CHEMBL273992";"";"None";"607.72";"2";"6.22";"10d";"CCCc1nc(CN(Cc2ccccc2)C(=O)OCC(C)C)c(C(=O)O)n1Cc1ccc(-c2ccccc2-c2nn[nH]n2)cc1";"IC50";"'='";"20.0";"nM";"7.70";"";"";"UO_0000065";"12.67";"0.23";"1.48";"5.53";"0";"CHEMBL647574";"In vitro binding affinity of compound against Angiotensin II receptor, type 1";"B";"BAO_0000357";"single protein format";"None";"None";"None";"None";"None";"";"";"";"CHEMBL227";"Type-1 angiotensin II receptor";"Homo sapiens";"SINGLE PROTEIN";"CHEMBL1127975";"1";"Scientific Literature";"Bioorg Med Chem Lett";"1994";"None";"";"";"";"20.0"
"CHEMBL70793";"";"None";"725.88";"2";"8.74";"34";"CCCc1nc(CC)c(C(=O)OCc2ccccc2-c2ccccc2)n1Cc1ccc(-c2ccccc2S(=O)(=O)NC(=O)OCCC(C)C)cc1F";"IC50";"'='";"3.0";"nM";"8.52";"";"";"UO_0000065";"11.74";"0.22";"-0.22";"7.31";"0";"CHEMBL648492";"Binding affinity for Angiotensin II receptor, type 1";"B";"BAO_0000357";"single protein format";"None";"None";"None";"None";"None";"";"";"";"CHEMBL227";"Type-1 angiotensin II receptor";"Homo sapiens";"SINGLE PROTEIN";"CHEMBL1150518";"1";"Scientific Literature";"Bioorg Med Chem Lett";"1994";"None";"";"";"";"3.0"
"CHEMBL69839";"";"None";"678.83";"2";"6.67";"62";"CCCCOC(=O)NS(=O)(=O)c1ccccc1-c1ccc(Cn2c(CCC)nc(CC)c2C(=O)NCCCOc2ccccc2)c(F)c1";"IC50";"'='";"0.4";"nM";"9.40";"";"";"UO_0000065";"13.84";"0.27";"2.73";"7.31";"0";"CHEMBL648492";"Binding affinity for Angiotensin II receptor, type 1";"B";"BAO_0000357";"single protein format";"None";"None";"None";"None";"None";"";"";"";"CHEMBL227";"Type-1 angiotensin II receptor";"Homo sapiens";"SINGLE PROTEIN";"CHEMBL1150518";"1";"Scientific Literature";"Bioorg Med Chem Lett";"1994";"None";"";"";"";"0.4"
"CHEMBL305369";"";"None";"701.83";"2";"8.63";"9";"CCCc1nc(CC)c(C(=O)OCc2cccc(C(=O)N(c3ccccc3)c3ccccc3)c2)n1Cc1ccc(-c2ccccc2-c2nn[nH]n2)cc1";"IC50";"'='";"30.0";"nM";"7.52";"";"";"UO_0000065";"10.72";"0.19";"-1.11";"6.33";"0";"CHEMBL648492";"Binding affinity for Angiotensin II receptor, type 1";"B";"BAO_0000357";"single protein format";"None";"None";"None";"None";"None";"";"";"";"CHEMBL227";"Type-1 angiotensin II receptor";"Homo sapiens";"SINGLE PROTEIN";"CHEMBL1150518";"1";"Scientific Literature";"Bioorg Med Chem Lett";"1994";"None";"";"";"";"30.0"
"CHEMBL3735151";"";"None";"707.85";"2";"7.37";"15";"CCCc1nc2c(C)cc(C(=O)NCc3ccc(OC)c(OC)c3)cc2n1Cc1ccc(-c2ccccc2S(=O)(=O)Nc2onc(C)c2C)cc1";"IC50";"'='";"56.0";"nM";"7.25";"";"";"UO_0000065";"10.24";"0.19";"-0.12";"5.27";"0";"CHEMBL3739215";"Displacement of 125I-labeled Sar1-Ile8-angiotensin II from human AT1 receptor incubated for 2 hrs by gamma counting analysis";"B";"BAO_0000357";"single protein format";"Homo sapiens";"None";"None";"None";"None";"";"";"";"CHEMBL227";"Type-1 angiotensin II receptor";"Homo sapiens";"SINGLE PROTEIN";"CHEMBL3734700";"1";"Scientific Literature";"Medchemcomm";"2015";"None";"";"";"";"56.0"
"CHEMBL12106";"";"None";"535.67";"1";"4.93";"Fig1;5";"CCCc1nc(CC)c(C(N)=O)n1Cc1ccc(-c2ccccc2S(=O)(=O)Nc2onc(C)c2C)c(C)c1";"IC50";"'='";"2.0";"nM";"8.70";"";"";"UO_0000065";"16.24";"0.31";"3.77";"6.54";"0";"CHEMBL3739215";"Displacement of 125I-labeled Sar1-Ile8-angiotensin II from human AT1 receptor incubated for 2 hrs by gamma counting analysis";"B";"BAO_0000357";"single protein format";"Homo sapiens";"None";"None";"None";"None";"";"";"";"CHEMBL227";"Type-1 angiotensin II receptor";"Homo sapiens";"SINGLE PROTEIN";"CHEMBL3734700";"1";"Scientific Literature";"Medchemcomm";"2015";"None";"";"";"";"2.0"
"CHEMBL1333730";"";"None";"359.22";"0";"4.23";"SID49667384";"CCOc1ccc(N=C2C(=O)Nc3ccc(C)c(Br)c32)cc1";"IC50";"'='";"7767.0";"nM";"5.11";"";"Active";"UO_0000065";"";"";"";"";"0";"CHEMBL1614336";"PUBCHEM_BIOASSAY: Dose Response screen for antagonists of Angiotensin II Receptor Type 1 to assess selectivity of uHTS small molecule antagonists hits of the APJ receptor. (Class of assay: confirmatory) [Related pubchem assays: 2569, 2521 ]";"F";"BAO_0000019";"assay format";"Homo sapiens";"None";"None";"None";"None";"";"";"";"CHEMBL227";"Type-1 angiotensin II receptor";"Homo sapiens";"SINGLE PROTEIN";"CHEMBL1201862";"7";"PubChem BioAssays";"";"";"None";"";"";"";"7.767"
"CHEMBL1486528";"";"None";"220.06";"0";"1.42";"SID17403008";"O=C(CCl)NNc1cccc(Cl)n1";"IC50";"'='";"2718.0";"nM";"5.57";"";"Active";"UO_0000065";"";"";"";"";"0";"CHEMBL1614336";"PUBCHEM_BIOASSAY: Dose Response screen for antagonists of Angiotensin II Receptor Type 1 to assess selectivity of uHTS small molecule antagonists hits of the APJ receptor. (Class of assay: confirmatory) [Related pubchem assays: 2569, 2521 ]";"F";"BAO_0000019";"assay format";"Homo sapiens";"None";"None";"None";"None";"";"";"";"CHEMBL227";"Type-1 angiotensin II receptor";"Homo sapiens";"SINGLE PROTEIN";"CHEMBL1201862";"7";"PubChem BioAssays";"";"";"None";"";"";"";"2.718"
"CHEMBL1340150";"";"None";"440.98";"0";"4.96";"SID26731512";"O=C(CN1c2ccccc2Sc2ccccc21)NNC(=S)Nc1ccc(Cl)cc1";"IC50";"'>'";"40000.0";"nM";"";"";"Not Active";"UO_0000065";"";"";"";"";"0";"CHEMBL1614336";"PUBCHEM_BIOASSAY: Dose Response screen for antagonists of Angiotensin II Receptor Type 1 to assess selectivity of uHTS small molecule antagonists hits of the APJ receptor. (Class of assay: confirmatory) [Related pubchem assays: 2569, 2521 ]";"F";"BAO_0000019";"assay format";"Homo sapiens";"None";"None";"None";"None";"";"";"";"CHEMBL227";"Type-1 angiotensin II receptor";"Homo sapiens";"SINGLE PROTEIN";"CHEMBL1201862";"7";"PubChem BioAssays";"";"";"None";"";"";"";"40.0"
"CHEMBL1538399";"";"None";"399.95";"0";"4.81";"SID17409759";"CN(C)CCCNC(=O)c1ccc(-c2nc(-c3ccc(Cl)cc3)cs2)cc1";"IC50";"'='";"22557.0";"nM";"4.65";"";"Not Active";"UO_0000065";"";"";"";"";"0";"CHEMBL1614336";"PUBCHEM_BIOASSAY: Dose Response screen for antagonists of Angiotensin II Receptor Type 1 to assess selectivity of uHTS small molecule antagonists hits of the APJ receptor. (Class of assay: confirmatory) [Related pubchem assays: 2569, 2521 ]";"F";"BAO_0000019";"assay format";"Homo sapiens";"None";"None";"None";"None";"";"";"";"CHEMBL227";"Type-1 angiotensin II receptor";"Homo sapiens";"SINGLE PROTEIN";"CHEMBL1201862";"7";"PubChem BioAssays";"";"";"None";"";"";"";"22.557"
"CHEMBL72249";"";"None";"610.72";"2";"6.88";"12";"CCCc1nc(CC)c(C(=O)OCc2cccc(C(=O)c3ccccc3)c2)n1Cc1ccc(-c2ccccc2-c2nn[nH]n2)cc1";"IC50";"'='";"9.0";"nM";"8.05";"";"";"UO_0000065";"13.17";"0.24";"1.17";"6.96";"0";"CHEMBL648492";"Binding affinity for Angiotensin II receptor, type 1";"B";"BAO_0000357";"single protein format";"None";"None";"None";"None";"None";"";"";"";"CHEMBL227";"Type-1 angiotensin II receptor";"Homo sapiens";"SINGLE PROTEIN";"CHEMBL1150518";"1";"Scientific Literature";"Bioorg Med Chem Lett";"1994";"None";"";"";"";"9.0"
"CHEMBL5845764";"";"None";"512.61";"2";"5.19";"BDBM573750";"CCN(Cc1ccccc1)C(=O)N1[C@H]2CC[C@@H]1[C@@H](C(=O)O)N(C(=O)N(c1ccccc1)c1ccccc1)C2";"IC50";"'>'";"10000.0";"nM";"";"";"1210640";"UO_0000065";"";"";"";"";"0";"CHEMBL5738515";"Biological Assay: Measurement of Inhibitory Activity on AT1 Receptor (AT4R)/AT2 Receptor (AT2R)Through the following steps, the inhibitory activity of the compound on AT1R/AT2R (IC50 value) was determined:1) An appropriate amount of 1×TLB (Tag-lite Buffer) was prepared and well mixed for use.2) The compound was diluted by 10 times with ddH2O or DMSO. The compound was then dilute to 4 times of the working concentration with 1×TLB and mixed well for use.3) 8600 nM Tag-lite angiotensin receptor red agonist was diluted to 12 nM (4×Kd) with 1×TLB.4) 5 ml 1×TLB was taken into a 15 ml centrifuge tube.5) After thawing 1 tube of Tb-labeled AT1R/AT2R cells in a 37° C. water bath, the cells were quickly transferred to the 1×TLB in step 4), mixed gently, and centrifuged at 1200 g for 5 minutes at room temperature.6) The supernatant was aspirated gently, and the cells were resuspended and mixed in 2.7 ml 1×TLB, and then placed at room temperature until use.7) 10 μl cells were added to all test wells, and 5 μl 4× working solution of the compound from step 2) was added to the corresponding test wells. 5 μl 4× Tag-lite angiotensin receptor red agonist well diluted in step 3) was added to all test wells.8) After leaving the reaction plate at room temperature for 1 h, data were measured and analyzed using Envision HTRF Reader, and the half inhibitory concentration (IC50) of the compound on AT1R/AT2R was calculated with the GraphPad Prism four-parameter equation.";"B";"BAO_0000019";"assay format";"Homo sapiens";"None";"None";"None";"None";"";"";"";"CHEMBL227";"Type-1 angiotensin II receptor";"Homo sapiens";"SINGLE PROTEIN";"CHEMBL5729340";"37";"BindingDB Patent Bioactivity Data";"";"2022";"None";"";"";"";"10000.0"
"CHEMBL5813487";"";"None";"512.61";"2";"5.11";"BDBM573754";"Cc1ccc(CN(C)C(=O)N2[C@H]3CC[C@@H]2[C@@H](C(=O)O)N(C(=O)N(c2ccccc2)c2ccccc2)C3)cc1";"IC50";"'>'";"10000.0";"nM";"";"";"1210646";"UO_0000065";"";"";"";"";"0";"CHEMBL5738515";"Biological Assay: Measurement of Inhibitory Activity on AT1 Receptor (AT4R)/AT2 Receptor (AT2R)Through the following steps, the inhibitory activity of the compound on AT1R/AT2R (IC50 value) was determined:1) An appropriate amount of 1×TLB (Tag-lite Buffer) was prepared and well mixed for use.2) The compound was diluted by 10 times with ddH2O or DMSO. The compound was then dilute to 4 times of the working concentration with 1×TLB and mixed well for use.3) 8600 nM Tag-lite angiotensin receptor red agonist was diluted to 12 nM (4×Kd) with 1×TLB.4) 5 ml 1×TLB was taken into a 15 ml centrifuge tube.5) After thawing 1 tube of Tb-labeled AT1R/AT2R cells in a 37° C. water bath, the cells were quickly transferred to the 1×TLB in step 4), mixed gently, and centrifuged at 1200 g for 5 minutes at room temperature.6) The supernatant was aspirated gently, and the cells were resuspended and mixed in 2.7 ml 1×TLB, and then placed at room temperature until use.7) 10 μl cells were added to all test wells, and 5 μl 4× working solution of the compound from step 2) was added to the corresponding test wells. 5 μl 4× Tag-lite angiotensin receptor red agonist well diluted in step 3) was added to all test wells.8) After leaving the reaction plate at room temperature for 1 h, data were measured and analyzed using Envision HTRF Reader, and the half inhibitory concentration (IC50) of the compound on AT1R/AT2R was calculated with the GraphPad Prism four-parameter equation.";"B";"BAO_0000019";"assay format";"Homo sapiens";"None";"None";"None";"None";"";"";"";"CHEMBL227";"Type-1 angiotensin II receptor";"Homo sapiens";"SINGLE PROTEIN";"CHEMBL5729340";"37";"BindingDB Patent Bioactivity Data";"";"2022";"None";"";"";"";"10000.0"
"CHEMBL3193378";"";"None";"345.40";"0";"3.67";"SID24831507";"C/C(=N\NC(=O)COc1ccccc1-c1ccccc1)c1ccccn1";"IC50";"'='";"3733.0";"nM";"5.43";"";"Active";"UO_0000065";"";"";"";"";"0";"CHEMBL1614336";"PUBCHEM_BIOASSAY: Dose Response screen for antagonists of Angiotensin II Receptor Type 1 to assess selectivity of uHTS small molecule antagonists hits of the APJ receptor. (Class of assay: confirmatory) [Related pubchem assays: 2569, 2521 ]";"F";"BAO_0000019";"assay format";"Homo sapiens";"None";"None";"None";"None";"";"";"";"CHEMBL227";"Type-1 angiotensin II receptor";"Homo sapiens";"SINGLE PROTEIN";"CHEMBL1201862";"7";"PubChem BioAssays";"";"";"None";"";"";"";"3.733"
"CHEMBL1441794";"";"None";"406.80";"0";"4.20";"SID24803140";"COc1cc(/C=C2\SC(=O)N(c3cccc(Cl)c3)C2=O)cc([N+](=O)[O-])c1O";"IC50";"'='";"27321.0";"nM";"4.56";"";"Not Active";"UO_0000065";"";"";"";"";"0";"CHEMBL1614336";"PUBCHEM_BIOASSAY: Dose Response screen for antagonists of Angiotensin II Receptor Type 1 to assess selectivity of uHTS small molecule antagonists hits of the APJ receptor. (Class of assay: confirmatory) [Related pubchem assays: 2569, 2521 ]";"F";"BAO_0000019";"assay format";"Homo sapiens";"None";"None";"None";"None";"";"";"";"CHEMBL227";"Type-1 angiotensin II receptor";"Homo sapiens";"SINGLE PROTEIN";"CHEMBL1201862";"7";"PubChem BioAssays";"";"";"None";"";"";"";"27.321"
"CHEMBL1481281";"";"None";"319.34";"0";"1.24";"SID17432073";"COc1ccccc1C(=O)NNC(=S)NC(=O)c1ccco1";"IC50";"'='";"11342.0";"nM";"4.95";"";"Active";"UO_0000065";"";"";"";"";"0";"CHEMBL1614336";"PUBCHEM_BIOASSAY: Dose Response screen for antagonists of Angiotensin II Receptor Type 1 to assess selectivity of uHTS small molecule antagonists hits of the APJ receptor. (Class of assay: confirmatory) [Related pubchem assays: 2569, 2521 ]";"F";"BAO_0000019";"assay format";"Homo sapiens";"None";"None";"None";"None";"";"";"";"CHEMBL227";"Type-1 angiotensin II receptor";"Homo sapiens";"SINGLE PROTEIN";"CHEMBL1201862";"7";"PubChem BioAssays";"";"";"None";"";"";"";"11.342"
"CHEMBL1336386";"";"None";"399.42";"0";"4.28";"SID4260021";"CCOC(=O)c1c(C2COc3ccccc3O2)csc1NC(=O)c1ccco1";"IC50";"'>'";"40000.0";"nM";"";"";"Not Active";"UO_0000065";"";"";"";"";"0";"CHEMBL1614336";"PUBCHEM_BIOASSAY: Dose Response screen for antagonists of Angiotensin II Receptor Type 1 to assess selectivity of uHTS small molecule antagonists hits of the APJ receptor. (Class of assay: confirmatory) [Related pubchem assays: 2569, 2521 ]";"F";"BAO_0000019";"assay format";"Homo sapiens";"None";"None";"None";"None";"";"";"";"CHEMBL227";"Type-1 angiotensin II receptor";"Homo sapiens";"SINGLE PROTEIN";"CHEMBL1201862";"7";"PubChem BioAssays";"";"";"None";"";"";"";"40.0"
"CHEMBL1504077";"";"None";"405.84";"0";"3.50";"SID49721823";"O=C(Nc1ccc(F)cc1)c1nc(S(=O)(=O)Cc2ccccc2)ncc1Cl";"IC50";"'='";"11812.0";"nM";"4.93";"";"Active";"UO_0000065";"";"";"";"";"0";"CHEMBL1614336";"PUBCHEM_BIOASSAY: Dose Response screen for antagonists of Angiotensin II Receptor Type 1 to assess selectivity of uHTS small molecule antagonists hits of the APJ receptor. (Class of assay: confirmatory) [Related pubchem assays: 2569, 2521 ]";"F";"BAO_0000019";"assay format";"Homo sapiens";"None";"None";"None";"None";"";"";"";"CHEMBL227";"Type-1 angiotensin II receptor";"Homo sapiens";"SINGLE PROTEIN";"CHEMBL1201862";"7";"PubChem BioAssays";"";"";"None";"";"";"";"11.812"
"CHEMBL1386393";"";"None";"365.25";"0";"4.27";"SID26731577";"O=C(NNc1ccc(-c2csnn2)cc1)c1cc(Cl)cc(Cl)c1";"IC50";"'='";"2431.0";"nM";"5.61";"";"Active";"UO_0000065";"";"";"";"";"0";"CHEMBL1614336";"PUBCHEM_BIOASSAY: Dose Response screen for antagonists of Angiotensin II Receptor Type 1 to assess selectivity of uHTS small molecule antagonists hits of the APJ receptor. (Class of assay: confirmatory) [Related pubchem assays: 2569, 2521 ]";"F";"BAO_0000019";"assay format";"Homo sapiens";"None";"None";"None";"None";"";"";"";"CHEMBL227";"Type-1 angiotensin II receptor";"Homo sapiens";"SINGLE PROTEIN";"CHEMBL1201862";"7";"PubChem BioAssays";"";"";"None";"";"";"";"2.431"
"CHEMBL3207782";"";"None";"332.40";"0";"4.36";"SID22401747";"COc1ccc(/N=C2/C(=O)N3c4c(cccc42)C(C)=CC3(C)C)cc1";"IC50";"'>'";"40000.0";"nM";"";"";"Not Active";"UO_0000065";"";"";"";"";"0";"CHEMBL1614336";"PUBCHEM_BIOASSAY: Dose Response screen for antagonists of Angiotensin II Receptor Type 1 to assess selectivity of uHTS small molecule antagonists hits of the APJ receptor. (Class of assay: confirmatory) [Related pubchem assays: 2569, 2521 ]";"F";"BAO_0000019";"assay format";"Homo sapiens";"None";"None";"None";"None";"";"";"";"CHEMBL227";"Type-1 angiotensin II receptor";"Homo sapiens";"SINGLE PROTEIN";"CHEMBL1201862";"7";"PubChem BioAssays";"";"";"None";"";"";"";"40.0"
"CHEMBL1404578";"";"None";"447.90";"0";"3.37";"SID49734484";"COc1ccc(OC)c(NC(=O)c2nc(S(=O)(=O)Cc3ccccc3)ncc2Cl)c1";"IC50";"'='";"5868.0";"nM";"5.23";"";"Active";"UO_0000065";"";"";"";"";"0";"CHEMBL1614336";"PUBCHEM_BIOASSAY: Dose Response screen for antagonists of Angiotensin II Receptor Type 1 to assess selectivity of uHTS small molecule antagonists hits of the APJ receptor. (Class of assay: confirmatory) [Related pubchem assays: 2569, 2521 ]";"F";"BAO_0000019";"assay format";"Homo sapiens";"None";"None";"None";"None";"";"";"";"CHEMBL227";"Type-1 angiotensin II receptor";"Homo sapiens";"SINGLE PROTEIN";"CHEMBL1201862";"7";"PubChem BioAssays";"";"";"None";"";"";"";"5.868"
"CHEMBL1474191";"";"None";"271.70";"0";"3.51";"SID85200952";"Cc1ccc2c(c1)C(=O)C(=O)N2c1ccc(Cl)cc1";"IC50";"'='";"33187.0";"nM";"4.48";"";"Not Active";"UO_0000065";"";"";"";"";"0";"CHEMBL1614336";"PUBCHEM_BIOASSAY: Dose Response screen for antagonists of Angiotensin II Receptor Type 1 to assess selectivity of uHTS small molecule antagonists hits of the APJ receptor. (Class of assay: confirmatory) [Related pubchem assays: 2569, 2521 ]";"F";"BAO_0000019";"assay format";"Homo sapiens";"None";"None";"None";"None";"";"";"";"CHEMBL227";"Type-1 angiotensin II receptor";"Homo sapiens";"SINGLE PROTEIN";"CHEMBL1201862";"7";"PubChem BioAssays";"";"";"None";"";"";"";"33.187"
"CHEMBL1332454";"";"None";"480.96";"0";"2.61";"SID49721398";"CN(c1ccccc1)S(=O)(=O)c1ccc(NC(=O)c2nc(S(C)(=O)=O)ncc2Cl)cc1";"IC50";"'='";"3138.0";"nM";"5.50";"";"Active";"UO_0000065";"";"";"";"";"0";"CHEMBL1614336";"PUBCHEM_BIOASSAY: Dose Response screen for antagonists of Angiotensin II Receptor Type 1 to assess selectivity of uHTS small molecule antagonists hits of the APJ receptor. (Class of assay: confirmatory) [Related pubchem assays: 2569, 2521 ]";"F";"BAO_0000019";"assay format";"Homo sapiens";"None";"None";"None";"None";"";"";"";"CHEMBL227";"Type-1 angiotensin II receptor";"Homo sapiens";"SINGLE PROTEIN";"CHEMBL1201862";"7";"PubChem BioAssays";"";"";"None";"";"";"";"3.138"
"CHEMBL3197126";"";"None";"326.28";"0";"2.45";"SID49680782";"Cc1ncc(CO)c(/C=N/Nc2ccc(C(F)(F)F)cn2)c1O";"IC50";"'='";"28689.0";"nM";"4.54";"";"Not Active";"UO_0000065";"";"";"";"";"0";"CHEMBL1614336";"PUBCHEM_BIOASSAY: Dose Response screen for antagonists of Angiotensin II Receptor Type 1 to assess selectivity of uHTS small molecule antagonists hits of the APJ receptor. (Class of assay: confirmatory) [Related pubchem assays: 2569, 2521 ]";"F";"BAO_0000019";"assay format";"Homo sapiens";"None";"None";"None";"None";"";"";"";"CHEMBL227";"Type-1 angiotensin II receptor";"Homo sapiens";"SINGLE PROTEIN";"CHEMBL1201862";"7";"PubChem BioAssays";"";"";"None";"";"";"";"28.689"
"CHEMBL1448161";"";"None";"334.16";"0";"0.59";"SID17388475";"O=C1OCC(CO)(CO)N=C1NNc1ccc(Cl)c(Cl)c1";"IC50";"'='";"16602.0";"nM";"4.78";"";"Active";"UO_0000065";"";"";"";"";"0";"CHEMBL1614336";"PUBCHEM_BIOASSAY: Dose Response screen for antagonists of Angiotensin II Receptor Type 1 to assess selectivity of uHTS small molecule antagonists hits of the APJ receptor. (Class of assay: confirmatory) [Related pubchem assays: 2569, 2521 ]";"F";"BAO_0000019";"assay format";"Homo sapiens";"None";"None";"None";"None";"";"";"";"CHEMBL227";"Type-1 angiotensin II receptor";"Homo sapiens";"SINGLE PROTEIN";"CHEMBL1201862";"7";"PubChem BioAssays";"";"";"None";"";"";"";"16.602"
"CHEMBL1379507";"";"None";"343.34";"0";"3.02";"SID49819252";"Cc1ccc(OCC(=O)OCC(=O)c2cccc([N+](=O)[O-])c2)cc1C";"IC50";"'>'";"40000.0";"nM";"";"";"Not Active";"UO_0000065";"";"";"";"";"0";"CHEMBL1614336";"PUBCHEM_BIOASSAY: Dose Response screen for antagonists of Angiotensin II Receptor Type 1 to assess selectivity of uHTS small molecule antagonists hits of the APJ receptor. (Class of assay: confirmatory) [Related pubchem assays: 2569, 2521 ]";"F";"BAO_0000019";"assay format";"Homo sapiens";"None";"None";"None";"None";"";"";"";"CHEMBL227";"Type-1 angiotensin II receptor";"Homo sapiens";"SINGLE PROTEIN";"CHEMBL1201862";"7";"PubChem BioAssays";"";"";"None";"";"";"";"40.0"
"CHEMBL1604741";"";"None";"406.78";"0";"1.93";"SID49816429";"O=C(CN1C(=O)C2CC=CCC2C1=O)OCC(=O)c1ccc(Cl)c([N+](=O)[O-])c1";"IC50";"'='";"16254.0";"nM";"4.79";"";"Active";"UO_0000065";"";"";"";"";"0";"CHEMBL1614336";"PUBCHEM_BIOASSAY: Dose Response screen for antagonists of Angiotensin II Receptor Type 1 to assess selectivity of uHTS small molecule antagonists hits of the APJ receptor. (Class of assay: confirmatory) [Related pubchem assays: 2569, 2521 ]";"F";"BAO_0000019";"assay format";"Homo sapiens";"None";"None";"None";"None";"";"";"";"CHEMBL227";"Type-1 angiotensin II receptor";"Homo sapiens";"SINGLE PROTEIN";"CHEMBL1201862";"7";"PubChem BioAssays";"";"";"None";"";"";"";"16.254"
"CHEMBL1477553";"";"None";"393.21";"0";"2.44";"SID85199439";"Cc1cc(C)nc(NNS(=O)(=O)c2c(F)cc(F)cc2Br)n1";"IC50";"'='";"22678.0";"nM";"4.64";"";"Not Active";"UO_0000065";"";"";"";"";"0";"CHEMBL1614336";"PUBCHEM_BIOASSAY: Dose Response screen for antagonists of Angiotensin II Receptor Type 1 to assess selectivity of uHTS small molecule antagonists hits of the APJ receptor. (Class of assay: confirmatory) [Related pubchem assays: 2569, 2521 ]";"F";"BAO_0000019";"assay format";"Homo sapiens";"None";"None";"None";"None";"";"";"";"CHEMBL227";"Type-1 angiotensin II receptor";"Homo sapiens";"SINGLE PROTEIN";"CHEMBL1201862";"7";"PubChem BioAssays";"";"";"None";"";"";"";"22.678"
"CHEMBL1370701";"";"None";"376.32";"0";"2.36";"SID17406659";"CCCCN=C(S)NNC(=O)CCn1nc(C)c(Br)c1C";"IC50";"'>'";"40000.0";"nM";"";"";"Not Active";"UO_0000065";"";"";"";"";"0";"CHEMBL1614336";"PUBCHEM_BIOASSAY: Dose Response screen for antagonists of Angiotensin II Receptor Type 1 to assess selectivity of uHTS small molecule antagonists hits of the APJ receptor. (Class of assay: confirmatory) [Related pubchem assays: 2569, 2521 ]";"F";"BAO_0000019";"assay format";"Homo sapiens";"None";"None";"None";"None";"";"";"";"CHEMBL227";"Type-1 angiotensin II receptor";"Homo sapiens";"SINGLE PROTEIN";"CHEMBL1201862";"7";"PubChem BioAssays";"";"";"None";"";"";"";"40.0"
"CHEMBL257286";"";"None";"284.34";"0";"3.04";"SID49727310";"O=S(=O)(Nc1cccc2cccnc12)c1ccccc1";"IC50";"'='";"2747.0";"nM";"5.56";"";"Active";"UO_0000065";"";"";"";"";"0";"CHEMBL1614336";"PUBCHEM_BIOASSAY: Dose Response screen for antagonists of Angiotensin II Receptor Type 1 to assess selectivity of uHTS small molecule antagonists hits of the APJ receptor. (Class of assay: confirmatory) [Related pubchem assays: 2569, 2521 ]";"F";"BAO_0000019";"assay format";"Homo sapiens";"None";"None";"None";"None";"";"";"";"CHEMBL227";"Type-1 angiotensin II receptor";"Homo sapiens";"SINGLE PROTEIN";"CHEMBL1201862";"7";"PubChem BioAssays";"";"";"None";"";"";"";"2.747"
"CHEMBL1499072";"";"None";"425.22";"0";"4.05";"SID17387519";"O=C(CCC(=O)OCC(=O)c1cccc([N+](=O)[O-])c1)Nc1cccc(Cl)c1Cl";"IC50";"'='";"34210.0";"nM";"4.47";"";"Not Active";"UO_0000065";"";"";"";"";"0";"CHEMBL1614336";"PUBCHEM_BIOASSAY: Dose Response screen for antagonists of Angiotensin II Receptor Type 1 to assess selectivity of uHTS small molecule antagonists hits of the APJ receptor. (Class of assay: confirmatory) [Related pubchem assays: 2569, 2521 ]";"F";"BAO_0000019";"assay format";"Homo sapiens";"None";"None";"None";"None";"";"";"";"CHEMBL227";"Type-1 angiotensin II receptor";"Homo sapiens";"SINGLE PROTEIN";"CHEMBL1201862";"7";"PubChem BioAssays";"";"";"None";"";"";"";"34.21"
"CHEMBL1528883";"";"None";"273.76";"0";"4.25";"SID49643505";"Cc1ccc(C)c(NCC(=O)c2ccc(Cl)cc2)c1";"IC50";"'='";"14437.0";"nM";"4.84";"";"Active";"UO_0000065";"";"";"";"";"0";"CHEMBL1614336";"PUBCHEM_BIOASSAY: Dose Response screen for antagonists of Angiotensin II Receptor Type 1 to assess selectivity of uHTS small molecule antagonists hits of the APJ receptor. (Class of assay: confirmatory) [Related pubchem assays: 2569, 2521 ]";"F";"BAO_0000019";"assay format";"Homo sapiens";"None";"None";"None";"None";"";"";"";"CHEMBL227";"Type-1 angiotensin II receptor";"Homo sapiens";"SINGLE PROTEIN";"CHEMBL1201862";"7";"PubChem BioAssays";"";"";"None";"";"";"";"14.437"
"CHEMBL591834";"";"None";"188.23";"0";"2.14";"SID4250780";"Cc1cc(C)c2ccc(N)nc2c1O";"IC50";"'='";"13697.0";"nM";"4.86";"";"Active";"UO_0000065";"";"";"";"";"0";"CHEMBL1614336";"PUBCHEM_BIOASSAY: Dose Response screen for antagonists of Angiotensin II Receptor Type 1 to assess selectivity of uHTS small molecule antagonists hits of the APJ receptor. (Class of assay: confirmatory) [Related pubchem assays: 2569, 2521 ]";"F";"BAO_0000019";"assay format";"Homo sapiens";"None";"None";"None";"None";"";"";"";"CHEMBL227";"Type-1 angiotensin II receptor";"Homo sapiens";"SINGLE PROTEIN";"CHEMBL1201862";"7";"PubChem BioAssays";"";"";"None";"";"";"";"13.697"
"CHEMBL125044";"";"None";"288.31";"0";"3.36";"SID24820021";"COc1ccc(-c2cc3c(nn2)-c2ccccc2C3=O)cc1";"IC50";"'='";"6975.0";"nM";"5.16";"";"Active";"UO_0000065";"";"";"";"";"0";"CHEMBL1614336";"PUBCHEM_BIOASSAY: Dose Response screen for antagonists of Angiotensin II Receptor Type 1 to assess selectivity of uHTS small molecule antagonists hits of the APJ receptor. (Class of assay: confirmatory) [Related pubchem assays: 2569, 2521 ]";"F";"BAO_0000019";"assay format";"Homo sapiens";"None";"None";"None";"None";"";"";"";"CHEMBL227";"Type-1 angiotensin II receptor";"Homo sapiens";"SINGLE PROTEIN";"CHEMBL1201862";"7";"PubChem BioAssays";"";"";"None";"";"";"";"6.975"
"CHEMBL1301939";"";"None";"505.31";"2";"5.38";"SID17387513";"O=C(OCC(=O)c1ccc(Cl)cc1Cl)c1ccc2c(c1)C(=O)N(c1cccc3ncccc13)C2=O";"IC50";"'='";"39413.0";"nM";"4.40";"";"Not Active";"UO_0000065";"";"";"";"";"0";"CHEMBL1614336";"PUBCHEM_BIOASSAY: Dose Response screen for antagonists of Angiotensin II Receptor Type 1 to assess selectivity of uHTS small molecule antagonists hits of the APJ receptor. (Class of assay: confirmatory) [Related pubchem assays: 2569, 2521 ]";"F";"BAO_0000019";"assay format";"Homo sapiens";"None";"None";"None";"None";"";"";"";"CHEMBL227";"Type-1 angiotensin II receptor";"Homo sapiens";"SINGLE PROTEIN";"CHEMBL1201862";"7";"PubChem BioAssays";"";"";"None";"";"";"";"39.413"
"CHEMBL3189245";"";"None";"273.72";"0";"2.89";"SID49668002";"C/C(=N\NC(=O)c1ccccc1Cl)c1ccccn1";"IC50";"'='";"9382.0";"nM";"5.03";"";"Active";"UO_0000065";"";"";"";"";"0";"CHEMBL1614336";"PUBCHEM_BIOASSAY: Dose Response screen for antagonists of Angiotensin II Receptor Type 1 to assess selectivity of uHTS small molecule antagonists hits of the APJ receptor. (Class of assay: confirmatory) [Related pubchem assays: 2569, 2521 ]";"F";"BAO_0000019";"assay format";"Homo sapiens";"None";"None";"None";"None";"";"";"";"CHEMBL227";"Type-1 angiotensin II receptor";"Homo sapiens";"SINGLE PROTEIN";"CHEMBL1201862";"7";"PubChem BioAssays";"";"";"None";"";"";"";"9.382"
"CHEMBL1577988";"";"None";"413.39";"0";"2.70";"SID24806545";"CC(=O)Nc1ccc(NC(=O)CCC(=O)OCC(=O)c2cccc([N+](=O)[O-])c2)cc1";"IC50";"'='";"25961.0";"nM";"4.59";"";"Not Active";"UO_0000065";"";"";"";"";"0";"CHEMBL1614336";"PUBCHEM_BIOASSAY: Dose Response screen for antagonists of Angiotensin II Receptor Type 1 to assess selectivity of uHTS small molecule antagonists hits of the APJ receptor. (Class of assay: confirmatory) [Related pubchem assays: 2569, 2521 ]";"F";"BAO_0000019";"assay format";"Homo sapiens";"None";"None";"None";"None";"";"";"";"CHEMBL227";"Type-1 angiotensin II receptor";"Homo sapiens";"SINGLE PROTEIN";"CHEMBL1201862";"7";"PubChem BioAssays";"";"";"None";"";"";"";"25.961"
"CHEMBL1514866";"";"None";"431.51";"0";"2.84";"SID57266979";"COc1ccc(CC(=O)OCC(=O)c2ccc(S(=O)(=O)N3CCCCC3)cc2)cc1";"IC50";"'='";"20002.0";"nM";"4.70";"";"Not Active";"UO_0000065";"";"";"";"";"0";"CHEMBL1614336";"PUBCHEM_BIOASSAY: Dose Response screen for antagonists of Angiotensin II Receptor Type 1 to assess selectivity of uHTS small molecule antagonists hits of the APJ receptor. (Class of assay: confirmatory) [Related pubchem assays: 2569, 2521 ]";"F";"BAO_0000019";"assay format";"Homo sapiens";"None";"None";"None";"None";"";"";"";"CHEMBL227";"Type-1 angiotensin II receptor";"Homo sapiens";"SINGLE PROTEIN";"CHEMBL1201862";"7";"PubChem BioAssays";"";"";"None";"";"";"";"20.002"
"CHEMBL1348215";"";"None";"348.23";"0";"3.26";"SID17509361";"O=c1c2cc(Br)ccc2[nH]c(=S)n1Cc1ccccn1";"IC50";"'='";"29724.0";"nM";"4.53";"";"Not Active";"UO_0000065";"";"";"";"";"0";"CHEMBL1614336";"PUBCHEM_BIOASSAY: Dose Response screen for antagonists of Angiotensin II Receptor Type 1 to assess selectivity of uHTS small molecule antagonists hits of the APJ receptor. (Class of assay: confirmatory) [Related pubchem assays: 2569, 2521 ]";"F";"BAO_0000019";"assay format";"Homo sapiens";"None";"None";"None";"None";"";"";"";"CHEMBL227";"Type-1 angiotensin II receptor";"Homo sapiens";"SINGLE PROTEIN";"CHEMBL1201862";"7";"PubChem BioAssays";"";"";"None";"";"";"";"29.724"
"CHEMBL1318350";"";"None";"530.50";"1";"6.60";"SID24811185";"CCN1/C(=C/c2ccc3cc(C)ccc3[n+]2CC)Sc2ccc3sccc3c21.[I-]";"IC50";"'>'";"40000.0";"nM";"";"";"Not Active";"UO_0000065";"";"";"";"";"0";"CHEMBL1614336";"PUBCHEM_BIOASSAY: Dose Response screen for antagonists of Angiotensin II Receptor Type 1 to assess selectivity of uHTS small molecule antagonists hits of the APJ receptor. (Class of assay: confirmatory) [Related pubchem assays: 2569, 2521 ]";"F";"BAO_0000019";"assay format";"Homo sapiens";"None";"None";"None";"None";"";"";"";"CHEMBL227";"Type-1 angiotensin II receptor";"Homo sapiens";"SINGLE PROTEIN";"CHEMBL1201862";"7";"PubChem BioAssays";"";"";"None";"";"";"";"40.0"
"CHEMBL1486214";"";"None";"344.23";"0";"4.93";"SID49674159";"O=C(Sc1cccc2cccnc12)c1ccccc1Br";"IC50";"'='";"3507.0";"nM";"5.46";"";"Active";"UO_0000065";"";"";"";"";"0";"CHEMBL1614336";"PUBCHEM_BIOASSAY: Dose Response screen for antagonists of Angiotensin II Receptor Type 1 to assess selectivity of uHTS small molecule antagonists hits of the APJ receptor. (Class of assay: confirmatory) [Related pubchem assays: 2569, 2521 ]";"F";"BAO_0000019";"assay format";"Homo sapiens";"None";"None";"None";"None";"";"";"";"CHEMBL227";"Type-1 angiotensin II receptor";"Homo sapiens";"SINGLE PROTEIN";"CHEMBL1201862";"7";"PubChem BioAssays";"";"";"None";"";"";"";"3.507"
"CHEMBL1945009";"";"None";"591.71";"2";"6.70";"6h";"CCCc1nc2c(C)cc(C(=O)NCCc3ccc(OC)c(OC)c3)cc2n1Cc1ccc(-c2ccccc2C(=O)O)cc1";"IC50";"'='";"57.6";"nM";"7.24";"";"";"UO_0000065";"12.24";"0.22";"0.54";"7.05";"0";"CHEMBL1949356";"Displacement of [125I]Sar1 Ile8-Ang 2 from angiotensin 2 AT1 receptor after 180 mins by gamma counting";"B";"BAO_0000357";"single protein format";"None";"None";"None";"None";"None";"";"";"";"CHEMBL227";"Type-1 angiotensin II receptor";"Homo sapiens";"SINGLE PROTEIN";"CHEMBL1944634";"1";"Scientific Literature";"Eur J Med Chem";"2012";"None";"";"";"";"57.6"
"CHEMBL267354";"";"None";"1051.22";"None";"None";"CGP-42112A";"CC[C@@H](C)[C@H](NC(=O)[C@@H]1CCCN1C(=O)[C@H](Cc1c[nH]cn1)NC(=O)[C@H](CCCCNC(=O)[C@H](CCCN=C(N)N)NC(=O)OCc1ccccc1)NC(=O)[C@H](Cc1ccc(O)cc1)NC(=O)c1ccccc1)C(=O)O";"IC50";"'='";"8600.0";"nM";"5.07";"";"";"UO_0000065";"4.82";"None";"None";"None";"0";"CHEMBL647575";"Inhibition of Angiotensin II receptor, type 1";"B";"BAO_0000357";"single protein format";"None";"None";"None";"None";"None";"";"";"";"CHEMBL227";"Type-1 angiotensin II receptor";"Homo sapiens";"SINGLE PROTEIN";"CHEMBL1129469";"1";"Scientific Literature";"J Med Chem";"1996";"None";"";"";"";"8.6"
"CHEMBL121907";"";"None";"733.78";"2";"6.60";"35";"CCCCNC(=O)c1ccc(C(F)(F)F)c(-n2nc(CCC)n(Cc3ccc(-c4ccccc4S(=O)(=O)NC(=O)OC(C)(C)C)cc3F)c2=O)c1";"IC50";"'='";"0.88";"nM";"9.06";"";"";"UO_0000065";"12.34";"0.24";"2.46";"6.40";"0";"CHEMBL650312";"In vitro inhibitory activity against angiotensin II receptor type 1, in human adrenal membrane preparations.";"B";"BAO_0000249";"cell membrane format";"None";"None";"None";"None";"None";"";"";"";"CHEMBL227";"Type-1 angiotensin II receptor";"Homo sapiens";"SINGLE PROTEIN";"CHEMBL1128554";"1";"Scientific Literature";"J Med Chem";"1995";"None";"";"";"";"0.88"
"CHEMBL338434";"";"None";"747.81";"2";"7.59";"15";"CCCCC(=O)Nc1ccc(C(F)(F)F)c(-n2nc(CCCC)n(Cc3ccc(-c4ccccc4S(=O)(=O)NC(=O)OC(C)(C)C)cc3F)c2=O)c1";"IC50";"'='";"0.9";"nM";"9.05";"";"";"UO_0000065";"12.10";"0.24";"1.46";"6.40";"0";"CHEMBL650312";"In vitro inhibitory activity against angiotensin II receptor type 1, in human adrenal membrane preparations.";"B";"BAO_0000249";"cell membrane format";"None";"None";"None";"None";"None";"";"";"";"CHEMBL227";"Type-1 angiotensin II receptor";"Homo sapiens";"SINGLE PROTEIN";"CHEMBL1128554";"1";"Scientific Literature";"J Med Chem";"1995";"None";"";"";"";"0.9"
"CHEMBL294512";"";"None";"573.69";"2";"5.50";"EXP-408";"CCCc1nc(CC)c(C(=O)OC)n1Cc1ccc(-c2ccccc2S(=O)(=O)NC(=O)OCCC(C)C)cc1F";"IC50";"'='";"1.0";"nM";"9.00";"";"";"UO_0000065";"15.69";"0.31";"3.50";"7.72";"0";"CHEMBL647575";"Inhibition of Angiotensin II receptor, type 1";"B";"BAO_0000357";"single protein format";"None";"None";"None";"None";"None";"";"";"";"CHEMBL227";"Type-1 angiotensin II receptor";"Homo sapiens";"SINGLE PROTEIN";"CHEMBL1129469";"1";"Scientific Literature";"J Med Chem";"1996";"None";"";"";"";"1.0"
"CHEMBL125008";"";"None";"778.70";"2";"7.46";"27";"CCCCc1nn(-c2cc(NC(=O)c3ccccc3)ccc2Br)c(=O)n1Cc1ccc(-c2ccccc2S(=O)(=O)NC(=O)OC(C)(C)C)cc1F";"IC50";"'='";"1.1";"nM";"8.96";"";"";"UO_0000065";"11.50";"0.24";"1.50";"6.34";"0";"CHEMBL650312";"In vitro inhibitory activity against angiotensin II receptor type 1, in human adrenal membrane preparations.";"B";"BAO_0000249";"cell membrane format";"None";"None";"None";"None";"None";"";"";"";"CHEMBL227";"Type-1 angiotensin II receptor";"Homo sapiens";"SINGLE PROTEIN";"CHEMBL1128554";"1";"Scientific Literature";"J Med Chem";"1995";"None";"";"";"";"1.1"
"CHEMBL321531";"";"None";"752.70";"2";"7.57";"4j";"CCCCc1nn(-c2cc(NC(C)=O)ccc2Cl)c(=O)n1Cc1ccc(-c2cc(CCC)ccc2S(=O)(=O)NC(=O)c2ccccc2Cl)cc1F";"IC50";"'='";"16.0";"nM";"7.80";"";"";"UO_0000065";"10.36";"0.21";"0.23";"5.90";"0";"CHEMBL652865";"In vitro inhibitory concentration against AT1 receptor from human adrenal tissues.";"B";"BAO_0000357";"single protein format";"None";"None";"None";"None";"None";"";"";"";"CHEMBL227";"Type-1 angiotensin II receptor";"Homo sapiens";"SINGLE PROTEIN";"CHEMBL1128028";"1";"Scientific Literature";"Bioorg Med Chem Lett";"1994";"None";"";"";"";"16.0"
"CHEMBL323506";"";"None";"714.26";"2";"7.01";"4l";"CCCCc1nn(-c2cc(NC(C)=O)ccc2Cl)c(=O)n1Cc1ccc(-c2cc(CCC)ccc2S(=O)(=O)NC(=O)OC(C)(C)C)cc1F";"IC50";"'='";"14.0";"nM";"7.85";"";"";"UO_0000065";"11.00";"0.22";"0.84";"5.55";"0";"CHEMBL652865";"In vitro inhibitory concentration against AT1 receptor from human adrenal tissues.";"B";"BAO_0000357";"single protein format";"None";"None";"None";"None";"None";"";"";"";"CHEMBL227";"Type-1 angiotensin II receptor";"Homo sapiens";"SINGLE PROTEIN";"CHEMBL1128028";"1";"Scientific Literature";"Bioorg Med Chem Lett";"1994";"None";"";"";"";"14.0"
"CHEMBL348157";"";"None";"672.79";"2";"6.68";"L-162132";"CCCCCN(Cc1ccc(-c2ccccc2-c2nn[nH]n2)cc1)C(=O)N1CCN(C(=O)N(c2ccccc2)c2ccccc2)[C@H](C(=O)O)C1";"IC50";"'='";"15.0";"nM";"7.82";"";"";"UO_0000065";"11.63";"0.21";"1.14";"5.63";"0";"CHEMBL647575";"Inhibition of Angiotensin II receptor, type 1";"B";"BAO_0000357";"single protein format";"None";"None";"None";"None";"None";"";"";"";"CHEMBL227";"Type-1 angiotensin II receptor";"Homo sapiens";"SINGLE PROTEIN";"CHEMBL1129469";"1";"Scientific Literature";"J Med Chem";"1996";"None";"";"";"";"15.0"
"CHEMBL408403";"ANGIOTENSIN II";"4.0";"1046.20";"None";"None";"5; Ang II";"CC[C@H](C)[C@H](NC(=O)[C@H](Cc1ccc(O)cc1)NC(=O)[C@@H](NC(=O)[C@H](CCCNC(=N)N)NC(=O)[C@@H](N)CC(=O)O)C(C)C)C(=O)N[C@@H](Cc1cnc[nH]1)C(=O)N1CCC[C@H]1C(=O)N[C@@H](Cc1ccccc1)C(=O)O";"IC50";"'='";"10.2";"nM";"7.99";"";"";"UO_0000065";"7.64";"None";"None";"None";"0";"CHEMBL4812854";"Displacement of [125-I]-[Sar1, Ile8] from recombinant human AT1R transfected in human HEK293 cells incubated for 2 hrs by liquid scintillation counter analysis";"B";"BAO_0000219";"cell-based format";"Homo sapiens";"None";"None";"HEK293";"None";"";"";"";"CHEMBL227";"Type-1 angiotensin II receptor";"Homo sapiens";"SINGLE PROTEIN";"CHEMBL4811266";"1";"Scientific Literature";"Bioorg Med Chem Lett";"2021";"None";"TIME = 2.0 hr";"BINDING AGENT";"";"10.2"
"CHEMBL4847398";"";"None";"1123.32";"None";"None";"9; SBL-AII-9";"CCCC[C@@H](C(=O)N[C@@H](Cc1ccccc1)C(=O)O)N1Cc2[nH]c3ccccc3c2C[C@H](NC(=O)[C@@H](NC(=O)[C@H](Cc2ccc(O)cc2)NC(=O)[C@@H](NC(=O)[C@H](CCCNC(=N)N)NC(=O)[C@@H](N)CC(=O)O)C(C)C)[C@@H](C)CC)C1=O";"IC50";"'>'";"10000.0";"nM";"";"";"";"UO_0000065";"";"";"";"";"0";"CHEMBL4812854";"Displacement of [125-I]-[Sar1, Ile8] from recombinant human AT1R transfected in human HEK293 cells incubated for 2 hrs by liquid scintillation counter analysis";"B";"BAO_0000219";"cell-based format";"Homo sapiens";"None";"None";"HEK293";"None";"";"";"";"CHEMBL227";"Type-1 angiotensin II receptor";"Homo sapiens";"SINGLE PROTEIN";"CHEMBL4811266";"1";"Scientific Literature";"Bioorg Med Chem Lett";"2021";"None";"TIME = 2.0 hr";"";"";"10000.0"
"CHEMBL444065";"";"None";"716.23";"2";"5.47";"12";"CCCCc1nn(-c2cc(C(=O)NCCOC)ccc2Cl)c(=O)n1Cc1ccc(-c2ccccc2S(=O)(=O)NC(=O)OC(C)(C)C)cc1F";"IC50";"'='";"0.4";"nM";"9.40";"";"";"UO_0000065";"13.12";"0.26";"3.93";"6.24";"0";"CHEMBL650312";"In vitro inhibitory activity against angiotensin II receptor type 1, in human adrenal membrane preparations.";"B";"BAO_0000249";"cell membrane format";"None";"None";"None";"None";"None";"";"";"";"CHEMBL227";"Type-1 angiotensin II receptor";"Homo sapiens";"SINGLE PROTEIN";"CHEMBL1128554";"1";"Scientific Literature";"J Med Chem";"1995";"None";"";"";"";"0.4"
"CHEMBL2259777";"";"None";"583.68";"2";"5.28";"6";"CCCCc1ncc(/C=C2/C(=O)N(CCCC)C(=O)N2CCCC)n1Cc1ccc(S(=O)(=O)NC(F)(F)F)cc1";"IC50";"'='";"29.6";"nM";"7.53";"";"";"UO_0000065";"12.90";"0.26";"2.25";"7.20";"0";"CHEMBL3056799";"Antagonist activity at angiotensin 2 type-1 receptor (unknown origin)";"B";"BAO_0000357";"single protein format";"Homo sapiens";"None";"None";"None";"None";"";"";"";"CHEMBL227";"Type-1 angiotensin II receptor";"Homo sapiens";"SINGLE PROTEIN";"CHEMBL3045634";"1";"Scientific Literature";"Med Chem Res";"2010";"None";"";"";"";"29.6"
"CHEMBL30015";"";"None";"619.69";"2";"5.85";"37";"Cn1nnnc1-c1ccccc1-c1ccc(Cn2cnc3ccc(N(Cc4ccc(O)cc4)C(=O)c4ccccc4)cc3c2=O)cc1";"IC50";"'='";"6.0";"nM";"8.22";"";"";"UO_0000065";"13.27";"0.24";"2.37";"6.91";"0";"CHEMBL652866";"Binding affinity against AT1 receptor in human adrenal tissue";"B";"BAO_0000221";"tissue-based format";"Homo sapiens";"CHEMBL3638272";"Adrenal tissue";"None";"None";"";"";"";"CHEMBL227";"Type-1 angiotensin II receptor";"Homo sapiens";"SINGLE PROTEIN";"CHEMBL1128754";"1";"Scientific Literature";"Bioorg Med Chem Lett";"1995";"None";"";"";"";"6.0"
"CHEMBL4546437";"";"None";"530.63";"1";"4.87";"2; BR101549";"CCCCc1nc(C(C)C)c(CC(=O)OCC)c(=O)n1Cc1ccc(-c2ccccc2-c2noc(=O)[nH]2)cc1";"IC50";"'>='";"10.0";"nM";"";"";"";"UO_0000065";"";"";"";"";"0";"CHEMBL4332101";"Antagonist activity at type-1 angiotensin 2 receptor (unknown origin) by calcium mobilizing assay";"F";"BAO_0000357";"single protein format";"Homo sapiens";"None";"None";"None";"None";"";"";"";"CHEMBL227";"Type-1 angiotensin II receptor";"Homo sapiens";"SINGLE PROTEIN";"CHEMBL4330101";"1";"Scientific Literature";"Bioorg Med Chem Lett";"2019";"None";"";"";"";"10.0"
"CHEMBL3640122";"";"None";"568.63";"2";"5.23";"BDBM99943";"CCc1cc2c(=O)n(CCc3ccc(F)cc3)c(=O)n(Cc3ccc(-c4ccccc4-c4nc(=O)o[nH]4)cc3)c2s1";"IC50";"'='";"0.34";"nM";"9.47";"";"216941";"UO_0000065";"16.65";"0.32";"4.24";"9.20";"0";"CHEMBL3705302";"Binding Assay: Binding assay using human AT1.";"B";"BAO_0000357";"single protein format";"Homo sapiens";"None";"None";"None";"None";"";"";"";"CHEMBL227";"Type-1 angiotensin II receptor";"Homo sapiens";"SINGLE PROTEIN";"CHEMBL3639103";"37";"BindingDB Patent Bioactivity Data";"";"2013";"None";"";"";"";"0.34"
"CHEMBL5822617";"";"None";"497.60";"0";"4.20";"BDBM573716";"CN(Cc1ccccc1)C(=O)N1[C@H]2CC[C@@H]1[C@@H](C(=O)O)N(C(=O)C(c1ccccc1)c1ccccc1)C2";"IC50";"'>'";"10000.0";"nM";"";"";"1210600";"UO_0000065";"";"";"";"";"0";"CHEMBL5738515";"Biological Assay: Measurement of Inhibitory Activity on AT1 Receptor (AT4R)/AT2 Receptor (AT2R)Through the following steps, the inhibitory activity of the compound on AT1R/AT2R (IC50 value) was determined:1) An appropriate amount of 1×TLB (Tag-lite Buffer) was prepared and well mixed for use.2) The compound was diluted by 10 times with ddH2O or DMSO. The compound was then dilute to 4 times of the working concentration with 1×TLB and mixed well for use.3) 8600 nM Tag-lite angiotensin receptor red agonist was diluted to 12 nM (4×Kd) with 1×TLB.4) 5 ml 1×TLB was taken into a 15 ml centrifuge tube.5) After thawing 1 tube of Tb-labeled AT1R/AT2R cells in a 37° C. water bath, the cells were quickly transferred to the 1×TLB in step 4), mixed gently, and centrifuged at 1200 g for 5 minutes at room temperature.6) The supernatant was aspirated gently, and the cells were resuspended and mixed in 2.7 ml 1×TLB, and then placed at room temperature until use.7) 10 μl cells were added to all test wells, and 5 μl 4× working solution of the compound from step 2) was added to the corresponding test wells. 5 μl 4× Tag-lite angiotensin receptor red agonist well diluted in step 3) was added to all test wells.8) After leaving the reaction plate at room temperature for 1 h, data were measured and analyzed using Envision HTRF Reader, and the half inhibitory concentration (IC50) of the compound on AT1R/AT2R was calculated with the GraphPad Prism four-parameter equation.";"B";"BAO_0000019";"assay format";"Homo sapiens";"None";"None";"None";"None";"";"";"";"CHEMBL227";"Type-1 angiotensin II receptor";"Homo sapiens";"SINGLE PROTEIN";"CHEMBL5729340";"37";"BindingDB Patent Bioactivity Data";"";"2022";"None";"";"";"";"10000.0"
"CHEMBL4278280";"";"None";"543.69";"1";"4.92";"17";"CCCCc1nc(C)c(CC(=S)N2CCCC2)c(=O)n1Cc1ccc(-c2ccccc2-c2noc(=O)[nH]2)cc1";"IC50";"'='";"0.7";"nM";"9.15";"";"";"UO_0000065";"";"";"";"";"0";"CHEMBL4267128";"Antagonist activity at type-1 angiotensin 2 receptor (unknown origin) by calcium mobilizing assay";"F";"BAO_0000019";"assay format";"Homo sapiens";"None";"None";"None";"None";"";"";"";"CHEMBL227";"Type-1 angiotensin II receptor";"Homo sapiens";"SINGLE PROTEIN";"CHEMBL4265900";"1";"Scientific Literature";"Bioorg Med Chem Lett";"2018";"None";"";"";"";"0.7"
"CHEMBL4292297";"";"None";"597.79";"2";"6.09";"16";"CCCCc1nc(C)c(CC(=S)N2CC[C@@H]3CCCC[C@H]32)c(=O)n1Cc1ccc(-c2ccccc2-c2noc(=O)[nH]2)cc1";"IC50";"'='";"70.0";"nM";"7.16";"";"";"UO_0000065";"";"";"";"";"0";"CHEMBL4267128";"Antagonist activity at type-1 angiotensin 2 receptor (unknown origin) by calcium mobilizing assay";"F";"BAO_0000019";"assay format";"Homo sapiens";"None";"None";"None";"None";"";"";"";"CHEMBL227";"Type-1 angiotensin II receptor";"Homo sapiens";"SINGLE PROTEIN";"CHEMBL4265900";"1";"Scientific Literature";"Bioorg Med Chem Lett";"2018";"None";"";"";"";"70.0"
"CHEMBL4284022";"";"None";"559.69";"1";"4.16";"14";"CCCCc1nc(C)c(CC(=S)N2CCOCC2)c(=O)n1Cc1ccc(-c2ccccc2-c2noc(=O)[nH]2)cc1";"IC50";"'='";"5.6";"nM";"8.25";"";"";"UO_0000065";"";"";"";"";"0";"CHEMBL4267128";"Antagonist activity at type-1 angiotensin 2 receptor (unknown origin) by calcium mobilizing assay";"F";"BAO_0000019";"assay format";"Homo sapiens";"None";"None";"None";"None";"";"";"";"CHEMBL227";"Type-1 angiotensin II receptor";"Homo sapiens";"SINGLE PROTEIN";"CHEMBL4265900";"1";"Scientific Literature";"Bioorg Med Chem Lett";"2018";"None";"";"";"";"5.6"
"CHEMBL5816430";"";"None";"523.59";"1";"4.67";"BDBM573759";"CN(Cc1ccc(C#N)cc1)C(=O)N1[C@H]2CC[C@@H]1[C@@H](C(=O)O)N(C(=O)N(c1ccccc1)c1ccccc1)C2";"IC50";"'>'";"10000.0";"nM";"";"";"1210653";"UO_0000065";"";"";"";"";"0";"CHEMBL5738515";"Biological Assay: Measurement of Inhibitory Activity on AT1 Receptor (AT4R)/AT2 Receptor (AT2R)Through the following steps, the inhibitory activity of the compound on AT1R/AT2R (IC50 value) was determined:1) An appropriate amount of 1×TLB (Tag-lite Buffer) was prepared and well mixed for use.2) The compound was diluted by 10 times with ddH2O or DMSO. The compound was then dilute to 4 times of the working concentration with 1×TLB and mixed well for use.3) 8600 nM Tag-lite angiotensin receptor red agonist was diluted to 12 nM (4×Kd) with 1×TLB.4) 5 ml 1×TLB was taken into a 15 ml centrifuge tube.5) After thawing 1 tube of Tb-labeled AT1R/AT2R cells in a 37° C. water bath, the cells were quickly transferred to the 1×TLB in step 4), mixed gently, and centrifuged at 1200 g for 5 minutes at room temperature.6) The supernatant was aspirated gently, and the cells were resuspended and mixed in 2.7 ml 1×TLB, and then placed at room temperature until use.7) 10 μl cells were added to all test wells, and 5 μl 4× working solution of the compound from step 2) was added to the corresponding test wells. 5 μl 4× Tag-lite angiotensin receptor red agonist well diluted in step 3) was added to all test wells.8) After leaving the reaction plate at room temperature for 1 h, data were measured and analyzed using Envision HTRF Reader, and the half inhibitory concentration (IC50) of the compound on AT1R/AT2R was calculated with the GraphPad Prism four-parameter equation.";"B";"BAO_0000019";"assay format";"Homo sapiens";"None";"None";"None";"None";"";"";"";"CHEMBL227";"Type-1 angiotensin II receptor";"Homo sapiens";"SINGLE PROTEIN";"CHEMBL5729340";"37";"BindingDB Patent Bioactivity Data";"";"2022";"None";"";"";"";"10000.0"
"CHEMBL2322440";"";"None";"481.52";"0";"3.23";"12e";"CCc1nc2ccn(CC(=O)O)c(=O)c2n1[C@H]1CCc2cc(-c3ccccc3-c3nnn[nH]3)ccc21";"IC50";"'='";"348.0";"nM";"6.46";"";"";"UO_0000065";"13.41";"0.25";"3.23";"4.91";"0";"CHEMBL2327554";"Displacement of [125I]Tyr4-Sar1,Ile8-Angiotensin II from human Angiotensin 1 receptor after";"B";"BAO_0000357";"single protein format";"Homo sapiens";"None";"None";"None";"None";"";"";"";"CHEMBL227";"Type-1 angiotensin II receptor";"Homo sapiens";"SINGLE PROTEIN";"CHEMBL2321681";"1";"Scientific Literature";"Bioorg Med Chem Lett";"2013";"None";"";"";"";"348.0"
"CHEMBL1016";"CANDESARTAN";"3.0";"440.46";"0";"4.03";"Candesartan";"CCOc1nc2cccc(C(=O)O)c2n1Cc1ccc(-c2ccccc2-c2nnn[nH]2)cc1";"IC50";"'='";"10.72";"nM";"7.97";"";"";"UO_0000065";"18.09";"0.33";"3.94";"6.71";"0";"CHEMBL3789066";"Displacement of [3H]-Asp-{Nomega-[N-(4-propanoylaminobutyl)aminocarbonyl]}Arg-ValTyr-Ile-His-Pro-Phe-OH Tris(hydrotrifluoroacetate) from human AT1 receptor transfected in CHO cells co-expressing Galpha16-mtAEQ after 2 hrs by liquid scintillation counting";"B";"BAO_0000219";"cell-based format";"Homo sapiens";"None";"None";"CHO";"None";"";"";"";"CHEMBL227";"Type-1 angiotensin II receptor";"Homo sapiens";"SINGLE PROTEIN";"CHEMBL3784921";"1";"Scientific Literature";"J Med Chem";"2016";"CHEMBL3308072";"";"";"";"7.97"
"CHEMBL4872735";"";"None";"1008.23";"None";"None";"10; SBL-AII-10";"CCCC[C@@H](C(=O)N[C@@H](Cc1ccccc1)C(=O)O)N1Cc2[nH]c3ccccc3c2C[C@H](NC(=O)[C@@H](NC(=O)[C@H](Cc2ccc(O)cc2)NC(=O)[C@@H](NC(=O)[C@@H](N)CCCNC(=N)N)C(C)C)[C@@H](C)CC)C1=O";"IC50";"'>'";"10000.0";"nM";"";"";"";"UO_0000065";"";"";"";"";"0";"CHEMBL4812854";"Displacement of [125-I]-[Sar1, Ile8] from recombinant human AT1R transfected in human HEK293 cells incubated for 2 hrs by liquid scintillation counter analysis";"B";"BAO_0000219";"cell-based format";"Homo sapiens";"None";"None";"HEK293";"None";"";"";"";"CHEMBL227";"Type-1 angiotensin II receptor";"Homo sapiens";"SINGLE PROTEIN";"CHEMBL4811266";"1";"Scientific Literature";"Bioorg Med Chem Lett";"2021";"None";"TIME = 2.0 hr";"";"";"10000.0"
"CHEMBL4854474";"";"None";"969.15";"3";"1.14";"14; SBL-AII-14";"CC[C@H](C)[C@H](NC(=O)[C@H](Cc1ccc(O)cc1)NC(=O)[C@@H](NC(=O)[C@@H](N)CCCNC(=N)N)C(C)C)C(=O)N1Cc2ccc(O)cc2C[C@H]1C(=O)N1CCC[C@H]1C(=O)N[C@@H](Cc1ccccc1)C(=O)O";"IC50";"'='";"2010.0";"nM";"5.70";"";"";"UO_0000065";"5.88";"0.11";"4.56";"1.77";"0";"CHEMBL4812854";"Displacement of [125-I]-[Sar1, Ile8] from recombinant human AT1R transfected in human HEK293 cells incubated for 2 hrs by liquid scintillation counter analysis";"B";"BAO_0000219";"cell-based format";"Homo sapiens";"None";"None";"HEK293";"None";"";"";"";"CHEMBL227";"Type-1 angiotensin II receptor";"Homo sapiens";"SINGLE PROTEIN";"CHEMBL4811266";"1";"Scientific Literature";"Bioorg Med Chem Lett";"2021";"None";"TIME = 2.0 hr";"BINDING AGENT";"";"2010.0"
"CHEMBL4114708";"";"None";"593.67";"1";"4.90";"BDBM99992";"CCc1cc2c(=O)n(C/C(=N\OC)c3ccccc3)c(=O)n(Cc3ccc(-c4ccccc4-c4nc(=O)o[nH]4)cc3)c2s1";"IC50";"'='";"1.3";"nM";"8.89";"";"216989";"UO_0000065";"14.97";"0.28";"3.99";"7.14";"0";"CHEMBL3705302";"Binding Assay: Binding assay using human AT1.";"B";"BAO_0000357";"single protein format";"Homo sapiens";"None";"None";"None";"None";"";"";"";"CHEMBL227";"Type-1 angiotensin II receptor";"Homo sapiens";"SINGLE PROTEIN";"CHEMBL3639103";"37";"BindingDB Patent Bioactivity Data";"";"2013";"None";"";"";"";"1.3"
"CHEMBL1069";"VALSARTAN";"4.0";"435.53";"0";"4.16";"Valsartan";"CCCCC(=O)N(Cc1ccc(-c2ccccc2-c2nnn[nH]2)cc1)[C@H](C(=O)O)C(C)C";"IC50";"'='";"7.4";"nM";"8.13";"";"";"UO_0000065";"18.67";"0.35";"3.97";"7.26";"0";"CHEMBL5032542";"Displacement of [125-I]-[Sar1, AngII from AT1R (unknown origin) expressed in Escherichia coli BL 21 (DE3) incubated for 2 hrs by radioimmunoassay";"B";"BAO_0000019";"assay format";"Homo sapiens";"None";"None";"None";"None";"";"";"";"CHEMBL227";"Type-1 angiotensin II receptor";"Homo sapiens";"SINGLE PROTEIN";"CHEMBL5032489";"1";"Scientific Literature";"J Med Chem";"2021";"None";"TIME = 2.0 hr";"INHIBITOR";"";"7.4"
"CHEMBL4282931";"";"None";"559.74";"2";"5.41";"9";"CCCCc1nc(C)c(CC(=S)N(C)CC(C)C)c(=O)n1Cc1ccc(-c2ccccc2-c2noc(=O)[nH]2)cc1";"IC50";"'='";"2.1";"nM";"8.68";"";"";"UO_0000065";"";"";"";"";"0";"CHEMBL4267128";"Antagonist activity at type-1 angiotensin 2 receptor (unknown origin) by calcium mobilizing assay";"F";"BAO_0000019";"assay format";"Homo sapiens";"None";"None";"None";"None";"";"";"";"CHEMBL227";"Type-1 angiotensin II receptor";"Homo sapiens";"SINGLE PROTEIN";"CHEMBL4265900";"1";"Scientific Literature";"Bioorg Med Chem Lett";"2018";"None";"";"";"";"2.1"
"CHEMBL4293170";"";"None";"503.63";"1";"3.99";"6";"CCCc1nc(C)c(CC(=S)N(C)C)c(=O)n1Cc1ccc(-c2ccccc2-c2noc(=O)[nH]2)cc1";"IC50";"'='";"4.7";"nM";"8.33";"";"";"UO_0000065";"";"";"";"";"0";"CHEMBL4267128";"Antagonist activity at type-1 angiotensin 2 receptor (unknown origin) by calcium mobilizing assay";"F";"BAO_0000019";"assay format";"Homo sapiens";"None";"None";"None";"None";"";"";"";"CHEMBL227";"Type-1 angiotensin II receptor";"Homo sapiens";"SINGLE PROTEIN";"CHEMBL4265900";"1";"Scientific Literature";"Bioorg Med Chem Lett";"2018";"None";"";"";"";"4.7"
"CHEMBL4282573";"";"None";"517.66";"1";"4.24";"5";"Cc1nc(CC(C)C)n(Cc2ccc(-c3ccccc3-c3noc(=O)[nH]3)cc2)c(=O)c1CC(=S)N(C)C";"IC50";"";"";"";"";"";"Not Determined";"";"";"";"";"";"0";"CHEMBL4267128";"Antagonist activity at type-1 angiotensin 2 receptor (unknown origin) by calcium mobilizing assay";"F";"BAO_0000019";"assay format";"Homo sapiens";"None";"None";"None";"None";"";"";"";"CHEMBL227";"Type-1 angiotensin II receptor";"Homo sapiens";"SINGLE PROTEIN";"CHEMBL4265900";"1";"Scientific Literature";"Bioorg Med Chem Lett";"2018";"None";"";"";"";""
"CHEMBL3640126";"";"None";"594.62";"2";"5.18";"BDBM99947";"O=C(Cn1c(=O)c2cc(C3CC3)sc2n(Cc2ccc(-c3ccccc3-c3nc(=O)o[nH]3)cc2)c1=O)c1ccc(F)cc1";"IC50";"'='";"1.1";"nM";"8.96";"";"216945";"UO_0000065";"15.07";"0.28";"3.78";"7.47";"0";"CHEMBL3705302";"Binding Assay: Binding assay using human AT1.";"B";"BAO_0000357";"single protein format";"Homo sapiens";"None";"None";"None";"None";"";"";"";"CHEMBL227";"Type-1 angiotensin II receptor";"Homo sapiens";"SINGLE PROTEIN";"CHEMBL3639103";"37";"BindingDB Patent Bioactivity Data";"";"2013";"None";"";"";"";"1.1"
"CHEMBL3640153";"";"None";"656.69";"3";"5.30";"BDBM99974";"CCc1cc2c(=O)n(CC(OC(C)=O)c3ccc(OC)cc3)c(=O)n(Cc3ccc(-c4ccccc4-c4nc(=O)o[nH]4)cc3F)c2s1";"IC50";"'='";"1.3";"nM";"8.89";"";"216972";"UO_0000065";"13.53";"0.26";"3.59";"6.42";"0";"CHEMBL3705302";"Binding Assay: Binding assay using human AT1.";"B";"BAO_0000357";"single protein format";"Homo sapiens";"None";"None";"None";"None";"";"";"";"CHEMBL227";"Type-1 angiotensin II receptor";"Homo sapiens";"SINGLE PROTEIN";"CHEMBL3639103";"37";"BindingDB Patent Bioactivity Data";"";"2013";"None";"";"";"";"1.3"
"CHEMBL3640156";"";"None";"626.67";"2";"5.27";"BDBM99978";"CCCc1cc2c(=O)n(CC(=O)c3ccc(OC)cc3)c(=O)n(Cc3ccc(-c4ccccc4-c4nc(=O)o[nH]4)cc3F)c2s1";"IC50";"'='";"1.7";"nM";"8.77";"";"216975";"UO_0000065";"13.99";"0.27";"3.50";"6.79";"0";"CHEMBL3705302";"Binding Assay: Binding assay using human AT1.";"B";"BAO_0000357";"single protein format";"Homo sapiens";"None";"None";"None";"None";"";"";"";"CHEMBL227";"Type-1 angiotensin II receptor";"Homo sapiens";"SINGLE PROTEIN";"CHEMBL3639103";"37";"BindingDB Patent Bioactivity Data";"";"2013";"None";"";"";"";"1.7"
"CHEMBL3190827";"";"None";"304.37";"0";"4.91";"SID14735144";"Oc1c(/C=N/c2cccc3cccnc23)sc2ccccc12";"IC50";"'='";"2779.0";"nM";"5.56";"";"Active";"UO_0000065";"";"";"";"";"0";"CHEMBL1614336";"PUBCHEM_BIOASSAY: Dose Response screen for antagonists of Angiotensin II Receptor Type 1 to assess selectivity of uHTS small molecule antagonists hits of the APJ receptor. (Class of assay: confirmatory) [Related pubchem assays: 2569, 2521 ]";"F";"BAO_0000019";"assay format";"Homo sapiens";"None";"None";"None";"None";"";"";"";"CHEMBL227";"Type-1 angiotensin II receptor";"Homo sapiens";"SINGLE PROTEIN";"CHEMBL1201862";"7";"PubChem BioAssays";"";"";"None";"";"";"";"2.779"
"CHEMBL1487991";"";"None";"353.36";"0";"1.32";"SID49822704";"COc1ccc(S(=O)(=O)NNc2nc(C)cc(C)n2)cc1[N+](=O)[O-]";"IC50";"'='";"36727.0";"nM";"4.43";"";"Not Active";"UO_0000065";"";"";"";"";"0";"CHEMBL1614336";"PUBCHEM_BIOASSAY: Dose Response screen for antagonists of Angiotensin II Receptor Type 1 to assess selectivity of uHTS small molecule antagonists hits of the APJ receptor. (Class of assay: confirmatory) [Related pubchem assays: 2569, 2521 ]";"F";"BAO_0000019";"assay format";"Homo sapiens";"None";"None";"None";"None";"";"";"";"CHEMBL227";"Type-1 angiotensin II receptor";"Homo sapiens";"SINGLE PROTEIN";"CHEMBL1201862";"7";"PubChem BioAssays";"";"";"None";"";"";"";"36.727"
"CHEMBL3208035";"";"None";"294.14";"0";"3.15";"SID49823896";"O=C(N/N=C/c1ccccn1)c1ccc(Cl)c(Cl)c1";"IC50";"'='";"4027.0";"nM";"5.39";"";"Active";"UO_0000065";"";"";"";"";"0";"CHEMBL1614336";"PUBCHEM_BIOASSAY: Dose Response screen for antagonists of Angiotensin II Receptor Type 1 to assess selectivity of uHTS small molecule antagonists hits of the APJ receptor. (Class of assay: confirmatory) [Related pubchem assays: 2569, 2521 ]";"F";"BAO_0000019";"assay format";"Homo sapiens";"None";"None";"None";"None";"";"";"";"CHEMBL227";"Type-1 angiotensin II receptor";"Homo sapiens";"SINGLE PROTEIN";"CHEMBL1201862";"7";"PubChem BioAssays";"";"";"None";"";"";"";"4.027"
"CHEMBL1605686";"";"None";"191.26";"0";"1.22";"SID22413114";"Cn1cccc1/C=C(/C#N)C(N)=S";"IC50";"'>'";"40000.0";"nM";"";"";"Not Active";"UO_0000065";"";"";"";"";"0";"CHEMBL1614336";"PUBCHEM_BIOASSAY: Dose Response screen for antagonists of Angiotensin II Receptor Type 1 to assess selectivity of uHTS small molecule antagonists hits of the APJ receptor. (Class of assay: confirmatory) [Related pubchem assays: 2569, 2521 ]";"F";"BAO_0000019";"assay format";"Homo sapiens";"None";"None";"None";"None";"";"";"";"CHEMBL227";"Type-1 angiotensin II receptor";"Homo sapiens";"SINGLE PROTEIN";"CHEMBL1201862";"7";"PubChem BioAssays";"";"";"None";"";"";"";"40.0"
"CHEMBL1342221";"";"None";"436.49";"0";"3.01";"SID22401263";"COc1ccc(/C=C/C(=O)NC(=S)NNC(=O)c2c(-c3ccccc3)noc2C)cc1";"IC50";"'='";"35536.0";"nM";"4.45";"";"Not Active";"UO_0000065";"";"";"";"";"0";"CHEMBL1614336";"PUBCHEM_BIOASSAY: Dose Response screen for antagonists of Angiotensin II Receptor Type 1 to assess selectivity of uHTS small molecule antagonists hits of the APJ receptor. (Class of assay: confirmatory) [Related pubchem assays: 2569, 2521 ]";"F";"BAO_0000019";"assay format";"Homo sapiens";"None";"None";"None";"None";"";"";"";"CHEMBL227";"Type-1 angiotensin II receptor";"Homo sapiens";"SINGLE PROTEIN";"CHEMBL1201862";"7";"PubChem BioAssays";"";"";"None";"";"";"";"35.536"
"CHEMBL1527013";"";"None";"315.20";"1";"5.16";"SID24791661";"Fc1ccc(NC(S)=Nc2ccc(Cl)cc2Cl)cc1";"IC50";"'>'";"40000.0";"nM";"";"";"Not Active";"UO_0000065";"";"";"";"";"0";"CHEMBL1614336";"PUBCHEM_BIOASSAY: Dose Response screen for antagonists of Angiotensin II Receptor Type 1 to assess selectivity of uHTS small molecule antagonists hits of the APJ receptor. (Class of assay: confirmatory) [Related pubchem assays: 2569, 2521 ]";"F";"BAO_0000019";"assay format";"Homo sapiens";"None";"None";"None";"None";"";"";"";"CHEMBL227";"Type-1 angiotensin II receptor";"Homo sapiens";"SINGLE PROTEIN";"CHEMBL1201862";"7";"PubChem BioAssays";"";"";"None";"";"";"";"40.0"
"CHEMBL1401122";"";"None";"376.32";"0";"2.22";"SID17386411";"Cc1nn(CCC(=O)NNC(S)=NCC(C)C)c(C)c1Br";"IC50";"'='";"15944.0";"nM";"4.80";"";"Active";"UO_0000065";"";"";"";"";"0";"CHEMBL1614336";"PUBCHEM_BIOASSAY: Dose Response screen for antagonists of Angiotensin II Receptor Type 1 to assess selectivity of uHTS small molecule antagonists hits of the APJ receptor. (Class of assay: confirmatory) [Related pubchem assays: 2569, 2521 ]";"F";"BAO_0000019";"assay format";"Homo sapiens";"None";"None";"None";"None";"";"";"";"CHEMBL227";"Type-1 angiotensin II receptor";"Homo sapiens";"SINGLE PROTEIN";"CHEMBL1201862";"7";"PubChem BioAssays";"";"";"None";"";"";"";"15.944"
"CHEMBL1578651";"";"None";"413.93";"0";"4.90";"SID24822842";"CN(C)CCN(Cc1ccco1)C(=O)c1cc2c(Cl)nc3ccccc3c2s1";"IC50";"'='";"33842.0";"nM";"4.47";"";"Not Active";"UO_0000065";"";"";"";"";"0";"CHEMBL1614336";"PUBCHEM_BIOASSAY: Dose Response screen for antagonists of Angiotensin II Receptor Type 1 to assess selectivity of uHTS small molecule antagonists hits of the APJ receptor. (Class of assay: confirmatory) [Related pubchem assays: 2569, 2521 ]";"F";"BAO_0000019";"assay format";"Homo sapiens";"None";"None";"None";"None";"";"";"";"CHEMBL227";"Type-1 angiotensin II receptor";"Homo sapiens";"SINGLE PROTEIN";"CHEMBL1201862";"7";"PubChem BioAssays";"";"";"None";"";"";"";"33.842"
"CHEMBL191";"LOSARTAN";"4.0";"422.92";"0";"4.27";"LOSARTAN";"CCCCc1nc(Cl)c(CO)n1Cc1ccc(-c2ccccc2-c2nnn[nH]2)cc1";"IC50";"'='";"16.2";"nM";"7.79";"";"";"UO_0000065";"18.42";"0.35";"3.52";"8.42";"1";"CHEMBL3757817";"Displacement of 125I-labelled Sar1-Ile8-angiotensin-2 from human AT1 receptor";"B";"BAO_0000357";"single protein format";"Homo sapiens";"None";"None";"None";"None";"";"";"";"CHEMBL227";"Type-1 angiotensin II receptor";"Homo sapiens";"SINGLE PROTEIN";"CHEMBL3751753";"1";"Scientific Literature";"Medchemcomm";"2015";"None";"";"";"";"16.2"
"CHEMBL3753007";"";"None";"614.71";"2";"5.72";"1n";"CCCc1nc2c(C)cc(C(=O)NCc3ccc(OC)cc3)cc2n1Cc1ccc(-c2ccccc2C(=O)Nc2nnn[nH]2)cc1";"IC50";"'='";"549.8";"nM";"6.26";"";"";"UO_0000065";"10.18";"0.19";"0.54";"4.48";"0";"CHEMBL3757817";"Displacement of 125I-labelled Sar1-Ile8-angiotensin-2 from human AT1 receptor";"B";"BAO_0000357";"single protein format";"Homo sapiens";"None";"None";"None";"None";"";"";"";"CHEMBL227";"Type-1 angiotensin II receptor";"Homo sapiens";"SINGLE PROTEIN";"CHEMBL3751753";"1";"Scientific Literature";"Medchemcomm";"2015";"None";"";"";"";"549.8"
"CHEMBL3754010";"";"None";"550.67";"2";"5.31";"1g";"CCCCNC(=O)c1cc(C)c2nc(CCC)n(Cc3ccc(-c4ccccc4C(=O)Nc4nnn[nH]4)cc3)c2c1";"IC50";"'='";"439.0";"nM";"6.36";"";"";"UO_0000065";"11.55";"0.21";"1.05";"4.87";"0";"CHEMBL3757817";"Displacement of 125I-labelled Sar1-Ile8-angiotensin-2 from human AT1 receptor";"B";"BAO_0000357";"single protein format";"Homo sapiens";"None";"None";"None";"None";"";"";"";"CHEMBL227";"Type-1 angiotensin II receptor";"Homo sapiens";"SINGLE PROTEIN";"CHEMBL3751753";"1";"Scientific Literature";"Medchemcomm";"2015";"None";"";"";"";"439.0"
"CHEMBL1972216";"";"None";"335.79";"0";"3.92";"SID49827053";"O=C(N/N=C(\c1ccccc1)c1ccccn1)c1ccccc1Cl";"IC50";"'='";"10166.0";"nM";"4.99";"";"Active";"UO_0000065";"";"";"";"";"0";"CHEMBL1614336";"PUBCHEM_BIOASSAY: Dose Response screen for antagonists of Angiotensin II Receptor Type 1 to assess selectivity of uHTS small molecule antagonists hits of the APJ receptor. (Class of assay: confirmatory) [Related pubchem assays: 2569, 2521 ]";"F";"BAO_0000019";"assay format";"Homo sapiens";"None";"None";"None";"None";"";"";"";"CHEMBL227";"Type-1 angiotensin II receptor";"Homo sapiens";"SINGLE PROTEIN";"CHEMBL1201862";"7";"PubChem BioAssays";"";"";"None";"";"";"";"10.166"
"CHEMBL1599499";"";"None";"315.17";"0";"3.83";"SID49679699";"Cc1ccc(N=C2C(=O)Nc3ccc(Br)cc32)cc1";"IC50";"'='";"7758.0";"nM";"5.11";"";"Active";"UO_0000065";"";"";"";"";"0";"CHEMBL1614336";"PUBCHEM_BIOASSAY: Dose Response screen for antagonists of Angiotensin II Receptor Type 1 to assess selectivity of uHTS small molecule antagonists hits of the APJ receptor. (Class of assay: confirmatory) [Related pubchem assays: 2569, 2521 ]";"F";"BAO_0000019";"assay format";"Homo sapiens";"None";"None";"None";"None";"";"";"";"CHEMBL227";"Type-1 angiotensin II receptor";"Homo sapiens";"SINGLE PROTEIN";"CHEMBL1201862";"7";"PubChem BioAssays";"";"";"None";"";"";"";"7.758"
"CHEMBL1337184";"";"None";"390.78";"0";"3.39";"SID17386727";"O=C(CCC(=O)OCC(=O)c1cccc([N+](=O)[O-])c1)Nc1ccccc1Cl";"IC50";"'='";"15047.0";"nM";"4.82";"";"Active";"UO_0000065";"";"";"";"";"0";"CHEMBL1614336";"PUBCHEM_BIOASSAY: Dose Response screen for antagonists of Angiotensin II Receptor Type 1 to assess selectivity of uHTS small molecule antagonists hits of the APJ receptor. (Class of assay: confirmatory) [Related pubchem assays: 2569, 2521 ]";"F";"BAO_0000019";"assay format";"Homo sapiens";"None";"None";"None";"None";"";"";"";"CHEMBL227";"Type-1 angiotensin II receptor";"Homo sapiens";"SINGLE PROTEIN";"CHEMBL1201862";"7";"PubChem BioAssays";"";"";"None";"";"";"";"15.047"
"CHEMBL1984876";"";"None";"318.17";"0";"3.00";"SID49824246";"C/C(=N\NC(=O)c1cccc(Br)c1)c1ccccn1";"IC50";"'='";"3515.0";"nM";"5.45";"";"Active";"UO_0000065";"";"";"";"";"0";"CHEMBL1614336";"PUBCHEM_BIOASSAY: Dose Response screen for antagonists of Angiotensin II Receptor Type 1 to assess selectivity of uHTS small molecule antagonists hits of the APJ receptor. (Class of assay: confirmatory) [Related pubchem assays: 2569, 2521 ]";"F";"BAO_0000019";"assay format";"Homo sapiens";"None";"None";"None";"None";"";"";"";"CHEMBL227";"Type-1 angiotensin II receptor";"Homo sapiens";"SINGLE PROTEIN";"CHEMBL1201862";"7";"PubChem BioAssays";"";"";"None";"";"";"";"3.515"
"CHEMBL1534477";"";"None";"390.78";"0";"2.33";"SID17431759";"O=C(Cc1ccccc1)NCC(=O)OCC(=O)c1ccc(Cl)c([N+](=O)[O-])c1";"IC50";"'='";"9369.0";"nM";"5.03";"";"Active";"UO_0000065";"";"";"";"";"0";"CHEMBL1614336";"PUBCHEM_BIOASSAY: Dose Response screen for antagonists of Angiotensin II Receptor Type 1 to assess selectivity of uHTS small molecule antagonists hits of the APJ receptor. (Class of assay: confirmatory) [Related pubchem assays: 2569, 2521 ]";"F";"BAO_0000019";"assay format";"Homo sapiens";"None";"None";"None";"None";"";"";"";"CHEMBL227";"Type-1 angiotensin II receptor";"Homo sapiens";"SINGLE PROTEIN";"CHEMBL1201862";"7";"PubChem BioAssays";"";"";"None";"";"";"";"9.369"
"CHEMBL1545561";"";"None";"400.39";"0";"1.74";"SID17507140";"CC(C(=O)OCC(=O)c1cccc([N+](=O)[O-])c1)N1C(=O)C2C3CCC(C3)C2C1=O";"IC50";"'='";"24373.0";"nM";"4.61";"";"Not Active";"UO_0000065";"";"";"";"";"0";"CHEMBL1614336";"PUBCHEM_BIOASSAY: Dose Response screen for antagonists of Angiotensin II Receptor Type 1 to assess selectivity of uHTS small molecule antagonists hits of the APJ receptor. (Class of assay: confirmatory) [Related pubchem assays: 2569, 2521 ]";"F";"BAO_0000019";"assay format";"Homo sapiens";"None";"None";"None";"None";"";"";"";"CHEMBL227";"Type-1 angiotensin II receptor";"Homo sapiens";"SINGLE PROTEIN";"CHEMBL1201862";"7";"PubChem BioAssays";"";"";"None";"";"";"";"24.373"
"CHEMBL2158330";"";"None";"340.40";"0";"3.61";"59";"Cc1ccnc(SCc2cc(=O)c(OCc3ccccc3)co2)n1";"IC50";"'>'";"79000.0";"nM";"";"";"";"UO_0000065";"";"";"";"";"0";"CHEMBL2161529";"Inhibition of AT1 receptor";"B";"BAO_0000357";"single protein format";"None";"None";"None";"None";"None";"";"";"";"CHEMBL227";"Type-1 angiotensin II receptor";"Homo sapiens";"SINGLE PROTEIN";"CHEMBL2157975";"1";"Scientific Literature";"Bioorg Med Chem Lett";"2012";"None";"";"";"";"79.0"
"CHEMBL2158328";"";"None";"431.85";"1";"5.02";"57";"Cc1ccc(SCc2cc(=O)c(OC(=O)c3ccc(Cl)c([N+](=O)[O-])c3)co2)cc1";"IC50";"'>'";"79000.0";"nM";"";"";"";"UO_0000065";"";"";"";"";"0";"CHEMBL2161529";"Inhibition of AT1 receptor";"B";"BAO_0000357";"single protein format";"None";"None";"None";"None";"None";"";"";"";"CHEMBL227";"Type-1 angiotensin II receptor";"Homo sapiens";"SINGLE PROTEIN";"CHEMBL2157975";"1";"Scientific Literature";"Bioorg Med Chem Lett";"2012";"None";"";"";"";"79.0"
"CHEMBL2158268";"";"None";"475.55";"0";"2.97";"24";"CCN(CC)S(=O)(=O)c1ccc(C(=O)Oc2coc(CSc3ncccn3)cc2=O)cc1";"IC50";"'>'";"79000.0";"nM";"";"";"";"UO_0000065";"";"";"";"";"0";"CHEMBL2161529";"Inhibition of AT1 receptor";"B";"BAO_0000357";"single protein format";"None";"None";"None";"None";"None";"";"";"";"CHEMBL227";"Type-1 angiotensin II receptor";"Homo sapiens";"SINGLE PROTEIN";"CHEMBL2157975";"1";"Scientific Literature";"Bioorg Med Chem Lett";"2012";"None";"";"";"";"79.0"
"CHEMBL2158272";"";"None";"413.41";"0";"3.47";"30";"Cc1ccnc(SCc2cc(=O)c(OC(=O)c3ccc(C)c([N+](=O)[O-])c3)co2)n1";"IC50";"'>'";"79000.0";"nM";"";"";"";"UO_0000065";"";"";"";"";"0";"CHEMBL2161529";"Inhibition of AT1 receptor";"B";"BAO_0000357";"single protein format";"None";"None";"None";"None";"None";"";"";"";"CHEMBL227";"Type-1 angiotensin II receptor";"Homo sapiens";"SINGLE PROTEIN";"CHEMBL2157975";"1";"Scientific Literature";"Bioorg Med Chem Lett";"2012";"None";"";"";"";"79.0"
"CHEMBL70789";"";"None";"679.81";"2";"7.08";"40";"CCCc1nc(CC)c(C(=O)OCc2ccccc2OC)n1Cc1ccc(-c2ccccc2S(=O)(=O)NC(=O)OCCC(C)C)cc1F";"IC50";"'='";"0.1";"nM";"10.00";"";"";"UO_0000065";"14.71";"0.28";"2.92";"7.95";"0";"CHEMBL648492";"Binding affinity for Angiotensin II receptor, type 1";"B";"BAO_0000357";"single protein format";"None";"None";"None";"None";"None";"";"";"";"CHEMBL227";"Type-1 angiotensin II receptor";"Homo sapiens";"SINGLE PROTEIN";"CHEMBL1150518";"1";"Scientific Literature";"Bioorg Med Chem Lett";"1994";"None";"";"";"";"0.1"
"CHEMBL4861538";"";"None";"952.13";"2";"1.04";"8; SBL-AII-8";"CC[C@H](C)[C@H](NC(=O)[C@H](Cc1ccc(O)cc1)NC(=O)[C@@H](NC(=O)[C@@H](N)CCCNC(=N)N)C(C)C)C(=O)N[C@H]1Cc2c([nH]c3ccccc23)CN(CC(=O)N[C@@H](Cc2ccccc2)C(=O)O)C1=O";"IC50";"'>'";"10000.0";"nM";"";"";"";"UO_0000065";"";"";"";"";"0";"CHEMBL4812854";"Displacement of [125-I]-[Sar1, Ile8] from recombinant human AT1R transfected in human HEK293 cells incubated for 2 hrs by liquid scintillation counter analysis";"B";"BAO_0000219";"cell-based format";"Homo sapiens";"None";"None";"HEK293";"None";"";"";"";"CHEMBL227";"Type-1 angiotensin II receptor";"Homo sapiens";"SINGLE PROTEIN";"CHEMBL4811266";"1";"Scientific Literature";"Bioorg Med Chem Lett";"2021";"None";"TIME = 2.0 hr";"";"";"10000.0"
"CHEMBL126170";"";"None";"532.65";"1";"4.70";"51";"CCCCc1ncc(/C=C2/C(=O)N(CCCC)C(=O)N2Cc2c[nH]c(C)n2)n1Cc1ccc(C(=O)OC)cc1";"IC50";"'='";"245.0";"nM";"6.61";"";"";"UO_0000065";"12.41";"0.23";"1.91";"5.83";"0";"CHEMBL3056799";"Antagonist activity at angiotensin 2 type-1 receptor (unknown origin)";"B";"BAO_0000357";"single protein format";"Homo sapiens";"None";"None";"None";"None";"";"";"";"CHEMBL227";"Type-1 angiotensin II receptor";"Homo sapiens";"SINGLE PROTEIN";"CHEMBL3045634";"1";"Scientific Literature";"Med Chem Res";"2010";"None";"";"";"";"245.0"
"CHEMBL2263542";"";"None";"627.61";"2";"6.53";"44";"CCCCc1ncc(/C=C2/C(=O)N(CCCC)C(=O)N2CCc2csc(Br)c2)n1Cc1ccc(C(=O)OC)cc1";"IC50";"'='";"25.4";"nM";"7.59";"";"";"UO_0000065";"12.10";"0.26";"1.07";"8.96";"0";"CHEMBL3056799";"Antagonist activity at angiotensin 2 type-1 receptor (unknown origin)";"B";"BAO_0000357";"single protein format";"Homo sapiens";"None";"None";"None";"None";"";"";"";"CHEMBL227";"Type-1 angiotensin II receptor";"Homo sapiens";"SINGLE PROTEIN";"CHEMBL3045634";"1";"Scientific Literature";"Med Chem Res";"2010";"None";"";"";"";"25.4"
"CHEMBL338123";"";"None";"548.71";"2";"6.04";"36";"CCCCc1ncc(/C=C2/C(=O)N(CCCC)C(=O)N2Cc2sccc2C)n1Cc1ccc(C(=O)OC)cc1";"IC50";"'='";"23.9";"nM";"7.62";"";"";"UO_0000065";"13.89";"0.27";"1.58";"8.99";"0";"CHEMBL3056799";"Antagonist activity at angiotensin 2 type-1 receptor (unknown origin)";"B";"BAO_0000357";"single protein format";"Homo sapiens";"None";"None";"None";"None";"";"";"";"CHEMBL227";"Type-1 angiotensin II receptor";"Homo sapiens";"SINGLE PROTEIN";"CHEMBL3045634";"1";"Scientific Literature";"Med Chem Res";"2010";"None";"";"";"";"23.9"
"CHEMBL123670";"";"None";"563.10";"2";"6.32";"20";"CCCCc1ncc(/C=C2/C(=O)N(CCCC)C(=O)N2Cc2ccc(Cl)cc2)n1Cc1ccc(C(=O)OC)cc1";"IC50";"'='";"17.6";"nM";"7.75";"";"";"UO_0000065";"13.77";"0.26";"1.43";"9.15";"0";"CHEMBL3056799";"Antagonist activity at angiotensin 2 type-1 receptor (unknown origin)";"B";"BAO_0000357";"single protein format";"Homo sapiens";"None";"None";"None";"None";"";"";"";"CHEMBL227";"Type-1 angiotensin II receptor";"Homo sapiens";"SINGLE PROTEIN";"CHEMBL3045634";"1";"Scientific Literature";"Med Chem Res";"2010";"None";"";"";"";"17.6"
"CHEMBL3640158";"";"None";"610.67";"2";"5.69";"BDBM99980";"CCc1cc2c(=O)n(-c3ccc4c(c3)CC(C)(C)O4)c(=O)n(Cc3ccc(-c4ccccc4-c4nc(=O)o[nH]4)cc3F)c2s1";"IC50";"'='";"1.2";"nM";"8.92";"";"216977";"UO_0000065";"14.61";"0.28";"3.23";"7.96";"0";"CHEMBL3705302";"Binding Assay: Binding assay using human AT1.";"B";"BAO_0000357";"single protein format";"Homo sapiens";"None";"None";"None";"None";"";"";"";"CHEMBL227";"Type-1 angiotensin II receptor";"Homo sapiens";"SINGLE PROTEIN";"CHEMBL3639103";"37";"BindingDB Patent Bioactivity Data";"";"2013";"None";"";"";"";"1.2"
"CHEMBL3640137";"";"None";"684.60";"2";"5.56";"BDBM99958";"COc1ccccc1C(=O)Cn1c(=O)c2cc(CC(F)(F)F)sc2n(Cc2c(F)cc(-c3ccccc3-c3nc(=O)o[nH]3)cc2F)c1=O";"IC50";"'='";"1.4";"nM";"8.85";"";"216956";"UO_0000065";"12.93";"0.25";"3.29";"6.85";"0";"CHEMBL3705302";"Binding Assay: Binding assay using human AT1.";"B";"BAO_0000357";"single protein format";"Homo sapiens";"None";"None";"None";"None";"";"";"";"CHEMBL227";"Type-1 angiotensin II receptor";"Homo sapiens";"SINGLE PROTEIN";"CHEMBL3639103";"37";"BindingDB Patent Bioactivity Data";"";"2013";"None";"";"";"";"1.4"
"CHEMBL3640144";"";"None";"618.68";"2";"4.62";"BDBM99965";"CCc1cc2c(=O)n(CC(=O)c3nc4ccccc4n3C)c(=O)n(Cc3ccc(-c4ccccc4-c4nc(=O)o[nH]4)cc3)c2s1";"IC50";"'='";"1.7";"nM";"8.77";"";"216963";"UO_0000065";"14.17";"0.27";"4.15";"6.36";"0";"CHEMBL3705302";"Binding Assay: Binding assay using human AT1.";"B";"BAO_0000357";"single protein format";"Homo sapiens";"None";"None";"None";"None";"";"";"";"CHEMBL227";"Type-1 angiotensin II receptor";"Homo sapiens";"SINGLE PROTEIN";"CHEMBL3639103";"37";"BindingDB Patent Bioactivity Data";"";"2013";"None";"";"";"";"1.7"
"CHEMBL3640148";"";"None";"560.63";"1";"3.39";"BDBM99969";"CCc1cc2c(=O)n(CC3(O)CCOCC3)c(=O)n(Cc3ccc(-c4ccccc4-c4nc(=O)o[nH]4)cc3)c2s1";"IC50";"'='";"1.7";"nM";"8.77";"";"216967";"UO_0000065";"15.64";"0.30";"5.38";"6.63";"0";"CHEMBL3705302";"Binding Assay: Binding assay using human AT1.";"B";"BAO_0000357";"single protein format";"Homo sapiens";"None";"None";"None";"None";"";"";"";"CHEMBL227";"Type-1 angiotensin II receptor";"Homo sapiens";"SINGLE PROTEIN";"CHEMBL3639103";"37";"BindingDB Patent Bioactivity Data";"";"2013";"None";"";"";"";"1.7"
"CHEMBL3640162";"";"None";"630.63";"2";"5.02";"BDBM99984";"CCc1cc2c(=O)n(CC(=O)c3ccc(OC)cc3)c(=O)n(Cc3c(F)cc(-c4ccccc4-c4nc(=O)o[nH]4)cc3F)c2s1";"IC50";"'='";"1.4";"nM";"8.85";"";"216981";"UO_0000065";"14.04";"0.27";"3.83";"6.85";"0";"CHEMBL3705302";"Binding Assay: Binding assay using human AT1.";"B";"BAO_0000357";"single protein format";"Homo sapiens";"None";"None";"None";"None";"";"";"";"CHEMBL227";"Type-1 angiotensin II receptor";"Homo sapiens";"SINGLE PROTEIN";"CHEMBL3639103";"37";"BindingDB Patent Bioactivity Data";"";"2013";"None";"";"";"";"1.4"
"CHEMBL3640163";"";"None";"612.64";"1";"4.88";"BDBM99985";"CCc1cc2c(=O)n(CC(=O)c3ccc(OC)cc3)c(=O)n(Cc3ccc(-c4ccc(F)cc4-c4nc(=O)o[nH]4)cc3)c2s1";"IC50";"'='";"1.5";"nM";"8.82";"";"216982";"UO_0000065";"14.40";"0.27";"3.94";"6.83";"0";"CHEMBL3705302";"Binding Assay: Binding assay using human AT1.";"B";"BAO_0000357";"single protein format";"Homo sapiens";"None";"None";"None";"None";"";"";"";"CHEMBL227";"Type-1 angiotensin II receptor";"Homo sapiens";"SINGLE PROTEIN";"CHEMBL3639103";"37";"BindingDB Patent Bioactivity Data";"";"2013";"None";"";"";"";"1.5"
"CHEMBL3640165";"";"None";"570.67";"1";"5.00";"BDBM99987";"CCc1cc2c(=O)n(CC(=O)C3CCCCC3)c(=O)n(Cc3ccc(-c4ccccc4-c4nc(=O)o[nH]4)cc3)c2s1";"IC50";"'='";"1.5";"nM";"8.82";"";"216984";"UO_0000065";"15.46";"0.29";"3.82";"7.36";"0";"CHEMBL3705302";"Binding Assay: Binding assay using human AT1.";"B";"BAO_0000357";"single protein format";"Homo sapiens";"None";"None";"None";"None";"";"";"";"CHEMBL227";"Type-1 angiotensin II receptor";"Homo sapiens";"SINGLE PROTEIN";"CHEMBL3639103";"37";"BindingDB Patent Bioactivity Data";"";"2013";"None";"";"";"";"1.5"
"CHEMBL3640155";"";"None";"630.63";"2";"5.02";"BDBM99977";"CCc1cc2c(=O)n(CC(=O)c3ccc(OC)c(F)c3)c(=O)n(Cc3ccc(-c4ccccc4-c4noc(=O)[nH]4)cc3F)c2s1";"IC50";"'='";"1.4";"nM";"8.85";"";"216974";"UO_0000065";"14.04";"0.27";"3.83";"6.85";"0";"CHEMBL3705302";"Binding Assay: Binding assay using human AT1.";"B";"BAO_0000357";"single protein format";"Homo sapiens";"None";"None";"None";"None";"";"";"";"CHEMBL227";"Type-1 angiotensin II receptor";"Homo sapiens";"SINGLE PROTEIN";"CHEMBL3639103";"37";"BindingDB Patent Bioactivity Data";"";"2013";"None";"";"";"";"1.4"
"CHEMBL3640157";"";"None";"598.66";"2";"5.76";"BDBM99979";"CCc1cc2c(=O)n(-c3ccc(OC(C)C)cc3)c(=O)n(Cc3ccc(-c4ccccc4-c4nc(=O)o[nH]4)cc3F)c2s1";"IC50";"'='";"1.6";"nM";"8.80";"";"216976";"UO_0000065";"14.69";"0.28";"3.04";"7.85";"0";"CHEMBL3705302";"Binding Assay: Binding assay using human AT1.";"B";"BAO_0000357";"single protein format";"Homo sapiens";"None";"None";"None";"None";"";"";"";"CHEMBL227";"Type-1 angiotensin II receptor";"Homo sapiens";"SINGLE PROTEIN";"CHEMBL3639103";"37";"BindingDB Patent Bioactivity Data";"";"2013";"None";"";"";"";"1.6"
"CHEMBL3640173";"";"None";"578.69";"2";"5.82";"BDBM99995";"CCc1cc2c(=O)n(CC(C)(C)c3ccccc3)c(=O)n(Cc3ccc(-c4ccccc4-c4noc(=O)[nH]4)cc3)c2s1";"IC50";"'='";"1.6";"nM";"8.80";"";"216992";"UO_0000065";"15.20";"0.29";"2.98";"8.55";"0";"CHEMBL3705302";"Binding Assay: Binding assay using human AT1.";"B";"BAO_0000357";"single protein format";"Homo sapiens";"None";"None";"None";"None";"";"";"";"CHEMBL227";"Type-1 angiotensin II receptor";"Homo sapiens";"SINGLE PROTEIN";"CHEMBL3639103";"37";"BindingDB Patent Bioactivity Data";"";"2013";"None";"";"";"";"1.6"
"CHEMBL3640129";"";"None";"612.64";"1";"4.88";"BDBM99950";"CCc1cc2c(=O)n(CC(=O)c3ccc(OC)cc3)c(=O)n(Cc3ccc(-c4ccccc4-c4nc(=O)o[nH]4)cc3F)c2s1";"IC50";"'='";"0.77";"nM";"9.11";"";"216948";"UO_0000065";"14.88";"0.28";"4.23";"7.05";"0";"CHEMBL3705302";"Binding Assay: Binding assay using human AT1.";"B";"BAO_0000357";"single protein format";"Homo sapiens";"None";"None";"None";"None";"";"";"";"CHEMBL227";"Type-1 angiotensin II receptor";"Homo sapiens";"SINGLE PROTEIN";"CHEMBL3639103";"37";"BindingDB Patent Bioactivity Data";"";"2013";"None";"";"";"";"0.77"
"CHEMBL3735652";"";"None";"545.68";"2";"7.24";"7S";"CCCc1nc2c(C)cc(C(=O)NC[C@@H](C)c3ccccc3)cc2n1Cc1ccc(-c2ccccc2C(=O)O)cc1";"IC50";"'='";"40.4";"nM";"7.39";"";"";"UO_0000065";"13.55";"0.25";"0.15";"8.78";"0";"CHEMBL3736606";"Displacement of [125I]Sar1Ile8-Ang2 from human AT1 receptor expressed in CHO-K1 cell membranes after 180 mins";"B";"BAO_0000219";"cell-based format";"Homo sapiens";"None";"None";"CHO-K1";"None";"";"";"";"CHEMBL227";"Type-1 angiotensin II receptor";"Homo sapiens";"SINGLE PROTEIN";"CHEMBL3734751";"1";"Scientific Literature";"Eur J Med Chem";"2015";"CHEMBL3307512";"";"";"";"40.4"
"CHEMBL3736295";"";"None";"531.66";"2";"7.20";"1S";"CCCc1nc2c(C)cc(C(=O)N[C@@H](C)c3ccccc3)cc2n1Cc1ccc(-c2ccccc2C(=O)O)cc1";"IC50";"'='";"19.5";"nM";"7.71";"";"";"UO_0000065";"14.50";"0.26";"0.51";"9.15";"0";"CHEMBL3736606";"Displacement of [125I]Sar1Ile8-Ang2 from human AT1 receptor expressed in CHO-K1 cell membranes after 180 mins";"B";"BAO_0000219";"cell-based format";"Homo sapiens";"None";"None";"CHO-K1";"None";"";"";"";"CHEMBL227";"Type-1 angiotensin II receptor";"Homo sapiens";"SINGLE PROTEIN";"CHEMBL3734751";"1";"Scientific Literature";"Eur J Med Chem";"2015";"CHEMBL3307512";"";"";"";"19.5"
"CHEMBL2435829";"";"None";"457.53";"1";"5.89";"12";"CCCc1nc2c(C)cc(NC(=O)OC)cc2n1Cc1ccc(-c2ccccc2C(=O)O)cc1";"IC50";"'='";"0.7";"nM";"9.15";"";"";"UO_0000065";"20.01";"0.37";"3.26";"9.80";"0";"CHEMBL2439561";"Displacement of [125I]-Sar1Ile8-angiotensin 2 from angiotensin 2 AT1 receptor (unknown origin) after 180 mins by gamma counting analysis";"B";"BAO_0000357";"single protein format";"Homo sapiens";"None";"None";"None";"None";"";"";"";"CHEMBL227";"Type-1 angiotensin II receptor";"Homo sapiens";"SINGLE PROTEIN";"CHEMBL2434924";"1";"Scientific Literature";"Eur J Med Chem";"2013";"None";"";"";"";"0.7"
"CHEMBL4852514";"";"None";"1072.23";"None";"None";"6";"CC[C@H](C)[C@H](NC(=O)[C@H](Cc1ccc(O)cc1)NC(=O)[C@@H](NC(=O)[C@H](CCCNC(=N)N)NC(=O)[C@@H](N)CC(=O)O)C(C)C)C(=O)N[C@@H](Cc1ccc(O)cc1)C(=O)N1CCC[C@H]1C(=O)N[C@@H](Cc1ccccc1)C(=O)O";"IC50";"'='";"72550.0";"nM";"4.14";"";"";"UO_0000065";"3.86";"None";"None";"None";"0";"CHEMBL4812854";"Displacement of [125-I]-[Sar1, Ile8] from recombinant human AT1R transfected in human HEK293 cells incubated for 2 hrs by liquid scintillation counter analysis";"B";"BAO_0000219";"cell-based format";"Homo sapiens";"None";"None";"HEK293";"None";"";"";"";"CHEMBL227";"Type-1 angiotensin II receptor";"Homo sapiens";"SINGLE PROTEIN";"CHEMBL4811266";"1";"Scientific Literature";"Bioorg Med Chem Lett";"2021";"None";"TIME = 2.0 hr";"BINDING AGENT";"";"72550.0"
"CHEMBL4875696";"";"None";"1084.24";"None";"None";"11; SBL-AII-11";"CC[C@H](C)[C@H](NC(=O)[C@H](Cc1ccc(O)cc1)NC(=O)[C@@H](NC(=O)[C@H](CCCNC(=N)N)NC(=O)[C@@H](N)CC(=O)O)C(C)C)C(=O)N1Cc2cc(O)ccc2C[C@H]1C(=O)N1CCC[C@H]1C(=O)N[C@@H](Cc1ccccc1)C(=O)O";"IC50";"'>'";"10000.0";"nM";"";"";"";"UO_0000065";"";"";"";"";"0";"CHEMBL4812854";"Displacement of [125-I]-[Sar1, Ile8] from recombinant human AT1R transfected in human HEK293 cells incubated for 2 hrs by liquid scintillation counter analysis";"B";"BAO_0000219";"cell-based format";"Homo sapiens";"None";"None";"HEK293";"None";"";"";"";"CHEMBL227";"Type-1 angiotensin II receptor";"Homo sapiens";"SINGLE PROTEIN";"CHEMBL4811266";"1";"Scientific Literature";"Bioorg Med Chem Lett";"2021";"None";"TIME = 2.0 hr";"";"";"10000.0"
"CHEMBL4873167";"";"None";"1084.24";"None";"None";"13; SBL-AII-13";"CC[C@H](C)[C@H](NC(=O)[C@H](Cc1ccc(O)cc1)NC(=O)[C@@H](NC(=O)[C@H](CCCNC(=N)N)NC(=O)[C@@H](N)CC(=O)O)C(C)C)C(=O)N1Cc2ccc(O)cc2C[C@H]1C(=O)N1CCC[C@H]1C(=O)N[C@@H](Cc1ccccc1)C(=O)O";"IC50";"'='";"174.3";"nM";"6.76";"";"";"UO_0000065";"6.23";"None";"None";"None";"0";"CHEMBL4812854";"Displacement of [125-I]-[Sar1, Ile8] from recombinant human AT1R transfected in human HEK293 cells incubated for 2 hrs by liquid scintillation counter analysis";"B";"BAO_0000219";"cell-based format";"Homo sapiens";"None";"None";"HEK293";"None";"";"";"";"CHEMBL227";"Type-1 angiotensin II receptor";"Homo sapiens";"SINGLE PROTEIN";"CHEMBL4811266";"1";"Scientific Literature";"Bioorg Med Chem Lett";"2021";"None";"TIME = 2.0 hr";"BINDING AGENT";"";"174.3"
"CHEMBL3734819";"";"None";"547.66";"2";"6.17";"9R";"CCCc1nc2c(C)cc(C(=O)NC[C@H](O)c3ccccc3)cc2n1Cc1ccc(-c2ccccc2C(=O)O)cc1";"IC50";"'='";"93.9";"nM";"7.03";"";"";"UO_0000065";"12.83";"0.23";"0.86";"6.73";"0";"CHEMBL3736606";"Displacement of [125I]Sar1Ile8-Ang2 from human AT1 receptor expressed in CHO-K1 cell membranes after 180 mins";"B";"BAO_0000219";"cell-based format";"Homo sapiens";"None";"None";"CHO-K1";"None";"";"";"";"CHEMBL227";"Type-1 angiotensin II receptor";"Homo sapiens";"SINGLE PROTEIN";"CHEMBL3734751";"1";"Scientific Literature";"Eur J Med Chem";"2015";"CHEMBL3307512";"";"";"";"93.9"
"CHEMBL124144";"";"None";"548.71";"2";"5.77";"40";"CCCCc1ncc(/C=C2/C(=O)N(CCCC)C(=O)N2CCc2ccsc2)n1Cc1ccc(C(=O)OC)cc1";"IC50";"'='";"14.6";"nM";"7.84";"";"";"UO_0000065";"14.28";"0.27";"2.07";"9.25";"0";"CHEMBL3056799";"Antagonist activity at angiotensin 2 type-1 receptor (unknown origin)";"B";"BAO_0000357";"single protein format";"Homo sapiens";"None";"None";"None";"None";"";"";"";"CHEMBL227";"Type-1 angiotensin II receptor";"Homo sapiens";"SINGLE PROTEIN";"CHEMBL3045634";"1";"Scientific Literature";"Med Chem Res";"2010";"None";"";"";"";"14.6"
"CHEMBL331121";"";"None";"613.58";"2";"6.49";"35";"CCCCc1ncc(/C=C2/C(=O)N(CCCC)C(=O)N2Cc2ccc(Br)s2)n1Cc1ccc(C(=O)OC)cc1";"IC50";"'='";"17.8";"nM";"7.75";"";"";"UO_0000065";"12.63";"0.27";"1.26";"9.15";"0";"CHEMBL3056799";"Antagonist activity at angiotensin 2 type-1 receptor (unknown origin)";"B";"BAO_0000357";"single protein format";"Homo sapiens";"None";"None";"None";"None";"";"";"";"CHEMBL227";"Type-1 angiotensin II receptor";"Homo sapiens";"SINGLE PROTEIN";"CHEMBL3045634";"1";"Scientific Literature";"Med Chem Res";"2010";"None";"";"";"";"17.8"
"CHEMBL333058";"";"None";"542.68";"2";"5.71";"34";"CCCCc1ncc(/C=C2/C(=O)N(CCCC)C(=O)N2CCc2ccccc2)n1Cc1ccc(C(=O)OC)cc1";"IC50";"'='";"31.0";"nM";"7.51";"";"";"UO_0000065";"13.84";"0.26";"1.80";"8.86";"0";"CHEMBL3056799";"Antagonist activity at angiotensin 2 type-1 receptor (unknown origin)";"B";"BAO_0000357";"single protein format";"Homo sapiens";"None";"None";"None";"None";"";"";"";"CHEMBL227";"Type-1 angiotensin II receptor";"Homo sapiens";"SINGLE PROTEIN";"CHEMBL3045634";"1";"Scientific Literature";"Med Chem Res";"2010";"None";"";"";"";"31.0"
"CHEMBL338687";"";"None";"716.63";"2";"6.17";"46";"CCCCC(=O)Nc1ccc(Br)c(-n2nc(CC)n(Cc3ccc(-c4ccccc4S(=O)(=O)NC(=O)OC(C)C)cc3F)c2=O)c1";"IC50";"'='";"4.3";"nM";"8.37";"";"";"UO_0000065";"11.67";"0.25";"2.20";"5.92";"0";"CHEMBL650312";"In vitro inhibitory activity against angiotensin II receptor type 1, in human adrenal membrane preparations.";"B";"BAO_0000249";"cell membrane format";"None";"None";"None";"None";"None";"";"";"";"CHEMBL227";"Type-1 angiotensin II receptor";"Homo sapiens";"SINGLE PROTEIN";"CHEMBL1128554";"1";"Scientific Literature";"J Med Chem";"1995";"None";"";"";"";"4.3"
"CHEMBL1945008";"";"None";"561.68";"2";"6.69";"6g";"CCCc1nc2c(C)cc(C(=O)NCCc3ccc(OC)cc3)cc2n1Cc1ccc(-c2ccccc2C(=O)O)cc1";"IC50";"'='";"214.0";"nM";"6.67";"";"";"UO_0000065";"11.87";"0.22";"-0.02";"7.14";"0";"CHEMBL1949356";"Displacement of [125I]Sar1 Ile8-Ang 2 from angiotensin 2 AT1 receptor after 180 mins by gamma counting";"B";"BAO_0000357";"single protein format";"None";"None";"None";"None";"None";"";"";"";"CHEMBL227";"Type-1 angiotensin II receptor";"Homo sapiens";"SINGLE PROTEIN";"CHEMBL1944634";"1";"Scientific Literature";"Eur J Med Chem";"2012";"None";"";"";"";"214.0"
"CHEMBL5273768";"";"None";"455.92";"0";"4.97";"4f";"O=C(O)c1c(COCc2ccccc2)n(-c2ccc(S(=O)(=O)Cl)cc2)c2ccccc12";"IC50";"'='";"22.4";"nM";"7.65";"";"";"UO_0000065";"16.78";"0.34";"2.68";"8.94";"0";"CHEMBL5252200";"Displacement of [125I]-Angiotensin II from Angiotensin II type-1 receptor in VSMC cells (unknown origin) by competition radioligand binding assay";"B";"BAO_0000219";"cell-based format";"Homo sapiens";"None";"None";"VSMC";"None";"";"";"";"CHEMBL227";"Type-1 angiotensin II receptor";"Homo sapiens";"SINGLE PROTEIN";"CHEMBL5247668";"1";"Scientific Literature";"Bioorg Med Chem Lett";"2023";"None";"";"ANTAGONIST";"";"22.4"
"CHEMBL5287876";"";"None";"295.36";"0";"2.49";"4b";"CCCCc1c(C(=O)O)c2ccccc2n1S(C)(=O)=O";"IC50";"'='";"29.2";"nM";"7.54";"";"";"UO_0000065";"25.51";"0.51";"5.04";"9.87";"0";"CHEMBL5252200";"Displacement of [125I]-Angiotensin II from Angiotensin II type-1 receptor in VSMC cells (unknown origin) by competition radioligand binding assay";"B";"BAO_0000219";"cell-based format";"Homo sapiens";"None";"None";"VSMC";"None";"";"";"";"CHEMBL227";"Type-1 angiotensin II receptor";"Homo sapiens";"SINGLE PROTEIN";"CHEMBL5247668";"1";"Scientific Literature";"Bioorg Med Chem Lett";"2023";"None";"";"ANTAGONIST";"";"29.2"
"CHEMBL5271903";"";"None";"321.38";"0";"4.37";"4h";"CCCCc1c(C(=O)O)c2ccccc2n1C(=O)c1ccccc1";"IC50";"'='";"22.2";"nM";"7.65";"";"";"UO_0000065";"23.81";"0.44";"3.28";"12.91";"0";"CHEMBL5252200";"Displacement of [125I]-Angiotensin II from Angiotensin II type-1 receptor in VSMC cells (unknown origin) by competition radioligand binding assay";"B";"BAO_0000219";"cell-based format";"Homo sapiens";"None";"None";"VSMC";"None";"";"";"";"CHEMBL227";"Type-1 angiotensin II receptor";"Homo sapiens";"SINGLE PROTEIN";"CHEMBL5247668";"1";"Scientific Literature";"Bioorg Med Chem Lett";"2023";"None";"";"ANTAGONIST";"";"22.2"
"CHEMBL339709";"";"None";"578.71";"2";"6.82";"25";"CCCCc1ncc(/C=C2/C(=O)N(CCCC)C(=O)N2Cc2ccc3ccccc3c2)n1Cc1ccc(C(=O)OC)cc1";"IC50";"'='";"104.0";"nM";"6.98";"";"";"UO_0000065";"12.07";"0.22";"0.16";"8.24";"0";"CHEMBL3056799";"Antagonist activity at angiotensin 2 type-1 receptor (unknown origin)";"B";"BAO_0000357";"single protein format";"Homo sapiens";"None";"None";"None";"None";"";"";"";"CHEMBL227";"Type-1 angiotensin II receptor";"Homo sapiens";"SINGLE PROTEIN";"CHEMBL3045634";"1";"Scientific Literature";"Med Chem Res";"2010";"None";"";"";"";"104.0"
"CHEMBL338514";"";"None";"494.64";"1";"5.27";"23";"CCCCc1ncc(/C=C2/C(=O)N(CCCC)C(=O)N2CCCC)n1Cc1ccc(C(=O)OC)cc1";"IC50";"'='";"8.5";"nM";"8.07";"";"";"UO_0000065";"16.32";"0.31";"2.80";"9.52";"0";"CHEMBL3056799";"Antagonist activity at angiotensin 2 type-1 receptor (unknown origin)";"B";"BAO_0000357";"single protein format";"Homo sapiens";"None";"None";"None";"None";"";"";"";"CHEMBL227";"Type-1 angiotensin II receptor";"Homo sapiens";"SINGLE PROTEIN";"CHEMBL3045634";"1";"Scientific Literature";"Med Chem Res";"2010";"None";"";"";"";"8.5"
"CHEMBL121718";"";"None";"558.68";"2";"5.67";"15";"CCCCc1ncc(/C=C2/C(=O)N(CCCC)C(=O)N2Cc2ccc(OC)cc2)n1Cc1ccc(C(=O)OC)cc1";"IC50";"'='";"9.8";"nM";"8.01";"";"";"UO_0000065";"14.34";"0.27";"2.34";"8.52";"0";"CHEMBL3056799";"Antagonist activity at angiotensin 2 type-1 receptor (unknown origin)";"B";"BAO_0000357";"single protein format";"Homo sapiens";"None";"None";"None";"None";"";"";"";"CHEMBL227";"Type-1 angiotensin II receptor";"Homo sapiens";"SINGLE PROTEIN";"CHEMBL3045634";"1";"Scientific Literature";"Med Chem Res";"2010";"None";"";"";"";"9.8"
"CHEMBL125454";"";"None";"514.63";"2";"5.42";"5";"CCCCc1ncc(/C=C2\C(=O)NC(=O)N2CCCC)n1Cc1ccc(-c2ccccc2C(=O)OC)cc1";"IC50";"'='";"9.9";"nM";"8.00";"";"";"UO_0000065";"15.55";"0.29";"2.58";"8.56";"0";"CHEMBL3056799";"Antagonist activity at angiotensin 2 type-1 receptor (unknown origin)";"B";"BAO_0000357";"single protein format";"Homo sapiens";"None";"None";"None";"None";"";"";"";"CHEMBL227";"Type-1 angiotensin II receptor";"Homo sapiens";"SINGLE PROTEIN";"CHEMBL3045634";"1";"Scientific Literature";"Med Chem Res";"2010";"None";"";"";"";"9.9"
"CHEMBL332766";"";"None";"438.53";"0";"3.91";"75";"CCCCc1ncc(/C=C2\C(=O)NC(=O)N2CCC(C)C)n1Cc1ccc(C(=O)O)cc1";"IC50";"'='";"4.9";"nM";"8.31";"";"";"UO_0000065";"18.95";"0.35";"4.40";"7.95";"0";"CHEMBL3056799";"Antagonist activity at angiotensin 2 type-1 receptor (unknown origin)";"B";"BAO_0000357";"single protein format";"Homo sapiens";"None";"None";"None";"None";"";"";"";"CHEMBL227";"Type-1 angiotensin II receptor";"Homo sapiens";"SINGLE PROTEIN";"CHEMBL3045634";"1";"Scientific Literature";"Med Chem Res";"2010";"None";"";"";"";"4.9"
"CHEMBL125766";"";"None";"424.50";"0";"3.67";"73";"CCCCc1ncc(/C=C2\C(=O)NC(=O)N2CCCC)n1Cc1ccc(C(=O)O)cc1";"IC50";"'='";"2.4";"nM";"8.62";"";"";"UO_0000065";"20.31";"0.38";"4.95";"8.25";"0";"CHEMBL3056799";"Antagonist activity at angiotensin 2 type-1 receptor (unknown origin)";"B";"BAO_0000357";"single protein format";"Homo sapiens";"None";"None";"None";"None";"";"";"";"CHEMBL227";"Type-1 angiotensin II receptor";"Homo sapiens";"SINGLE PROTEIN";"CHEMBL3045634";"1";"Scientific Literature";"Med Chem Res";"2010";"None";"";"";"";"2.4"
"CHEMBL341295";"";"None";"520.66";"2";"5.64";"67";"CCCCc1ncc(/C=C2\C(=O)N(CCCC)C(=O)N2Cc2cccs2)n1Cc1ccc(C(=O)O)cc1";"IC50";"'='";"0.6";"nM";"9.22";"";"";"UO_0000065";"17.71";"0.34";"3.58";"9.63";"0";"CHEMBL3056799";"Antagonist activity at angiotensin 2 type-1 receptor (unknown origin)";"B";"BAO_0000357";"single protein format";"Homo sapiens";"None";"None";"None";"None";"";"";"";"CHEMBL227";"Type-1 angiotensin II receptor";"Homo sapiens";"SINGLE PROTEIN";"CHEMBL3045634";"1";"Scientific Literature";"Med Chem Res";"2010";"None";"";"";"";"0.6"
"CHEMBL1348954";"";"None";"402.55";"0";"2.93";"SID14742588";"CC1(C)Cc2c(c(N3CCOCC3)nc3sc4c(NN)ncnc4c23)CS1";"IC50";"'='";"16807.0";"nM";"4.78";"";"Active";"UO_0000065";"";"";"";"";"0";"CHEMBL1614336";"PUBCHEM_BIOASSAY: Dose Response screen for antagonists of Angiotensin II Receptor Type 1 to assess selectivity of uHTS small molecule antagonists hits of the APJ receptor. (Class of assay: confirmatory) [Related pubchem assays: 2569, 2521 ]";"F";"BAO_0000019";"assay format";"Homo sapiens";"None";"None";"None";"None";"";"";"";"CHEMBL227";"Type-1 angiotensin II receptor";"Homo sapiens";"SINGLE PROTEIN";"CHEMBL1201862";"7";"PubChem BioAssays";"";"";"None";"";"";"";"16.807"
"CHEMBL443559";"";"None";"402.46";"0";"3.82";"15";"CCCCn1ncc(C(=O)O)c1Cc1ccc(-c2ccccc2-c2nn[nH]n2)cc1";"IC50";"'='";"9.1";"nM";"8.04";"";"";"UO_0000065";"19.98";"0.37";"4.22";"7.34";"0";"CHEMBL1826049";"Displacement of [125I][Sar1,Ile8]-AT-II from human recombinant AT1 receptor expressed in HEK293 cells after 120 mins by liquid scintillation counting";"B";"BAO_0000219";"cell-based format";"Homo sapiens";"None";"None";"HEK293";"None";"";"";"";"CHEMBL227";"Type-1 angiotensin II receptor";"Homo sapiens";"SINGLE PROTEIN";"CHEMBL1821571";"1";"Scientific Literature";"Eur J Med Chem";"2011";"CHEMBL3307715";"";"";"";"0.0091"
"CHEMBL1823999";"";"None";"507.55";"1";"4.64";"6a";"CCOC(=O)c1cn(Cc2ccc(-c3ccccc3-c3nnn[nH]3)cc2)nc1N(C(C)=O)c1ccccc1";"IC50";"'='";"2000.0";"nM";"5.70";"";"";"UO_0000065";"11.23";"0.20";"1.06";"4.79";"0";"CHEMBL1826049";"Displacement of [125I][Sar1,Ile8]-AT-II from human recombinant AT1 receptor expressed in HEK293 cells after 120 mins by liquid scintillation counting";"B";"BAO_0000219";"cell-based format";"Homo sapiens";"None";"None";"HEK293";"None";"";"";"";"CHEMBL227";"Type-1 angiotensin II receptor";"Homo sapiens";"SINGLE PROTEIN";"CHEMBL1821571";"1";"Scientific Literature";"Eur J Med Chem";"2011";"CHEMBL3307715";"";"";"";"2.0"
"CHEMBL333224";"";"None";"716.63";"2";"6.30";"49";"CCCCC(=O)Nc1ccc(Br)c(-n2nc(C)n(Cc3ccc(-c4ccccc4S(=O)(=O)NC(=O)OC(C)(C)C)cc3F)c2=O)c1";"IC50";"'='";"4.6";"nM";"8.34";"";"";"UO_0000065";"11.63";"0.25";"2.04";"5.90";"0";"CHEMBL650312";"In vitro inhibitory activity against angiotensin II receptor type 1, in human adrenal membrane preparations.";"B";"BAO_0000249";"cell membrane format";"None";"None";"None";"None";"None";"";"";"";"CHEMBL227";"Type-1 angiotensin II receptor";"Homo sapiens";"SINGLE PROTEIN";"CHEMBL1128554";"1";"Scientific Literature";"J Med Chem";"1995";"None";"";"";"";"4.6"
"CHEMBL122494";"";"None";"529.64";"2";"5.06";"43";"CCCCc1ncc(/C=C2/C(=O)N(CCCC)C(=O)N2Cc2ccccn2)n1Cc1ccc(C(=O)OC)cc1";"IC50";"'='";"5.8";"nM";"8.24";"";"";"UO_0000065";"15.55";"0.29";"3.18";"8.44";"0";"CHEMBL3056799";"Antagonist activity at angiotensin 2 type-1 receptor (unknown origin)";"B";"BAO_0000357";"single protein format";"Homo sapiens";"None";"None";"None";"None";"";"";"";"CHEMBL227";"Type-1 angiotensin II receptor";"Homo sapiens";"SINGLE PROTEIN";"CHEMBL3045634";"1";"Scientific Literature";"Med Chem Res";"2010";"None";"";"";"";"5.8"
"CHEMBL341131";"";"None";"520.66";"2";"5.64";"85";"CCCCc1ncc(/C=C2/C(=O)N(CCCC)C(=O)N2Cc2ccsc2)n1Cc1ccc(C(=O)O)cc1";"IC50";"'='";"0.9";"nM";"9.05";"";"";"UO_0000065";"17.37";"0.33";"3.41";"9.45";"0";"CHEMBL3056799";"Antagonist activity at angiotensin 2 type-1 receptor (unknown origin)";"B";"BAO_0000357";"single protein format";"Homo sapiens";"None";"None";"None";"None";"";"";"";"CHEMBL227";"Type-1 angiotensin II receptor";"Homo sapiens";"SINGLE PROTEIN";"CHEMBL3045634";"1";"Scientific Literature";"Med Chem Res";"2010";"None";"";"";"";"0.9"
"CHEMBL125725";"";"None";"536.66";"1";"4.62";"69";"CCCCc1ncc(/C=C2\C(=O)N(CCCC)C(=O)N2Cc2csc(N)n2)n1Cc1ccc(C(=O)O)cc1";"IC50";"'='";"0.5";"nM";"9.30";"";"";"UO_0000065";"17.33";"0.33";"4.68";"6.91";"0";"CHEMBL3056799";"Antagonist activity at angiotensin 2 type-1 receptor (unknown origin)";"B";"BAO_0000357";"single protein format";"Homo sapiens";"None";"None";"None";"None";"";"";"";"CHEMBL227";"Type-1 angiotensin II receptor";"Homo sapiens";"SINGLE PROTEIN";"CHEMBL3045634";"1";"Scientific Literature";"Med Chem Res";"2010";"None";"";"";"";"0.5"
"CHEMBL1945010";"";"None";"591.71";"2";"6.70";"6i";"CCCc1nc2c(C)cc(C(=O)NCCc3cc(OC)ccc3OC)cc2n1Cc1ccc(-c2ccccc2C(=O)O)cc1";"IC50";"'='";"1.3";"nM";"8.89";"";"";"UO_0000065";"15.02";"0.28";"2.19";"8.65";"0";"CHEMBL1949356";"Displacement of [125I]Sar1 Ile8-Ang 2 from angiotensin 2 AT1 receptor after 180 mins by gamma counting";"B";"BAO_0000357";"single protein format";"None";"None";"None";"None";"None";"";"";"";"CHEMBL227";"Type-1 angiotensin II receptor";"Homo sapiens";"SINGLE PROTEIN";"CHEMBL1944634";"1";"Scientific Literature";"Eur J Med Chem";"2012";"None";"";"";"";"1.3"
"CHEMBL1945006";"";"None";"577.68";"2";"6.66";"6e";"CCCc1nc2c(C)cc(C(=O)NCc3ccc(OC)c(OC)c3)cc2n1Cc1ccc(-c2ccccc2C(=O)O)cc1";"IC50";"'='";"30.6";"nM";"7.51";"";"";"UO_0000065";"13.01";"0.24";"0.85";"7.32";"0";"CHEMBL1949356";"Displacement of [125I]Sar1 Ile8-Ang 2 from angiotensin 2 AT1 receptor after 180 mins by gamma counting";"B";"BAO_0000357";"single protein format";"None";"None";"None";"None";"None";"";"";"";"CHEMBL227";"Type-1 angiotensin II receptor";"Homo sapiens";"SINGLE PROTEIN";"CHEMBL1944634";"1";"Scientific Literature";"Eur J Med Chem";"2012";"None";"";"";"";"30.6"
"CHEMBL436396";"";"None";"716.63";"2";"6.17";"29";"CCCc1nn(-c2cc(NC(=O)CC)ccc2Br)c(=O)n1Cc1ccc(-c2ccccc2S(=O)(=O)NC(=O)OC(C)(C)C)cc1F";"IC50";"'='";"0.34";"nM";"9.47";"";"";"UO_0000065";"13.21";"0.28";"3.30";"6.70";"0";"CHEMBL650312";"In vitro inhibitory activity against angiotensin II receptor type 1, in human adrenal membrane preparations.";"B";"BAO_0000249";"cell membrane format";"None";"None";"None";"None";"None";"";"";"";"CHEMBL227";"Type-1 angiotensin II receptor";"Homo sapiens";"SINGLE PROTEIN";"CHEMBL1128554";"1";"Scientific Literature";"J Med Chem";"1995";"None";"";"";"";"0.34"
"CHEMBL332909";"";"None";"723.75";"2";"6.72";"20";"CCCCc1nn(-c2cc(NC(=O)CC)ccc2C(F)(F)F)c(=O)n1Cc1ccc(-c2ccccc2S(=O)(=O)NC(=O)c2ccccc2)cc1F";"IC50";"'='";"0.32";"nM";"9.49";"";"";"UO_0000065";"13.12";"0.25";"2.77";"7.18";"0";"CHEMBL650312";"In vitro inhibitory activity against angiotensin II receptor type 1, in human adrenal membrane preparations.";"B";"BAO_0000249";"cell membrane format";"None";"None";"None";"None";"None";"";"";"";"CHEMBL227";"Type-1 angiotensin II receptor";"Homo sapiens";"SINGLE PROTEIN";"CHEMBL1128554";"1";"Scientific Literature";"J Med Chem";"1995";"None";"";"";"";"0.32"
"CHEMBL421478";"";"None";"699.24";"2";"7.47";"14";"CCCCC(=O)c1ccc(Cl)c(-n2nc(CCCC)n(Cc3ccc(-c4ccccc4S(=O)(=O)NC(=O)OC(C)(C)C)cc3F)c2=O)c1";"IC50";"'='";"2.2";"nM";"8.66";"";"";"UO_0000065";"12.38";"0.25";"1.19";"6.69";"0";"CHEMBL650312";"In vitro inhibitory activity against angiotensin II receptor type 1, in human adrenal membrane preparations.";"B";"BAO_0000249";"cell membrane format";"None";"None";"None";"None";"None";"";"";"";"CHEMBL227";"Type-1 angiotensin II receptor";"Homo sapiens";"SINGLE PROTEIN";"CHEMBL1128554";"1";"Scientific Literature";"J Med Chem";"1995";"None";"";"";"";"2.2"
"CHEMBL1513";"IRBESARTAN";"4.0";"428.54";"0";"4.78";"33, SR-47436";"CCCCC1=NC2(CCCC2)C(=O)N1Cc1ccc(-c2ccccc2-c2nnn[nH]2)cc1";"IC50";"'='";"20.8";"nM";"7.68";"";"";"UO_0000065";"17.93";"0.33";"2.90";"8.82";"0";"CHEMBL1670336";"Binding affinity to angiotensin AT1 receptor";"B";"BAO_0000357";"single protein format";"None";"None";"None";"None";"None";"";"";"";"CHEMBL227";"Type-1 angiotensin II receptor";"Homo sapiens";"SINGLE PROTEIN";"CHEMBL1667742";"1";"Scientific Literature";"Bioorg Med Chem";"2010";"None";"";"";"";"20.8"
"CHEMBL9599";"SC-55634";"None";"485.64";"1";"5.28";"39, SC-55634";"CCCCc1cn([C@H]2[C@H](C)CCC[C@@H]2C)c(=O)n1Cc1ccc(-c2ccccc2-c2nn[nH]n2)nc1";"IC50";"'='";"4.9";"nM";"8.31";"";"";"UO_0000065";"17.11";"0.32";"3.03";"8.81";"0";"CHEMBL1670336";"Binding affinity to angiotensin AT1 receptor";"B";"BAO_0000357";"single protein format";"None";"None";"None";"None";"None";"";"";"";"CHEMBL227";"Type-1 angiotensin II receptor";"Homo sapiens";"SINGLE PROTEIN";"CHEMBL1667742";"1";"Scientific Literature";"Bioorg Med Chem";"2010";"None";"";"";"";"4.9"
"CHEMBL34866";"";"None";"539.66";"1";"3.39";"66, KRH-594";"CCc1nn(Cc2ccc(-c3ccccc3-c3nn[nH]n3)cc2)/c(=N/C(=O)C2=C(C(=O)[O-])CCC2)s1.[K+]";"IC50";"'='";"0.4";"nM";"9.40";"";"";"UO_0000065";"";"";"";"";"0";"CHEMBL1669998";"Antagonist activity at angiotensin AT1 receptor";"F";"BAO_0000019";"assay format";"None";"None";"None";"None";"None";"";"";"";"CHEMBL227";"Type-1 angiotensin II receptor";"Homo sapiens";"SINGLE PROTEIN";"CHEMBL1667742";"1";"Scientific Literature";"Bioorg Med Chem";"2010";"None";"";"";"";"0.4"
"CHEMBL1951143";"FIMASARTAN";"3.0";"501.66";"1";"4.22";"1";"CCCCc1nc(C)c(CC(=S)N(C)C)c(=O)n1Cc1ccc(-c2ccccc2-c2nnn[nH]2)cc1";"IC50";"'='";"4.5";"nM";"8.35";"";"";"UO_0000065";"";"";"";"";"0";"CHEMBL4267128";"Antagonist activity at type-1 angiotensin 2 receptor (unknown origin) by calcium mobilizing assay";"F";"BAO_0000019";"assay format";"Homo sapiens";"None";"None";"None";"None";"";"";"";"CHEMBL227";"Type-1 angiotensin II receptor";"Homo sapiens";"SINGLE PROTEIN";"CHEMBL4265900";"1";"Scientific Literature";"Bioorg Med Chem Lett";"2018";"None";"";"";"";"4.5"
"CHEMBL276674";"";"None";"701.77";"2";"6.67";"3a";"CCCCc1nn(-c2cc(NC(=O)CC)ccc2C(F)(F)F)c(=O)n1Cc1ccc(-c2ccccc2S(=O)(=O)NC(=O)OC(C)(C)C)cc1";"IC50";"'='";"1.8";"nM";"8.74";"";"";"UO_0000065";"12.46";"0.24";"2.07";"6.18";"0";"CHEMBL650312";"In vitro inhibitory activity against angiotensin II receptor type 1, in human adrenal membrane preparations.";"B";"BAO_0000249";"cell membrane format";"None";"None";"None";"None";"None";"";"";"";"CHEMBL227";"Type-1 angiotensin II receptor";"Homo sapiens";"SINGLE PROTEIN";"CHEMBL1128554";"1";"Scientific Literature";"J Med Chem";"1995";"None";"";"";"";"1.8"
"CHEMBL122158";"";"None";"753.77";"2";"7.33";"33";"CCCc1nn(-c2cc(NC(=O)c3ccccc3)ccc2C(F)(F)F)c(=O)n1Cc1ccc(-c2ccccc2S(=O)(=O)NC(=O)OC(C)(C)C)cc1F";"IC50";"'='";"1.6";"nM";"8.80";"";"";"UO_0000065";"11.67";"0.23";"1.47";"6.22";"0";"CHEMBL650312";"In vitro inhibitory activity against angiotensin II receptor type 1, in human adrenal membrane preparations.";"B";"BAO_0000249";"cell membrane format";"None";"None";"None";"None";"None";"";"";"";"CHEMBL227";"Type-1 angiotensin II receptor";"Homo sapiens";"SINGLE PROTEIN";"CHEMBL1128554";"1";"Scientific Literature";"J Med Chem";"1995";"None";"";"";"";"1.6"
"CHEMBL339806";"";"None";"730.66";"2";"5.96";"45";"CCCCNC(=O)c1ccc(Br)c(-n2nc(CC)n(Cc3ccc(-c4ccccc4S(=O)(=O)NC(=O)OC(C)(C)C)cc3F)c2=O)c1";"IC50";"'='";"17.0";"nM";"7.77";"";"";"UO_0000065";"10.63";"0.23";"1.81";"5.50";"0";"CHEMBL650312";"In vitro inhibitory activity against angiotensin II receptor type 1, in human adrenal membrane preparations.";"B";"BAO_0000249";"cell membrane format";"None";"None";"None";"None";"None";"";"";"";"CHEMBL227";"Type-1 angiotensin II receptor";"Homo sapiens";"SINGLE PROTEIN";"CHEMBL1128554";"1";"Scientific Literature";"J Med Chem";"1995";"None";"";"";"";"17.0"
"CHEMBL2322444";"";"None";"527.63";"2";"5.50";"12i";"CCc1nc2ccn(Cc3ccccc3C)c(=O)c2n1[C@H]1CCc2cc(-c3ccccc3-c3nnn[nH]3)ccc21";"IC50";"'='";"5.1";"nM";"8.29";"";"";"UO_0000065";"15.72";"0.28";"2.79";"8.80";"0";"CHEMBL2327554";"Displacement of [125I]Tyr4-Sar1,Ile8-Angiotensin II from human Angiotensin 1 receptor after";"B";"BAO_0000357";"single protein format";"Homo sapiens";"None";"None";"None";"None";"";"";"";"CHEMBL227";"Type-1 angiotensin II receptor";"Homo sapiens";"SINGLE PROTEIN";"CHEMBL2321681";"1";"Scientific Literature";"Bioorg Med Chem Lett";"2013";"None";"";"";"";"5.1"
"CHEMBL3115243";"";"None";"552.69";"2";"7.15";"27";"CCCc1nn2ccc(-c3nc4ccccc4n3CCC)cc2c1Cc1ccc(-c2ccccc2-c2nn[nH]n2)cc1";"IC50";"'='";"23.0";"nM";"7.64";"";"";"UO_0000065";"13.82";"0.25";"0.49";"8.53";"0";"CHEMBL3117635";"Antagonist activity at human AT1 receptor expressed in CHO cells measured after overnight incubation by luciferase reporter gene assay";"B";"BAO_0000219";"cell-based format";"Homo sapiens";"None";"None";"CHO";"None";"";"";"";"CHEMBL227";"Type-1 angiotensin II receptor";"Homo sapiens";"SINGLE PROTEIN";"CHEMBL3112505";"1";"Scientific Literature";"Bioorg Med Chem Lett";"2014";"CHEMBL3308072";"";"";"";"0.023"
"CHEMBL3115242";"";"None";"528.66";"2";"7.67";"26";"CCCc1nn2ccc(-c3nc4ccccc4n3CCC)cc2c1Cc1ccc(-c2ccccc2C(=O)O)cc1";"IC50";"'='";"85.0";"nM";"7.07";"";"";"UO_0000065";"13.37";"0.24";"-0.60";"9.76";"0";"CHEMBL3117635";"Antagonist activity at human AT1 receptor expressed in CHO cells measured after overnight incubation by luciferase reporter gene assay";"B";"BAO_0000219";"cell-based format";"Homo sapiens";"None";"None";"CHO";"None";"";"";"";"CHEMBL227";"Type-1 angiotensin II receptor";"Homo sapiens";"SINGLE PROTEIN";"CHEMBL3112505";"1";"Scientific Literature";"Bioorg Med Chem Lett";"2014";"CHEMBL3308072";"";"";"";"0.085"
"CHEMBL602468";"";"None";"516.64";"2";"7.55";"3";"CCC(NC(=O)c1ccc2c(c1)c(C)c(C)n2Cc1ccc(-c2ccccc2C(=O)O)cc1)c1ccccc1";"IC50";"'>'";"10000.0";"nM";"";"";"";"UO_0000065";"";"";"";"";"0";"CHEMBL3117635";"Antagonist activity at human AT1 receptor expressed in CHO cells measured after overnight incubation by luciferase reporter gene assay";"B";"BAO_0000219";"cell-based format";"Homo sapiens";"None";"None";"CHO";"None";"";"";"";"CHEMBL227";"Type-1 angiotensin II receptor";"Homo sapiens";"SINGLE PROTEIN";"CHEMBL3112505";"1";"Scientific Literature";"Bioorg Med Chem Lett";"2014";"CHEMBL3308072";"";"";"";"10.0"
"CHEMBL3115236";"";"None";"531.66";"2";"7.28";"1";"CCCc1nc2cc(C(=O)NC(CC)c3ccccc3)ccc2n1Cc1ccc(-c2ccccc2C(=O)O)cc1";"IC50";"'='";"128.0";"nM";"6.89";"";"";"UO_0000065";"12.96";"0.24";"-0.39";"8.18";"0";"CHEMBL3117635";"Antagonist activity at human AT1 receptor expressed in CHO cells measured after overnight incubation by luciferase reporter gene assay";"B";"BAO_0000219";"cell-based format";"Homo sapiens";"None";"None";"CHO";"None";"";"";"";"CHEMBL227";"Type-1 angiotensin II receptor";"Homo sapiens";"SINGLE PROTEIN";"CHEMBL3112505";"1";"Scientific Literature";"Bioorg Med Chem Lett";"2014";"CHEMBL3308072";"";"";"";"0.128"
"CHEMBL3115246";"";"None";"542.68";"2";"8.22";"37";"CCCCn1c(-c2ccc3nn(CCC)c(Cc4ccc(-c5ccccc5C(=O)O)cc4)c3c2)nc2ccccc21";"IC50";"'='";"60.0";"nM";"7.22";"";"";"UO_0000065";"13.31";"0.24";"-1.00";"9.90";"0";"CHEMBL3117635";"Antagonist activity at human AT1 receptor expressed in CHO cells measured after overnight incubation by luciferase reporter gene assay";"B";"BAO_0000219";"cell-based format";"Homo sapiens";"None";"None";"CHO";"None";"";"";"";"CHEMBL227";"Type-1 angiotensin II receptor";"Homo sapiens";"SINGLE PROTEIN";"CHEMBL3112505";"1";"Scientific Literature";"Bioorg Med Chem Lett";"2014";"CHEMBL3308072";"";"";"";"0.06"
"CHEMBL3115237";"";"None";"544.70";"2";"7.97";"13a";"CCCc1c(Cc2ccc(-c3ccccc3C(=O)O)cc2)c2ccc(C(=O)NC(CC)c3ccccc3)cc2n1C";"IC50";"'>'";"10000.0";"nM";"";"";"";"UO_0000065";"";"";"";"";"0";"CHEMBL3117635";"Antagonist activity at human AT1 receptor expressed in CHO cells measured after overnight incubation by luciferase reporter gene assay";"B";"BAO_0000219";"cell-based format";"Homo sapiens";"None";"None";"CHO";"None";"";"";"";"CHEMBL227";"Type-1 angiotensin II receptor";"Homo sapiens";"SINGLE PROTEIN";"CHEMBL3112505";"1";"Scientific Literature";"Bioorg Med Chem Lett";"2014";"CHEMBL3308072";"";"";"";"10.0"
"CHEMBL293511";"";"None";"524.65";"2";"5.44";"192, L-159282, MK-996";"CCc1nc2c(C)cc(C)nc2n1Cc1ccc(-c2ccccc2S(=O)(=O)NC(=O)c2ccccc2)cc1";"IC50";"'='";"0.2";"nM";"9.70";"";"";"UO_0000065";"";"";"";"";"0";"CHEMBL2208699";"Antagonist activity at angiotensin 1 receptor";"F";"BAO_0000019";"assay format";"None";"None";"None";"None";"None";"";"";"";"CHEMBL227";"Type-1 angiotensin II receptor";"Homo sapiens";"SINGLE PROTEIN";"CHEMBL2203023";"1";"Scientific Literature";"J Med Chem";"2011";"None";"";"";"";"0.2"
"CHEMBL2158338";"";"None";"398.40";"0";"3.19";"67";"Cc1ccnc(SCc2cc(=O)c(NC(=O)c3ccc([N+](=O)[O-])cc3)co2)n1";"IC50";"'>'";"79000.0";"nM";"";"";"";"UO_0000065";"";"";"";"";"0";"CHEMBL2161529";"Inhibition of AT1 receptor";"B";"BAO_0000357";"single protein format";"None";"None";"None";"None";"None";"";"";"";"CHEMBL227";"Type-1 angiotensin II receptor";"Homo sapiens";"SINGLE PROTEIN";"CHEMBL2157975";"1";"Scientific Literature";"Bioorg Med Chem Lett";"2012";"None";"";"";"";"79.0"
"CHEMBL2063985";"";"None";"364.45";"0";"4.13";"33";"CCCCc1cnc(CO)n1Cc1ccc(-c2ccccc2C(=O)O)cc1";"IC50";"'='";"245.0";"nM";"6.61";"";"";"UO_0000065";"18.14";"0.33";"2.48";"8.77";"0";"CHEMBL2067441";"Displacement of 125[I-Sar1-Ile8]ANG II from human AT1 receptor expressed in HEK293 membranes after 1 hr by gamma counting";"B";"BAO_0000249";"cell membrane format";"Homo sapiens";"None";"None";"HEK293";"None";"";"";"";"CHEMBL227";"Type-1 angiotensin II receptor";"Homo sapiens";"SINGLE PROTEIN";"CHEMBL2062490";"1";"Scientific Literature";"Eur J Med Chem";"2012";"CHEMBL3307715";"";"";"";"245.0"
"CHEMBL2063984";"";"None";"402.46";"0";"3.82";"30";"CCCCc1cnc(C(=O)O)n1Cc1ccc(-c2ccccc2-c2nn[nH]n2)cc1";"IC50";"'='";"3.467";"nM";"8.46";"";"";"UO_0000065";"21.02";"0.39";"4.64";"7.72";"0";"CHEMBL2067441";"Displacement of 125[I-Sar1-Ile8]ANG II from human AT1 receptor expressed in HEK293 membranes after 1 hr by gamma counting";"B";"BAO_0000249";"cell membrane format";"Homo sapiens";"None";"None";"HEK293";"None";"";"";"";"CHEMBL227";"Type-1 angiotensin II receptor";"Homo sapiens";"SINGLE PROTEIN";"CHEMBL2062490";"1";"Scientific Literature";"Eur J Med Chem";"2012";"CHEMBL3307715";"";"";"";"8.46"
"CHEMBL3753277";"";"None";"616.70";"2";"5.89";"1v";"CCCc1nc2c(C)cc(C(=O)NCCc3ccccc3F)cc2n1Cc1ccc(-c2ccccc2C(=O)Nc2nnn[nH]2)cc1";"IC50";"'='";"90.0";"nM";"7.05";"";"";"UO_0000065";"11.42";"0.21";"1.16";"5.40";"0";"CHEMBL3757817";"Displacement of 125I-labelled Sar1-Ile8-angiotensin-2 from human AT1 receptor";"B";"BAO_0000357";"single protein format";"Homo sapiens";"None";"None";"None";"None";"";"";"";"CHEMBL227";"Type-1 angiotensin II receptor";"Homo sapiens";"SINGLE PROTEIN";"CHEMBL3751753";"1";"Scientific Literature";"Medchemcomm";"2015";"None";"";"";"";"90.0"
"CHEMBL3754394";"";"None";"658.76";"2";"5.77";"1u";"CCCc1nc2c(C)cc(C(=O)NCCc3ccc(OC)c(OC)c3)cc2n1Cc1ccc(-c2ccccc2C(=O)Nc2nnn[nH]2)cc1";"IC50";"'='";"93.0";"nM";"7.03";"";"";"UO_0000065";"10.67";"0.20";"1.26";"4.72";"0";"CHEMBL3757817";"Displacement of 125I-labelled Sar1-Ile8-angiotensin-2 from human AT1 receptor";"B";"BAO_0000357";"single protein format";"Homo sapiens";"None";"None";"None";"None";"";"";"";"CHEMBL227";"Type-1 angiotensin II receptor";"Homo sapiens";"SINGLE PROTEIN";"CHEMBL3751753";"1";"Scientific Literature";"Medchemcomm";"2015";"None";"";"";"";"93.0"
"CHEMBL4868159";"";"None";"416.53";"0";"3.86";"19a";"CCCC[C@@H]1N(Cc2ccc(-c3ccccc3-c3nnn[nH]3)cc2)C(=O)[C@@H]2CCCN12";"IC50";"'='";"1010.0";"nM";"6.00";"";"";"UO_0000065";"";"";"";"";"0";"CHEMBL4839255";"Antagonist activity at human AT1 overexpressed in CHO-K1 cells in presence of 10 nM [Val5-angiotensin II measured after 90 mins by HTRF based IP-one assay";"F";"BAO_0000219";"cell-based format";"Homo sapiens";"None";"None";"CHO-K1";"None";"";"";"";"CHEMBL227";"Type-1 angiotensin II receptor";"Homo sapiens";"SINGLE PROTEIN";"CHEMBL4837242";"1";"Scientific Literature";"ACS Med Chem Lett";"2021";"None";"Dose = 10.0 nM | TIME = 1.5 hr";"ANTAGONIST";"";"1010.0"
"CHEMBL372814";"";"None";"680.87";"2";"7.29";"89";"CCCc1cc(Cn2c(CC)nc3c(C)cc(C)nc32)ccc1OC(C(=O)NS(=O)(=O)c1ccc(C(C)C)cc1)c1ccc2c(c1)OCC2";"IC50";"'='";"13.0";"nM";"7.89";"";"";"UO_0000065";"11.58";"0.22";"0.60";"7.02";"0";"CHEMBL881768";"Inhibitory concentration against angiotensin II receptor, type 1";"B";"BAO_0000357";"single protein format";"Homo sapiens";"None";"None";"None";"None";"";"";"";"CHEMBL227";"Type-1 angiotensin II receptor";"Homo sapiens";"SINGLE PROTEIN";"CHEMBL1140446";"1";"Scientific Literature";"J Med Chem";"2005";"None";"";"";"";"0.013"
"CHEMBL116298";"";"None";"434.54";"0";"3.56";"5";"CCCCC(=O)N(Cc1ccc(-c2ccccc2-c2nn[nH]n2)cc1)[C@H](C(N)=O)C(C)C";"IC50";"'='";"6.0";"nM";"8.22";"";"";"UO_0000065";"18.92";"0.35";"4.66";"6.98";"0";"CHEMBL648566";"Tested for inhibition of Angiotensin II receptor, type 1 in the absence of bovine serum albumin (BSA)";"B";"BAO_0000357";"single protein format";"None";"None";"None";"None";"None";"";"";"";"CHEMBL227";"Type-1 angiotensin II receptor";"Homo sapiens";"SINGLE PROTEIN";"CHEMBL1127873";"1";"Scientific Literature";"Bioorg Med Chem Lett";"1994";"None";"";"";"";"0.006"
"CHEMBL191";"LOSARTAN";"4.0";"422.92";"0";"4.27";"losartan";"CCCCc1nc(Cl)c(CO)n1Cc1ccc(-c2ccccc2-c2nnn[nH]2)cc1";"IC50";"'='";"5.623";"nM";"8.25";"";"";"UO_0000065";"19.51";"0.38";"3.98";"8.92";"0";"CHEMBL2067441";"Displacement of 125[I-Sar1-Ile8]ANG II from human AT1 receptor expressed in HEK293 membranes after 1 hr by gamma counting";"B";"BAO_0000249";"cell membrane format";"Homo sapiens";"None";"None";"HEK293";"None";"";"";"";"CHEMBL227";"Type-1 angiotensin II receptor";"Homo sapiens";"SINGLE PROTEIN";"CHEMBL2062490";"1";"Scientific Literature";"Eur J Med Chem";"2012";"CHEMBL3307715";"";"";"";"8.25"
"CHEMBL2063980";"";"None";"422.92";"0";"4.27";"22";"CCCCc1c(Cl)nc(CO)n1Cc1ccc(-c2ccccc2-c2nn[nH]n2)cc1";"IC50";"'='";"630.96";"nM";"6.20";"";"";"UO_0000065";"14.66";"0.28";"1.93";"6.70";"0";"CHEMBL2067441";"Displacement of 125[I-Sar1-Ile8]ANG II from human AT1 receptor expressed in HEK293 membranes after 1 hr by gamma counting";"B";"BAO_0000249";"cell membrane format";"Homo sapiens";"None";"None";"HEK293";"None";"";"";"";"CHEMBL227";"Type-1 angiotensin II receptor";"Homo sapiens";"SINGLE PROTEIN";"CHEMBL2062490";"1";"Scientific Literature";"Eur J Med Chem";"2012";"CHEMBL3307715";"";"";"";"6.2"
"CHEMBL2063982";"";"None";"514.37";"1";"4.22";"24";"CCCCc1c(I)nc(CO)n1Cc1ccc(-c2ccccc2-c2nn[nH]n2)cc1";"IC50";"'='";"446.68";"nM";"6.35";"";"";"UO_0000065";"12.35";"0.29";"2.13";"6.86";"0";"CHEMBL2067441";"Displacement of 125[I-Sar1-Ile8]ANG II from human AT1 receptor expressed in HEK293 membranes after 1 hr by gamma counting";"B";"BAO_0000249";"cell membrane format";"Homo sapiens";"None";"None";"HEK293";"None";"";"";"";"CHEMBL227";"Type-1 angiotensin II receptor";"Homo sapiens";"SINGLE PROTEIN";"CHEMBL2062490";"1";"Scientific Literature";"Eur J Med Chem";"2012";"CHEMBL3307715";"";"";"";"6.35"
"CHEMBL326349";"";"None";"449.56";"0";"4.25";"3";"CCCCC(=O)N(Cc1ccc(-c2ccccc2-c2nn[nH]n2)cc1)[C@H](C(=O)OC)C(C)C";"IC50";"'='";"60.0";"nM";"7.22";"";"";"UO_0000065";"16.06";"0.30";"2.97";"7.15";"0";"CHEMBL648566";"Tested for inhibition of Angiotensin II receptor, type 1 in the absence of bovine serum albumin (BSA)";"B";"BAO_0000357";"single protein format";"None";"None";"None";"None";"None";"";"";"";"CHEMBL227";"Type-1 angiotensin II receptor";"Homo sapiens";"SINGLE PROTEIN";"CHEMBL1127873";"1";"Scientific Literature";"Bioorg Med Chem Lett";"1994";"None";"";"";"";"0.06"
"CHEMBL5272962";"";"None";"341.37";"0";"4.70";"4g";"O=C(O)c1c(-c2ccccc2)n(C(=O)c2ccccc2)c2ccccc12";"IC50";"'='";"12.3";"nM";"7.91";"";"";"UO_0000065";"23.17";"0.42";"3.21";"13.34";"0";"CHEMBL5252200";"Displacement of [125I]-Angiotensin II from Angiotensin II type-1 receptor in VSMC cells (unknown origin) by competition radioligand binding assay";"B";"BAO_0000219";"cell-based format";"Homo sapiens";"None";"None";"VSMC";"None";"";"";"";"CHEMBL227";"Type-1 angiotensin II receptor";"Homo sapiens";"SINGLE PROTEIN";"CHEMBL5247668";"1";"Scientific Literature";"Bioorg Med Chem Lett";"2023";"None";"";"ANTAGONIST";"";"12.3"
"CHEMBL5289070";"";"None";"269.28";"0";"0.64";"4j";"CS(=O)(=O)n1c(CO)c(C(=O)O)c2ccccc21";"IC50";"'='";"27.1";"nM";"7.57";"";"";"UO_0000065";"28.10";"0.57";"6.93";"7.83";"0";"CHEMBL5252200";"Displacement of [125I]-Angiotensin II from Angiotensin II type-1 receptor in VSMC cells (unknown origin) by competition radioligand binding assay";"B";"BAO_0000219";"cell-based format";"Homo sapiens";"None";"None";"VSMC";"None";"";"";"";"CHEMBL227";"Type-1 angiotensin II receptor";"Homo sapiens";"SINGLE PROTEIN";"CHEMBL5247668";"1";"Scientific Literature";"Bioorg Med Chem Lett";"2023";"None";"";"ANTAGONIST";"";"27.1"
"CHEMBL5192190";"";"None";"807.22";"3";"6.80";"6b";"CCCCc1nc(Cl)c(COC(=O)CCC(=O)Oc2cc(-c3oc4cc(O)cc(O)c4c(=O)c3O)ccc2O)n1Cc1ccc(-c2ccccc2-c2nnn[nH]2)cc1";"IC50";"'='";"140.0";"nM";"6.85";"";"";"UO_0000065";"8.49";"0.16";"0.05";"2.90";"0";"CHEMBL5127427";"Inhibition of human AT1R expressed in HEK293 cells by non-linear regression analysis";"B";"BAO_0000219";"cell-based format";"Homo sapiens";"None";"None";"HEK293";"None";"";"";"";"CHEMBL227";"Type-1 angiotensin II receptor";"Homo sapiens";"SINGLE PROTEIN";"CHEMBL5126518";"1";"Scientific Literature";"Eur J Med Chem";"2022";"None";"";"INHIBITOR";"";"0.14"
"CHEMBL3753458";"";"None";"628.74";"2";"5.76";"1q";"CCCc1nc2c(C)cc(C(=O)NCCc3ccccc3OC)cc2n1Cc1ccc(-c2ccccc2C(=O)Nc2nnn[nH]2)cc1";"IC50";"'='";"26.1";"nM";"7.58";"";"";"UO_0000065";"12.06";"0.22";"1.82";"5.43";"0";"CHEMBL3757817";"Displacement of 125I-labelled Sar1-Ile8-angiotensin-2 from human AT1 receptor";"B";"BAO_0000357";"single protein format";"Homo sapiens";"None";"None";"None";"None";"";"";"";"CHEMBL227";"Type-1 angiotensin II receptor";"Homo sapiens";"SINGLE PROTEIN";"CHEMBL3751753";"1";"Scientific Literature";"Medchemcomm";"2015";"None";"";"";"";"26.1"
"CHEMBL1017";"TELMISARTAN";"4.0";"514.63";"2";"7.26";"1";"CCCc1nc2c(C)cc(-c3nc4ccccc4n3C)cc2n1Cc1ccc(-c2ccccc2C(=O)O)cc1";"IC50";"'='";"0.49";"nM";"9.31";"";"";"UO_0000065";"18.09";"0.33";"2.05";"12.76";"0";"CHEMBL1803889";"Displacement of [125I]Tyr4-Sar1,Ile8-Angiotensin II from human Angiotensin 1 receptor after 60 mins by scintillation counting";"B";"BAO_0000357";"single protein format";"Homo sapiens";"None";"None";"None";"None";"";"";"";"CHEMBL227";"Type-1 angiotensin II receptor";"Homo sapiens";"SINGLE PROTEIN";"CHEMBL1800018";"1";"Scientific Literature";"J Med Chem";"2011";"None";"";"";"";"0.49"
"CHEMBL1801740";"";"None";"477.62";"1";"5.88";"2l";"CCc1nc2c(C)cc(CC(C)C)nc2n1[C@H]1CCc2cc(-c3ccccc3-c3nnn[nH]3)ccc21";"IC50";"'='";"1.6";"nM";"8.80";"";"";"UO_0000065";"18.42";"0.33";"2.92";"10.33";"0";"CHEMBL1803889";"Displacement of [125I]Tyr4-Sar1,Ile8-Angiotensin II from human Angiotensin 1 receptor after 60 mins by scintillation counting";"B";"BAO_0000357";"single protein format";"Homo sapiens";"None";"None";"None";"None";"";"";"";"CHEMBL227";"Type-1 angiotensin II receptor";"Homo sapiens";"SINGLE PROTEIN";"CHEMBL1800018";"1";"Scientific Literature";"J Med Chem";"2011";"None";"";"";"";"1.6"
"CHEMBL1801712";"";"None";"435.54";"0";"4.99";"2a (S)";"CCc1nc2c(C)cc(C)nc2n1[C@H]1CCc2cc(-c3ccccc3-c3nnn[nH]3)ccc21";"IC50";"'='";"7.6";"nM";"8.12";"";"";"UO_0000065";"18.64";"0.34";"3.13";"9.53";"0";"CHEMBL1803889";"Displacement of [125I]Tyr4-Sar1,Ile8-Angiotensin II from human Angiotensin 1 receptor after 60 mins by scintillation counting";"B";"BAO_0000357";"single protein format";"Homo sapiens";"None";"None";"None";"None";"";"";"";"CHEMBL227";"Type-1 angiotensin II receptor";"Homo sapiens";"SINGLE PROTEIN";"CHEMBL1800018";"1";"Scientific Literature";"J Med Chem";"2011";"None";"";"";"";"7.6"
"CHEMBL5283862";"";"None";"295.29";"0";"2.52";"4l";"O=C(O)c1c(CO)n(C(=O)c2ccccc2)c2ccccc12";"IC50";"'='";"31.1";"nM";"7.51";"";"";"UO_0000065";"25.42";"0.47";"4.99";"9.44";"0";"CHEMBL5252200";"Displacement of [125I]-Angiotensin II from Angiotensin II type-1 receptor in VSMC cells (unknown origin) by competition radioligand binding assay";"B";"BAO_0000219";"cell-based format";"Homo sapiens";"None";"None";"VSMC";"None";"";"";"";"CHEMBL227";"Type-1 angiotensin II receptor";"Homo sapiens";"SINGLE PROTEIN";"CHEMBL5247668";"1";"Scientific Literature";"Bioorg Med Chem Lett";"2023";"None";"";"ANTAGONIST";"";"31.1"
"CHEMBL5203983";"";"None";"807.22";"3";"6.80";"6a";"CCCCc1nc(Cl)c(COC(=O)CCC(=O)Oc2ccc(-c3oc4cc(O)cc(O)c4c(=O)c3O)cc2O)n1Cc1ccc(-c2ccccc2-c2nnn[nH]2)cc1";"IC50";"'='";"140.0";"nM";"6.85";"";"";"UO_0000065";"8.49";"0.16";"0.05";"2.90";"0";"CHEMBL5127427";"Inhibition of human AT1R expressed in HEK293 cells by non-linear regression analysis";"B";"BAO_0000219";"cell-based format";"Homo sapiens";"None";"None";"HEK293";"None";"";"";"";"CHEMBL227";"Type-1 angiotensin II receptor";"Homo sapiens";"SINGLE PROTEIN";"CHEMBL5126518";"1";"Scientific Literature";"Eur J Med Chem";"2022";"None";"";"INHIBITOR";"";"0.14"
"CHEMBL5397236";"";"None";"462.68";"1";"5.66";"GQ352";"CC[C@H](C)[C@H](N)C(=O)N1CCn2cc(-c3ccc4c(c3)CCCC4)nc2[C@@H]1CC1CCCCC1";"IC50";"'='";"8900.0";"nM";"5.05";"";"";"UO_0000065";"10.92";"0.20";"-0.61";"7.87";"0";"CHEMBL5352577";"Inhibition of human AT1R expressed in HEK293 cells using luciferase as substrate incubated for 1 hr followed by addition of angiotensinII and substrate by BRET assay";"B";"BAO_0000219";"cell-based format";"Homo sapiens";"None";"None";"HEK293";"None";"";"";"";"CHEMBL227";"Type-1 angiotensin II receptor";"Homo sapiens";"SINGLE PROTEIN";"CHEMBL5352382";"1";"Scientific Literature";"Eur J Med Chem";"2022";"None";"DOSE_Lower = 0.3 microM | DOSE_Upper = 100.0 microM | TIME = 1.0 hr";"INHIBITOR";"";"8.9"
"CHEMBL3640130";"";"None";"606.66";"3";"5.46";"BDBM99951";"COc1ccccc1C(=O)Cn1c(=O)c2cc(C3CC3)sc2n(Cc2ccc(-c3ccccc3-c3noc(O)n3)cc2)c1=O";"IC50";"'='";"1.2";"nM";"8.92";"";"216949";"UO_0000065";"14.70";"0.28";"3.46";"6.89";"0";"CHEMBL3705302";"Binding Assay: Binding assay using human AT1.";"B";"BAO_0000357";"single protein format";"Homo sapiens";"None";"None";"None";"None";"";"";"";"CHEMBL227";"Type-1 angiotensin II receptor";"Homo sapiens";"SINGLE PROTEIN";"CHEMBL3639103";"37";"BindingDB Patent Bioactivity Data";"";"2013";"None";"";"";"";"1.2"
"CHEMBL3640143";"";"None";"624.64";"2";"5.54";"BDBM99964";"O=C(Cn1c(=O)c2cc(CC(F)(F)F)sc2n(Cc2ccc(-c3ccccc3-c3nc(=O)o[nH]3)cc2)c1=O)C1CCCCC1";"IC50";"'='";"1.5";"nM";"8.82";"";"216962";"UO_0000065";"14.13";"0.27";"3.28";"7.36";"0";"CHEMBL3705302";"Binding Assay: Binding assay using human AT1.";"B";"BAO_0000357";"single protein format";"Homo sapiens";"None";"None";"None";"None";"";"";"";"CHEMBL227";"Type-1 angiotensin II receptor";"Homo sapiens";"SINGLE PROTEIN";"CHEMBL3639103";"37";"BindingDB Patent Bioactivity Data";"";"2013";"None";"";"";"";"1.5"
"CHEMBL3735227";"";"None";"587.75";"2";"6.89";"18S";"CCSc1nc2c(C)cc(C(=O)NC[C@@H](C)c3ccccc3)cc2n1Cc1ccc(-c2ccccc2-c2nnn[nH]2)cc1";"IC50";"'='";"621.6";"nM";"6.21";"";"";"UO_0000065";"10.56";"0.20";"-0.68";"6.12";"0";"CHEMBL3736606";"Displacement of [125I]Sar1Ile8-Ang2 from human AT1 receptor expressed in CHO-K1 cell membranes after 180 mins";"B";"BAO_0000219";"cell-based format";"Homo sapiens";"None";"None";"CHO-K1";"None";"";"";"";"CHEMBL227";"Type-1 angiotensin II receptor";"Homo sapiens";"SINGLE PROTEIN";"CHEMBL3734751";"1";"Scientific Literature";"Eur J Med Chem";"2015";"CHEMBL3307512";"";"";"";"621.6"
"CHEMBL3735290";"";"None";"571.69";"2";"6.17";"14R";"CCOc1nc2c(C)cc(C(=O)NC[C@H](C)c3ccccc3)cc2n1Cc1ccc(-c2ccccc2-c2nnn[nH]2)cc1";"IC50";"'='";"3.5";"nM";"8.46";"";"";"UO_0000065";"14.79";"0.27";"2.29";"7.64";"0";"CHEMBL3736606";"Displacement of [125I]Sar1Ile8-Ang2 from human AT1 receptor expressed in CHO-K1 cell membranes after 180 mins";"B";"BAO_0000219";"cell-based format";"Homo sapiens";"None";"None";"CHO-K1";"None";"";"";"";"CHEMBL227";"Type-1 angiotensin II receptor";"Homo sapiens";"SINGLE PROTEIN";"CHEMBL3734751";"1";"Scientific Literature";"Eur J Med Chem";"2015";"CHEMBL3307512";"";"";"";"3.5"
"CHEMBL3735839";"";"None";"571.69";"2";"5.66";"4R";"CCCc1nc2c(C)cc(C(=O)N[C@@H](CO)c3ccccc3)cc2n1Cc1ccc(-c2ccccc2-c2nnn[nH]2)cc1";"IC50";"'='";"293.1";"nM";"6.53";"";"";"UO_0000065";"11.43";"0.21";"0.87";"5.37";"0";"CHEMBL3736606";"Displacement of [125I]Sar1Ile8-Ang2 from human AT1 receptor expressed in CHO-K1 cell membranes after 180 mins";"B";"BAO_0000219";"cell-based format";"Homo sapiens";"None";"None";"CHO-K1";"None";"";"";"";"CHEMBL227";"Type-1 angiotensin II receptor";"Homo sapiens";"SINGLE PROTEIN";"CHEMBL3734751";"1";"Scientific Literature";"Eur J Med Chem";"2015";"CHEMBL3307512";"";"";"";"293.1"
"CHEMBL3736336";"";"None";"547.66";"2";"6.17";"3R";"CCCc1nc2c(C)cc(C(=O)N[C@@H](CO)c3ccccc3)cc2n1Cc1ccc(-c2ccccc2C(=O)O)cc1";"IC50";"'='";"495.8";"nM";"6.30";"";"";"UO_0000065";"11.51";"0.21";"0.13";"6.04";"0";"CHEMBL3736606";"Displacement of [125I]Sar1Ile8-Ang2 from human AT1 receptor expressed in CHO-K1 cell membranes after 180 mins";"B";"BAO_0000219";"cell-based format";"Homo sapiens";"None";"None";"CHO-K1";"None";"";"";"";"CHEMBL227";"Type-1 angiotensin II receptor";"Homo sapiens";"SINGLE PROTEIN";"CHEMBL3734751";"1";"Scientific Literature";"Eur J Med Chem";"2015";"CHEMBL3307512";"";"";"";"495.8"
"CHEMBL191";"LOSARTAN";"4.0";"422.92";"0";"4.27";"losartan";"CCCCc1nc(Cl)c(CO)n1Cc1ccc(-c2ccccc2-c2nnn[nH]2)cc1";"IC50";"'='";"6.0";"nM";"8.22";"";"";"UO_0000065";"19.44";"0.37";"3.95";"8.89";"0";"CHEMBL2067441";"Displacement of 125[I-Sar1-Ile8]ANG II from human AT1 receptor expressed in HEK293 membranes after 1 hr by gamma counting";"B";"BAO_0000249";"cell membrane format";"Homo sapiens";"None";"None";"HEK293";"None";"";"";"";"CHEMBL227";"Type-1 angiotensin II receptor";"Homo sapiens";"SINGLE PROTEIN";"CHEMBL2062490";"1";"Scientific Literature";"Eur J Med Chem";"2012";"CHEMBL3307715";"";"";"";"6.0"
"CHEMBL2063981";"";"None";"467.37";"0";"4.38";"23";"CCCCc1c(Br)nc(CO)n1Cc1ccc(-c2ccccc2-c2nn[nH]n2)cc1";"IC50";"'='";"117.0";"nM";"6.93";"";"";"UO_0000065";"14.83";"0.32";"2.55";"7.49";"0";"CHEMBL2067441";"Displacement of 125[I-Sar1-Ile8]ANG II from human AT1 receptor expressed in HEK293 membranes after 1 hr by gamma counting";"B";"BAO_0000249";"cell membrane format";"Homo sapiens";"None";"None";"HEK293";"None";"";"";"";"CHEMBL227";"Type-1 angiotensin II receptor";"Homo sapiens";"SINGLE PROTEIN";"CHEMBL2062490";"1";"Scientific Literature";"Eur J Med Chem";"2012";"CHEMBL3307715";"";"";"";"117.0"
"CHEMBL2063982";"";"None";"514.37";"1";"4.22";"24";"CCCCc1c(I)nc(CO)n1Cc1ccc(-c2ccccc2-c2nn[nH]n2)cc1";"IC50";"'='";"446.0";"nM";"6.35";"";"";"UO_0000065";"12.35";"0.29";"2.13";"6.86";"0";"CHEMBL2067441";"Displacement of 125[I-Sar1-Ile8]ANG II from human AT1 receptor expressed in HEK293 membranes after 1 hr by gamma counting";"B";"BAO_0000249";"cell membrane format";"Homo sapiens";"None";"None";"HEK293";"None";"";"";"";"CHEMBL227";"Type-1 angiotensin II receptor";"Homo sapiens";"SINGLE PROTEIN";"CHEMBL2062490";"1";"Scientific Literature";"Eur J Med Chem";"2012";"CHEMBL3307715";"";"";"";"446.0"
"CHEMBL4288964";"";"None";"571.75";"2";"5.73";"18";"CCCCc1nc(C(C)C)c(CC(=S)N2CCCC2)c(=O)n1Cc1ccc(-c2ccccc2-c2noc(=O)[nH]2)cc1";"IC50";"'='";"10.5";"nM";"7.98";"";"";"UO_0000065";"";"";"";"";"0";"CHEMBL4267131";"Antagonist activity at type-1 angiotensin 2 receptor (unknown origin) by beta-arrestin recruitment assay";"F";"BAO_0000019";"assay format";"Homo sapiens";"None";"None";"None";"None";"";"";"";"CHEMBL227";"Type-1 angiotensin II receptor";"Homo sapiens";"SINGLE PROTEIN";"CHEMBL4265900";"1";"Scientific Literature";"Bioorg Med Chem Lett";"2018";"None";"";"";"";"10.5"
"CHEMBL4872989";"";"None";"430.56";"0";"4.88";"8f";"CCCCC1=NC(C)(C(C)C)C(=O)N1Cc1ccc(-c2ccccc2-c2nnn[nH]2)cc1";"IC50";"'='";"15.0";"nM";"7.82";"";"";"UO_0000065";"";"";"";"";"0";"CHEMBL4839255";"Antagonist activity at human AT1 overexpressed in CHO-K1 cells in presence of 10 nM [Val5-angiotensin II measured after 90 mins by HTRF based IP-one assay";"F";"BAO_0000219";"cell-based format";"Homo sapiens";"None";"None";"CHO-K1";"None";"";"";"";"CHEMBL227";"Type-1 angiotensin II receptor";"Homo sapiens";"SINGLE PROTEIN";"CHEMBL4837242";"1";"Scientific Literature";"ACS Med Chem Lett";"2021";"None";"Dose = 10.0 nM | TIME = 1.5 hr";"ANTAGONIST";"";"15.0"
"CHEMBL5271484";"";"None";"315.35";"0";"2.81";"4a";"CS(=O)(=O)n1c(-c2ccccc2)c(C(=O)O)c2ccccc21";"IC50";"'='";"11.3";"nM";"7.95";"";"";"UO_0000065";"25.20";"0.49";"5.14";"10.41";"0";"CHEMBL5252200";"Displacement of [125I]-Angiotensin II from Angiotensin II type-1 receptor in VSMC cells (unknown origin) by competition radioligand binding assay";"B";"BAO_0000219";"cell-based format";"Homo sapiens";"None";"None";"VSMC";"None";"";"";"";"CHEMBL227";"Type-1 angiotensin II receptor";"Homo sapiens";"SINGLE PROTEIN";"CHEMBL5247668";"1";"Scientific Literature";"Bioorg Med Chem Lett";"2023";"None";"";"ANTAGONIST";"";"11.3"
"CHEMBL4873899";"";"None";"969.15";"3";"1.14";"12; SBL-AII-12";"CC[C@H](C)[C@H](NC(=O)[C@H](Cc1ccc(O)cc1)NC(=O)[C@@H](NC(=O)[C@@H](N)CCCNC(=N)N)C(C)C)C(=O)N1Cc2cc(O)ccc2C[C@H]1C(=O)N1CCC[C@H]1C(=O)N[C@@H](Cc1ccccc1)C(=O)O";"IC50";"'='";"133.9";"nM";"6.87";"";"";"UO_0000065";"7.09";"0.13";"5.73";"2.13";"0";"CHEMBL4812854";"Displacement of [125-I]-[Sar1, Ile8] from recombinant human AT1R transfected in human HEK293 cells incubated for 2 hrs by liquid scintillation counter analysis";"B";"BAO_0000219";"cell-based format";"Homo sapiens";"None";"None";"HEK293";"None";"";"";"";"CHEMBL227";"Type-1 angiotensin II receptor";"Homo sapiens";"SINGLE PROTEIN";"CHEMBL4811266";"1";"Scientific Literature";"Bioorg Med Chem Lett";"2021";"None";"TIME = 2.0 hr";"BINDING AGENT";"";"133.9"
"CHEMBL2063985";"";"None";"364.45";"0";"4.13";"33";"CCCCc1cnc(CO)n1Cc1ccc(-c2ccccc2C(=O)O)cc1";"IC50";"'='";"245.47";"nM";"6.61";"";"";"UO_0000065";"18.14";"0.33";"2.48";"8.77";"0";"CHEMBL2067441";"Displacement of 125[I-Sar1-Ile8]ANG II from human AT1 receptor expressed in HEK293 membranes after 1 hr by gamma counting";"B";"BAO_0000249";"cell membrane format";"Homo sapiens";"None";"None";"HEK293";"None";"";"";"";"CHEMBL227";"Type-1 angiotensin II receptor";"Homo sapiens";"SINGLE PROTEIN";"CHEMBL2062490";"1";"Scientific Literature";"Eur J Med Chem";"2012";"CHEMBL3307715";"";"";"";"6.61"
"CHEMBL2435819";"";"None";"540.66";"1";"4.77";"6g";"CCCc1nc2c(C)cc(C(=O)NCCN3CCOCC3)cc2n1Cc1ccc(-c2ccccc2C(=O)O)cc1";"IC50";"'='";"11.0";"nM";"7.96";"";"";"UO_0000065";"14.72";"0.27";"3.19";"8.23";"0";"CHEMBL2439561";"Displacement of [125I]-Sar1Ile8-angiotensin 2 from angiotensin 2 AT1 receptor (unknown origin) after 180 mins by gamma counting analysis";"B";"BAO_0000357";"single protein format";"Homo sapiens";"None";"None";"None";"None";"";"";"";"CHEMBL227";"Type-1 angiotensin II receptor";"Homo sapiens";"SINGLE PROTEIN";"CHEMBL2434924";"1";"Scientific Literature";"Eur J Med Chem";"2013";"None";"";"";"";"11.0"
"CHEMBL2435826";"";"None";"517.63";"2";"7.27";"11e";"CCCc1nc2c(C)cc(NC(=O)c3ccc(C)cc3)cc2n1Cc1ccc(-c2ccccc2C(=O)O)cc1";"IC50";"'='";"4.9";"nM";"8.31";"";"";"UO_0000065";"16.05";"0.29";"1.04";"9.87";"0";"CHEMBL2439561";"Displacement of [125I]-Sar1Ile8-angiotensin 2 from angiotensin 2 AT1 receptor (unknown origin) after 180 mins by gamma counting analysis";"B";"BAO_0000357";"single protein format";"Homo sapiens";"None";"None";"None";"None";"";"";"";"CHEMBL227";"Type-1 angiotensin II receptor";"Homo sapiens";"SINGLE PROTEIN";"CHEMBL2434924";"1";"Scientific Literature";"Eur J Med Chem";"2013";"None";"";"";"";"4.9"
"CHEMBL2435827";"";"None";"517.63";"2";"6.89";"11f";"CCCc1nc2c(C)cc(NC(=O)Cc3ccccc3)cc2n1Cc1ccc(-c2ccccc2C(=O)O)cc1";"IC50";"'='";"1.2";"nM";"8.92";"";"";"UO_0000065";"17.23";"0.31";"2.03";"10.59";"0";"CHEMBL2439561";"Displacement of [125I]-Sar1Ile8-angiotensin 2 from angiotensin 2 AT1 receptor (unknown origin) after 180 mins by gamma counting analysis";"B";"BAO_0000357";"single protein format";"Homo sapiens";"None";"None";"None";"None";"";"";"";"CHEMBL227";"Type-1 angiotensin II receptor";"Homo sapiens";"SINGLE PROTEIN";"CHEMBL2434924";"1";"Scientific Literature";"Eur J Med Chem";"2013";"None";"";"";"";"1.2"
"CHEMBL1945149";"";"None";"549.65";"2";"6.82";"6k";"CCCc1nc2c(C)cc(C(=O)NCCc3ccc(F)cc3)cc2n1Cc1ccc(-c2ccccc2C(=O)O)cc1";"IC50";"'='";"198.0";"nM";"6.70";"";"";"UO_0000065";"12.20";"0.22";"-0.12";"7.96";"0";"CHEMBL1949356";"Displacement of [125I]Sar1 Ile8-Ang 2 from angiotensin 2 AT1 receptor after 180 mins by gamma counting";"B";"BAO_0000357";"single protein format";"None";"None";"None";"None";"None";"";"";"";"CHEMBL227";"Type-1 angiotensin II receptor";"Homo sapiens";"SINGLE PROTEIN";"CHEMBL1944634";"1";"Scientific Literature";"Eur J Med Chem";"2012";"None";"";"";"";"198.0"
"CHEMBL5075338";"";"None";"597.68";"1";"3.50";"Hit 1";"CCOC(=O)[C@@H](Cc1ccc(F)cc1)NC(=O)[C@@H](CC1CCCCC1)NC(=O)[C@@H](C)NC(=O)/C=C/c1ccc(O)c(O)c1";"IC50";"'='";"19.6";"nM";"7.71";"";"";"UO_0000065";"12.90";"0.24";"4.21";"5.00";"0";"CHEMBL5032542";"Displacement of [125-I]-[Sar1, AngII from AT1R (unknown origin) expressed in Escherichia coli BL 21 (DE3) incubated for 2 hrs by radioimmunoassay";"B";"BAO_0000019";"assay format";"Homo sapiens";"None";"None";"None";"None";"";"";"";"CHEMBL227";"Type-1 angiotensin II receptor";"Homo sapiens";"SINGLE PROTEIN";"CHEMBL5032489";"1";"Scientific Literature";"J Med Chem";"2021";"None";"TIME = 2.0 hr";"INHIBITOR";"";"19.6"
"CHEMBL5750256";"";"None";"569.66";"2";"6.39";"BDBM573710";"O=C(O)[C@H]1[C@@H]2CC[C@H](CN1C(=O)N1c3ccccc3C=Cc3ccccc31)N2C(=O)C(c1ccccc1)c1ccccc1";"IC50";"'>'";"10000.0";"nM";"";"";"1210591";"UO_0000065";"";"";"";"";"0";"CHEMBL5738515";"Biological Assay: Measurement of Inhibitory Activity on AT1 Receptor (AT4R)/AT2 Receptor (AT2R)Through the following steps, the inhibitory activity of the compound on AT1R/AT2R (IC50 value) was determined:1) An appropriate amount of 1×TLB (Tag-lite Buffer) was prepared and well mixed for use.2) The compound was diluted by 10 times with ddH2O or DMSO. The compound was then dilute to 4 times of the working concentration with 1×TLB and mixed well for use.3) 8600 nM Tag-lite angiotensin receptor red agonist was diluted to 12 nM (4×Kd) with 1×TLB.4) 5 ml 1×TLB was taken into a 15 ml centrifuge tube.5) After thawing 1 tube of Tb-labeled AT1R/AT2R cells in a 37° C. water bath, the cells were quickly transferred to the 1×TLB in step 4), mixed gently, and centrifuged at 1200 g for 5 minutes at room temperature.6) The supernatant was aspirated gently, and the cells were resuspended and mixed in 2.7 ml 1×TLB, and then placed at room temperature until use.7) 10 μl cells were added to all test wells, and 5 μl 4× working solution of the compound from step 2) was added to the corresponding test wells. 5 μl 4× Tag-lite angiotensin receptor red agonist well diluted in step 3) was added to all test wells.8) After leaving the reaction plate at room temperature for 1 h, data were measured and analyzed using Envision HTRF Reader, and the half inhibitory concentration (IC50) of the compound on AT1R/AT2R was calculated with the GraphPad Prism four-parameter equation.";"B";"BAO_0000019";"assay format";"Homo sapiens";"None";"None";"None";"None";"";"";"";"CHEMBL227";"Type-1 angiotensin II receptor";"Homo sapiens";"SINGLE PROTEIN";"CHEMBL5729340";"37";"BindingDB Patent Bioactivity Data";"";"2022";"None";"";"";"";"10000.0"
"CHEMBL103769";"";"None";"556.36";"2";"5.37";"EUB0000412b";"S=C(NCCCc1c[nH]cn1)NCCCN(Cc1ccc(Cl)c(Cl)c1)c1ccc(Br)cn1";"IC50";"'='";"4824.87";"nM";"5.32";"";"";"UO_0000065";"";"";"";"";"0";"CHEMBL5442690";"GPCR PRESTO-Tango dose-response in antagonist mode with target: AGTR1";"F";"BAO_0000219";"cell-based format";"Homo sapiens";"None";"None";"HTLA";"None";"";"";"";"CHEMBL227";"Type-1 angiotensin II receptor";"Homo sapiens";"SINGLE PROTEIN";"CHEMBL5442687";"55";"EUbOPEN Chemogenomic Library";"";"2024";"CHEMBL5446261";"";"ANTAGONIST";"";"4.82487"
"CHEMBL6053000";"";"None";"528.61";"1";"4.81";"BDBM573758";"COc1ccc(CN(C)C(=O)N2[C@H]3CC[C@@H]2[C@@H](C(=O)O)N(C(=O)N(c2ccccc2)c2ccccc2)C3)cc1";"IC50";"'>'";"10000.0";"nM";"";"";"1210651";"UO_0000065";"";"";"";"";"0";"CHEMBL5738515";"Biological Assay: Measurement of Inhibitory Activity on AT1 Receptor (AT4R)/AT2 Receptor (AT2R)Through the following steps, the inhibitory activity of the compound on AT1R/AT2R (IC50 value) was determined:1) An appropriate amount of 1×TLB (Tag-lite Buffer) was prepared and well mixed for use.2) The compound was diluted by 10 times with ddH2O or DMSO. The compound was then dilute to 4 times of the working concentration with 1×TLB and mixed well for use.3) 8600 nM Tag-lite angiotensin receptor red agonist was diluted to 12 nM (4×Kd) with 1×TLB.4) 5 ml 1×TLB was taken into a 15 ml centrifuge tube.5) After thawing 1 tube of Tb-labeled AT1R/AT2R cells in a 37° C. water bath, the cells were quickly transferred to the 1×TLB in step 4), mixed gently, and centrifuged at 1200 g for 5 minutes at room temperature.6) The supernatant was aspirated gently, and the cells were resuspended and mixed in 2.7 ml 1×TLB, and then placed at room temperature until use.7) 10 μl cells were added to all test wells, and 5 μl 4× working solution of the compound from step 2) was added to the corresponding test wells. 5 μl 4× Tag-lite angiotensin receptor red agonist well diluted in step 3) was added to all test wells.8) After leaving the reaction plate at room temperature for 1 h, data were measured and analyzed using Envision HTRF Reader, and the half inhibitory concentration (IC50) of the compound on AT1R/AT2R was calculated with the GraphPad Prism four-parameter equation.";"B";"BAO_0000019";"assay format";"Homo sapiens";"None";"None";"None";"None";"";"";"";"CHEMBL227";"Type-1 angiotensin II receptor";"Homo sapiens";"SINGLE PROTEIN";"CHEMBL5729340";"37";"BindingDB Patent Bioactivity Data";"";"2022";"None";"";"";"";"10000.0"
"CHEMBL3643413";"LENIOLISIB";"4.0";"450.47";"0";"2.88";"EUB0000877a";"CCC(=O)N1CC[C@H](Nc2ncnc3c2CN(c2cnc(OC)c(C(F)(F)F)c2)CC3)C1";"IC50";"'>'";"30000.0";"nM";"";"";"";"UO_0000065";"";"";"";"";"0";"CHEMBL5474386";"Selectivity interaction (Angiotensin II AT1 receptor binding assay, human recombinant ) EUB0000877a AGTR1";"B";"BAO_0000357";"single protein format";"Homo sapiens";"None";"None";"None";"None";"Protein family: GPCR";"";"";"CHEMBL227";"Type-1 angiotensin II receptor";"Homo sapiens";"SINGLE PROTEIN";"CHEMBL5465560";"65";"EUbOPEN Chemogenomic Library Literature Data";"";"2024";"None";"Selectivity Comments: Favorable pharmacokinetic profile in rodents and monkeys | Selectivity number of off-targets = 0.0 None | Selectivity number of targets = 54.0 None | Selectivity Remarks: In-vitro potency | Source Knowledge: https://pubs.acs.org/doi/10.1021/acsmedchemlett.7b00293";"";"";"30.0"
"CHEMBL5900118";"";"None";"533.03";"2";"5.45";"BDBM573744";"CN(Cc1ccccc1Cl)C(=O)N1[C@H]2CC[C@@H]1[C@@H](C(=O)O)N(C(=O)N(c1ccccc1)c1ccccc1)C2";"IC50";"'>'";"10000.0";"nM";"";"";"1210632";"UO_0000065";"";"";"";"";"0";"CHEMBL5738515";"Biological Assay: Measurement of Inhibitory Activity on AT1 Receptor (AT4R)/AT2 Receptor (AT2R)Through the following steps, the inhibitory activity of the compound on AT1R/AT2R (IC50 value) was determined:1) An appropriate amount of 1×TLB (Tag-lite Buffer) was prepared and well mixed for use.2) The compound was diluted by 10 times with ddH2O or DMSO. The compound was then dilute to 4 times of the working concentration with 1×TLB and mixed well for use.3) 8600 nM Tag-lite angiotensin receptor red agonist was diluted to 12 nM (4×Kd) with 1×TLB.4) 5 ml 1×TLB was taken into a 15 ml centrifuge tube.5) After thawing 1 tube of Tb-labeled AT1R/AT2R cells in a 37° C. water bath, the cells were quickly transferred to the 1×TLB in step 4), mixed gently, and centrifuged at 1200 g for 5 minutes at room temperature.6) The supernatant was aspirated gently, and the cells were resuspended and mixed in 2.7 ml 1×TLB, and then placed at room temperature until use.7) 10 μl cells were added to all test wells, and 5 μl 4× working solution of the compound from step 2) was added to the corresponding test wells. 5 μl 4× Tag-lite angiotensin receptor red agonist well diluted in step 3) was added to all test wells.8) After leaving the reaction plate at room temperature for 1 h, data were measured and analyzed using Envision HTRF Reader, and the half inhibitory concentration (IC50) of the compound on AT1R/AT2R was calculated with the GraphPad Prism four-parameter equation.";"B";"BAO_0000019";"assay format";"Homo sapiens";"None";"None";"None";"None";"";"";"";"CHEMBL227";"Type-1 angiotensin II receptor";"Homo sapiens";"SINGLE PROTEIN";"CHEMBL5729340";"37";"BindingDB Patent Bioactivity Data";"";"2022";"None";"";"";"";"10000.0"
"CHEMBL5804791";"";"None";"546.63";"2";"6.50";"BDBM573698";"O=C(O)[C@H]1[C@@H]2CC[C@H](CN1C(=O)N(c1ccccc1)c1ccccc1)N2C(=O)N(c1ccccc1)c1ccccc1";"IC50";"'>'";"10000.0";"nM";"";"";"1210576";"UO_0000065";"";"";"";"";"0";"CHEMBL5738515";"Biological Assay: Measurement of Inhibitory Activity on AT1 Receptor (AT4R)/AT2 Receptor (AT2R)Through the following steps, the inhibitory activity of the compound on AT1R/AT2R (IC50 value) was determined:1) An appropriate amount of 1×TLB (Tag-lite Buffer) was prepared and well mixed for use.2) The compound was diluted by 10 times with ddH2O or DMSO. The compound was then dilute to 4 times of the working concentration with 1×TLB and mixed well for use.3) 8600 nM Tag-lite angiotensin receptor red agonist was diluted to 12 nM (4×Kd) with 1×TLB.4) 5 ml 1×TLB was taken into a 15 ml centrifuge tube.5) After thawing 1 tube of Tb-labeled AT1R/AT2R cells in a 37° C. water bath, the cells were quickly transferred to the 1×TLB in step 4), mixed gently, and centrifuged at 1200 g for 5 minutes at room temperature.6) The supernatant was aspirated gently, and the cells were resuspended and mixed in 2.7 ml 1×TLB, and then placed at room temperature until use.7) 10 μl cells were added to all test wells, and 5 μl 4× working solution of the compound from step 2) was added to the corresponding test wells. 5 μl 4× Tag-lite angiotensin receptor red agonist well diluted in step 3) was added to all test wells.8) After leaving the reaction plate at room temperature for 1 h, data were measured and analyzed using Envision HTRF Reader, and the half inhibitory concentration (IC50) of the compound on AT1R/AT2R was calculated with the GraphPad Prism four-parameter equation.";"B";"BAO_0000019";"assay format";"Homo sapiens";"None";"None";"None";"None";"";"";"";"CHEMBL227";"Type-1 angiotensin II receptor";"Homo sapiens";"SINGLE PROTEIN";"CHEMBL5729340";"37";"BindingDB Patent Bioactivity Data";"";"2022";"None";"";"";"";"10000.0"
"CHEMBL938";"SARALASIN";"4.0";"912.06";"3";"-2.30";"Chemical Probe: Saralasin";"CNCC(=O)N[C@@H](CCCNC(=N)N)C(=O)N[C@H](C(=O)N[C@@H](Cc1ccc(O)cc1)C(=O)N[C@H](C(=O)N[C@@H](Cc1cnc[nH]1)C(=O)N1CCC[C@H]1C(=O)N[C@@H](C)C(=O)O)C(C)C)C(C)C";"IC50";"'='";"0.41";"nM";"9.39";"";"";"UO_0000065";"10.29";"0.20";"11.69";"2.64";"1";"CHEMBL5721261";"Inhibition of AT1 (unknown origin)";"B";"BAO_0000357";"single protein format";"Homo sapiens";"None";"None";"None";"None";"";"";"";"CHEMBL227";"Type-1 angiotensin II receptor";"Homo sapiens";"SINGLE PROTEIN";"CHEMBL5715956";"72";"Chemical Probe data from Scientific Literature";"ACS Chem Biol";"2017";"None";"";"INHIBITOR";"";"4.1"
"CHEMBL5853333";"";"None";"498.58";"0";"3.59";"BDBM573724";"CN(Cc1ccccn1)C(=O)N1[C@H]2CC[C@@H]1[C@@H](C(=O)O)N(C(=O)C(c1ccccc1)c1ccccc1)C2";"IC50";"'>'";"10000.0";"nM";"";"";"1210611";"UO_0000065";"";"";"";"";"0";"CHEMBL5738515";"Biological Assay: Measurement of Inhibitory Activity on AT1 Receptor (AT4R)/AT2 Receptor (AT2R)Through the following steps, the inhibitory activity of the compound on AT1R/AT2R (IC50 value) was determined:1) An appropriate amount of 1×TLB (Tag-lite Buffer) was prepared and well mixed for use.2) The compound was diluted by 10 times with ddH2O or DMSO. The compound was then dilute to 4 times of the working concentration with 1×TLB and mixed well for use.3) 8600 nM Tag-lite angiotensin receptor red agonist was diluted to 12 nM (4×Kd) with 1×TLB.4) 5 ml 1×TLB was taken into a 15 ml centrifuge tube.5) After thawing 1 tube of Tb-labeled AT1R/AT2R cells in a 37° C. water bath, the cells were quickly transferred to the 1×TLB in step 4), mixed gently, and centrifuged at 1200 g for 5 minutes at room temperature.6) The supernatant was aspirated gently, and the cells were resuspended and mixed in 2.7 ml 1×TLB, and then placed at room temperature until use.7) 10 μl cells were added to all test wells, and 5 μl 4× working solution of the compound from step 2) was added to the corresponding test wells. 5 μl 4× Tag-lite angiotensin receptor red agonist well diluted in step 3) was added to all test wells.8) After leaving the reaction plate at room temperature for 1 h, data were measured and analyzed using Envision HTRF Reader, and the half inhibitory concentration (IC50) of the compound on AT1R/AT2R was calculated with the GraphPad Prism four-parameter equation.";"B";"BAO_0000019";"assay format";"Homo sapiens";"None";"None";"None";"None";"";"";"";"CHEMBL227";"Type-1 angiotensin II receptor";"Homo sapiens";"SINGLE PROTEIN";"CHEMBL5729340";"37";"BindingDB Patent Bioactivity Data";"";"2022";"None";"";"";"";"10000.0"
"CHEMBL6011050";"";"None";"484.55";"0";"4.28";"BDBM573701";"O=C(O)[C@@H]1[C@H]2CC[C@@H](CN1C(=O)C(c1ccccc1)c1ccccc1)N2C(=O)OCc1ccccc1";"IC50";"'>'";"10000.0";"nM";"";"";"1210579";"UO_0000065";"";"";"";"";"0";"CHEMBL5738515";"Biological Assay: Measurement of Inhibitory Activity on AT1 Receptor (AT4R)/AT2 Receptor (AT2R)Through the following steps, the inhibitory activity of the compound on AT1R/AT2R (IC50 value) was determined:1) An appropriate amount of 1×TLB (Tag-lite Buffer) was prepared and well mixed for use.2) The compound was diluted by 10 times with ddH2O or DMSO. The compound was then dilute to 4 times of the working concentration with 1×TLB and mixed well for use.3) 8600 nM Tag-lite angiotensin receptor red agonist was diluted to 12 nM (4×Kd) with 1×TLB.4) 5 ml 1×TLB was taken into a 15 ml centrifuge tube.5) After thawing 1 tube of Tb-labeled AT1R/AT2R cells in a 37° C. water bath, the cells were quickly transferred to the 1×TLB in step 4), mixed gently, and centrifuged at 1200 g for 5 minutes at room temperature.6) The supernatant was aspirated gently, and the cells were resuspended and mixed in 2.7 ml 1×TLB, and then placed at room temperature until use.7) 10 μl cells were added to all test wells, and 5 μl 4× working solution of the compound from step 2) was added to the corresponding test wells. 5 μl 4× Tag-lite angiotensin receptor red agonist well diluted in step 3) was added to all test wells.8) After leaving the reaction plate at room temperature for 1 h, data were measured and analyzed using Envision HTRF Reader, and the half inhibitory concentration (IC50) of the compound on AT1R/AT2R was calculated with the GraphPad Prism four-parameter equation.";"B";"BAO_0000019";"assay format";"Homo sapiens";"None";"None";"None";"None";"";"";"";"CHEMBL227";"Type-1 angiotensin II receptor";"Homo sapiens";"SINGLE PROTEIN";"CHEMBL5729340";"37";"BindingDB Patent Bioactivity Data";"";"2022";"None";"";"";"";"10000.0"
"CHEMBL5775019";"";"None";"485.54";"0";"4.88";"BDBM573704";"O=C(O)[C@@H]1[C@H]2CC[C@@H](CN1C(=O)N(c1ccccc1)c1ccccc1)N2C(=O)OCc1ccccc1";"IC50";"'>'";"10000.0";"nM";"";"";"1210583";"UO_0000065";"";"";"";"";"0";"CHEMBL5738515";"Biological Assay: Measurement of Inhibitory Activity on AT1 Receptor (AT4R)/AT2 Receptor (AT2R)Through the following steps, the inhibitory activity of the compound on AT1R/AT2R (IC50 value) was determined:1) An appropriate amount of 1×TLB (Tag-lite Buffer) was prepared and well mixed for use.2) The compound was diluted by 10 times with ddH2O or DMSO. The compound was then dilute to 4 times of the working concentration with 1×TLB and mixed well for use.3) 8600 nM Tag-lite angiotensin receptor red agonist was diluted to 12 nM (4×Kd) with 1×TLB.4) 5 ml 1×TLB was taken into a 15 ml centrifuge tube.5) After thawing 1 tube of Tb-labeled AT1R/AT2R cells in a 37° C. water bath, the cells were quickly transferred to the 1×TLB in step 4), mixed gently, and centrifuged at 1200 g for 5 minutes at room temperature.6) The supernatant was aspirated gently, and the cells were resuspended and mixed in 2.7 ml 1×TLB, and then placed at room temperature until use.7) 10 μl cells were added to all test wells, and 5 μl 4× working solution of the compound from step 2) was added to the corresponding test wells. 5 μl 4× Tag-lite angiotensin receptor red agonist well diluted in step 3) was added to all test wells.8) After leaving the reaction plate at room temperature for 1 h, data were measured and analyzed using Envision HTRF Reader, and the half inhibitory concentration (IC50) of the compound on AT1R/AT2R was calculated with the GraphPad Prism four-parameter equation.";"B";"BAO_0000019";"assay format";"Homo sapiens";"None";"None";"None";"None";"";"";"";"CHEMBL227";"Type-1 angiotensin II receptor";"Homo sapiens";"SINGLE PROTEIN";"CHEMBL5729340";"37";"BindingDB Patent Bioactivity Data";"";"2022";"None";"";"";"";"10000.0"
"CHEMBL5741384";"";"None";"483.57";"0";"3.86";"BDBM573714";"O=C(O)[C@@H]1[C@H]2CC[C@@H](CN1C(=O)C(c1ccccc1)c1ccccc1)N2C(=O)NCc1ccccc1";"IC50";"'>'";"10000.0";"nM";"";"";"1210596";"UO_0000065";"";"";"";"";"0";"CHEMBL5738515";"Biological Assay: Measurement of Inhibitory Activity on AT1 Receptor (AT4R)/AT2 Receptor (AT2R)Through the following steps, the inhibitory activity of the compound on AT1R/AT2R (IC50 value) was determined:1) An appropriate amount of 1×TLB (Tag-lite Buffer) was prepared and well mixed for use.2) The compound was diluted by 10 times with ddH2O or DMSO. The compound was then dilute to 4 times of the working concentration with 1×TLB and mixed well for use.3) 8600 nM Tag-lite angiotensin receptor red agonist was diluted to 12 nM (4×Kd) with 1×TLB.4) 5 ml 1×TLB was taken into a 15 ml centrifuge tube.5) After thawing 1 tube of Tb-labeled AT1R/AT2R cells in a 37° C. water bath, the cells were quickly transferred to the 1×TLB in step 4), mixed gently, and centrifuged at 1200 g for 5 minutes at room temperature.6) The supernatant was aspirated gently, and the cells were resuspended and mixed in 2.7 ml 1×TLB, and then placed at room temperature until use.7) 10 μl cells were added to all test wells, and 5 μl 4× working solution of the compound from step 2) was added to the corresponding test wells. 5 μl 4× Tag-lite angiotensin receptor red agonist well diluted in step 3) was added to all test wells.8) After leaving the reaction plate at room temperature for 1 h, data were measured and analyzed using Envision HTRF Reader, and the half inhibitory concentration (IC50) of the compound on AT1R/AT2R was calculated with the GraphPad Prism four-parameter equation.";"B";"BAO_0000019";"assay format";"Homo sapiens";"None";"None";"None";"None";"";"";"";"CHEMBL227";"Type-1 angiotensin II receptor";"Homo sapiens";"SINGLE PROTEIN";"CHEMBL5729340";"37";"BindingDB Patent Bioactivity Data";"";"2022";"None";"";"";"";"10000.0"
"CHEMBL5837188";"";"None";"470.53";"0";"4.15";"BDBM573715";"O=C(O)[C@@H]1[C@H]2CC[C@@H](CN1C(=O)C(c1ccccc1)c1ccccc1)N2C(=O)Oc1ccccc1";"IC50";"'>'";"10000.0";"nM";"";"";"1210598";"UO_0000065";"";"";"";"";"0";"CHEMBL5738515";"Biological Assay: Measurement of Inhibitory Activity on AT1 Receptor (AT4R)/AT2 Receptor (AT2R)Through the following steps, the inhibitory activity of the compound on AT1R/AT2R (IC50 value) was determined:1) An appropriate amount of 1×TLB (Tag-lite Buffer) was prepared and well mixed for use.2) The compound was diluted by 10 times with ddH2O or DMSO. The compound was then dilute to 4 times of the working concentration with 1×TLB and mixed well for use.3) 8600 nM Tag-lite angiotensin receptor red agonist was diluted to 12 nM (4×Kd) with 1×TLB.4) 5 ml 1×TLB was taken into a 15 ml centrifuge tube.5) After thawing 1 tube of Tb-labeled AT1R/AT2R cells in a 37° C. water bath, the cells were quickly transferred to the 1×TLB in step 4), mixed gently, and centrifuged at 1200 g for 5 minutes at room temperature.6) The supernatant was aspirated gently, and the cells were resuspended and mixed in 2.7 ml 1×TLB, and then placed at room temperature until use.7) 10 μl cells were added to all test wells, and 5 μl 4× working solution of the compound from step 2) was added to the corresponding test wells. 5 μl 4× Tag-lite angiotensin receptor red agonist well diluted in step 3) was added to all test wells.8) After leaving the reaction plate at room temperature for 1 h, data were measured and analyzed using Envision HTRF Reader, and the half inhibitory concentration (IC50) of the compound on AT1R/AT2R was calculated with the GraphPad Prism four-parameter equation.";"B";"BAO_0000019";"assay format";"Homo sapiens";"None";"None";"None";"None";"";"";"";"CHEMBL227";"Type-1 angiotensin II receptor";"Homo sapiens";"SINGLE PROTEIN";"CHEMBL5729340";"37";"BindingDB Patent Bioactivity Data";"";"2022";"None";"";"";"";"10000.0"
"CHEMBL5958001";"";"None";"469.54";"0";"4.18";"BDBM573717";"O=C(O)[C@@H]1[C@H]2CC[C@@H](CN1C(=O)C(c1ccccc1)c1ccccc1)N2C(=O)Nc1ccccc1";"IC50";"'>'";"10000.0";"nM";"";"";"1210602";"UO_0000065";"";"";"";"";"0";"CHEMBL5738515";"Biological Assay: Measurement of Inhibitory Activity on AT1 Receptor (AT4R)/AT2 Receptor (AT2R)Through the following steps, the inhibitory activity of the compound on AT1R/AT2R (IC50 value) was determined:1) An appropriate amount of 1×TLB (Tag-lite Buffer) was prepared and well mixed for use.2) The compound was diluted by 10 times with ddH2O or DMSO. The compound was then dilute to 4 times of the working concentration with 1×TLB and mixed well for use.3) 8600 nM Tag-lite angiotensin receptor red agonist was diluted to 12 nM (4×Kd) with 1×TLB.4) 5 ml 1×TLB was taken into a 15 ml centrifuge tube.5) After thawing 1 tube of Tb-labeled AT1R/AT2R cells in a 37° C. water bath, the cells were quickly transferred to the 1×TLB in step 4), mixed gently, and centrifuged at 1200 g for 5 minutes at room temperature.6) The supernatant was aspirated gently, and the cells were resuspended and mixed in 2.7 ml 1×TLB, and then placed at room temperature until use.7) 10 μl cells were added to all test wells, and 5 μl 4× working solution of the compound from step 2) was added to the corresponding test wells. 5 μl 4× Tag-lite angiotensin receptor red agonist well diluted in step 3) was added to all test wells.8) After leaving the reaction plate at room temperature for 1 h, data were measured and analyzed using Envision HTRF Reader, and the half inhibitory concentration (IC50) of the compound on AT1R/AT2R was calculated with the GraphPad Prism four-parameter equation.";"B";"BAO_0000019";"assay format";"Homo sapiens";"None";"None";"None";"None";"";"";"";"CHEMBL227";"Type-1 angiotensin II receptor";"Homo sapiens";"SINGLE PROTEIN";"CHEMBL5729340";"37";"BindingDB Patent Bioactivity Data";"";"2022";"None";"";"";"";"10000.0"
"CHEMBL5780623";"";"None";"498.58";"0";"4.46";"BDBM573752";"CC(C(=O)N1C[C@@H]2CC[C@H]([C@H]1C(=O)O)N2C(=O)OCc1ccccc1)(c1ccccc1)c1ccccc1";"IC50";"'>'";"10000.0";"nM";"";"";"1210643";"UO_0000065";"";"";"";"";"0";"CHEMBL5738515";"Biological Assay: Measurement of Inhibitory Activity on AT1 Receptor (AT4R)/AT2 Receptor (AT2R)Through the following steps, the inhibitory activity of the compound on AT1R/AT2R (IC50 value) was determined:1) An appropriate amount of 1×TLB (Tag-lite Buffer) was prepared and well mixed for use.2) The compound was diluted by 10 times with ddH2O or DMSO. The compound was then dilute to 4 times of the working concentration with 1×TLB and mixed well for use.3) 8600 nM Tag-lite angiotensin receptor red agonist was diluted to 12 nM (4×Kd) with 1×TLB.4) 5 ml 1×TLB was taken into a 15 ml centrifuge tube.5) After thawing 1 tube of Tb-labeled AT1R/AT2R cells in a 37° C. water bath, the cells were quickly transferred to the 1×TLB in step 4), mixed gently, and centrifuged at 1200 g for 5 minutes at room temperature.6) The supernatant was aspirated gently, and the cells were resuspended and mixed in 2.7 ml 1×TLB, and then placed at room temperature until use.7) 10 μl cells were added to all test wells, and 5 μl 4× working solution of the compound from step 2) was added to the corresponding test wells. 5 μl 4× Tag-lite angiotensin receptor red agonist well diluted in step 3) was added to all test wells.8) After leaving the reaction plate at room temperature for 1 h, data were measured and analyzed using Envision HTRF Reader, and the half inhibitory concentration (IC50) of the compound on AT1R/AT2R was calculated with the GraphPad Prism four-parameter equation.";"B";"BAO_0000019";"assay format";"Homo sapiens";"None";"None";"None";"None";"";"";"";"CHEMBL227";"Type-1 angiotensin II receptor";"Homo sapiens";"SINGLE PROTEIN";"CHEMBL5729340";"37";"BindingDB Patent Bioactivity Data";"";"2022";"None";"";"";"";"10000.0"
"CHEMBL6027504";"";"None";"455.55";"0";"4.87";"BDBM573832";"O=C(O)[C@@H]1[C@H]2CC[C@H](CC2OCc2ccccc2)N1C(=O)C(c1ccccc1)c1ccccc1";"IC50";"'>'";"10000.0";"nM";"";"";"1210727";"UO_0000065";"";"";"";"";"0";"CHEMBL5738515";"Biological Assay: Measurement of Inhibitory Activity on AT1 Receptor (AT4R)/AT2 Receptor (AT2R)Through the following steps, the inhibitory activity of the compound on AT1R/AT2R (IC50 value) was determined:1) An appropriate amount of 1×TLB (Tag-lite Buffer) was prepared and well mixed for use.2) The compound was diluted by 10 times with ddH2O or DMSO. The compound was then dilute to 4 times of the working concentration with 1×TLB and mixed well for use.3) 8600 nM Tag-lite angiotensin receptor red agonist was diluted to 12 nM (4×Kd) with 1×TLB.4) 5 ml 1×TLB was taken into a 15 ml centrifuge tube.5) After thawing 1 tube of Tb-labeled AT1R/AT2R cells in a 37° C. water bath, the cells were quickly transferred to the 1×TLB in step 4), mixed gently, and centrifuged at 1200 g for 5 minutes at room temperature.6) The supernatant was aspirated gently, and the cells were resuspended and mixed in 2.7 ml 1×TLB, and then placed at room temperature until use.7) 10 μl cells were added to all test wells, and 5 μl 4× working solution of the compound from step 2) was added to the corresponding test wells. 5 μl 4× Tag-lite angiotensin receptor red agonist well diluted in step 3) was added to all test wells.8) After leaving the reaction plate at room temperature for 1 h, data were measured and analyzed using Envision HTRF Reader, and the half inhibitory concentration (IC50) of the compound on AT1R/AT2R was calculated with the GraphPad Prism four-parameter equation.";"B";"BAO_0000019";"assay format";"Homo sapiens";"None";"None";"None";"None";"";"";"";"CHEMBL227";"Type-1 angiotensin II receptor";"Homo sapiens";"SINGLE PROTEIN";"CHEMBL5729340";"37";"BindingDB Patent Bioactivity Data";"";"2022";"None";"";"";"";"10000.0"
"CHEMBL5807289";"";"None";"498.58";"0";"4.80";"BDBM573718";"CN(Cc1ccccc1)C(=O)N1[C@H]2CC[C@@H]1[C@@H](C(=O)O)N(C(=O)N(c1ccccc1)c1ccccc1)C2";"IC50";"'>'";"10000.0";"nM";"";"";"1210604";"UO_0000065";"";"";"";"";"0";"CHEMBL5738515";"Biological Assay: Measurement of Inhibitory Activity on AT1 Receptor (AT4R)/AT2 Receptor (AT2R)Through the following steps, the inhibitory activity of the compound on AT1R/AT2R (IC50 value) was determined:1) An appropriate amount of 1×TLB (Tag-lite Buffer) was prepared and well mixed for use.2) The compound was diluted by 10 times with ddH2O or DMSO. The compound was then dilute to 4 times of the working concentration with 1×TLB and mixed well for use.3) 8600 nM Tag-lite angiotensin receptor red agonist was diluted to 12 nM (4×Kd) with 1×TLB.4) 5 ml 1×TLB was taken into a 15 ml centrifuge tube.5) After thawing 1 tube of Tb-labeled AT1R/AT2R cells in a 37° C. water bath, the cells were quickly transferred to the 1×TLB in step 4), mixed gently, and centrifuged at 1200 g for 5 minutes at room temperature.6) The supernatant was aspirated gently, and the cells were resuspended and mixed in 2.7 ml 1×TLB, and then placed at room temperature until use.7) 10 μl cells were added to all test wells, and 5 μl 4× working solution of the compound from step 2) was added to the corresponding test wells. 5 μl 4× Tag-lite angiotensin receptor red agonist well diluted in step 3) was added to all test wells.8) After leaving the reaction plate at room temperature for 1 h, data were measured and analyzed using Envision HTRF Reader, and the half inhibitory concentration (IC50) of the compound on AT1R/AT2R was calculated with the GraphPad Prism four-parameter equation.";"B";"BAO_0000019";"assay format";"Homo sapiens";"None";"None";"None";"None";"";"";"";"CHEMBL227";"Type-1 angiotensin II receptor";"Homo sapiens";"SINGLE PROTEIN";"CHEMBL5729340";"37";"BindingDB Patent Bioactivity Data";"";"2022";"None";"";"";"";"10000.0"
"CHEMBL5863261";"";"None";"470.53";"0";"4.15";"BDBM573708";"O=C(O)[C@@H]1[C@H]2CC[C@@H](CN1C(=O)Oc1ccccc1)N2C(=O)C(c1ccccc1)c1ccccc1";"IC50";"'>'";"10000.0";"nM";"";"";"1210588";"UO_0000065";"";"";"";"";"0";"CHEMBL5738515";"Biological Assay: Measurement of Inhibitory Activity on AT1 Receptor (AT4R)/AT2 Receptor (AT2R)Through the following steps, the inhibitory activity of the compound on AT1R/AT2R (IC50 value) was determined:1) An appropriate amount of 1×TLB (Tag-lite Buffer) was prepared and well mixed for use.2) The compound was diluted by 10 times with ddH2O or DMSO. The compound was then dilute to 4 times of the working concentration with 1×TLB and mixed well for use.3) 8600 nM Tag-lite angiotensin receptor red agonist was diluted to 12 nM (4×Kd) with 1×TLB.4) 5 ml 1×TLB was taken into a 15 ml centrifuge tube.5) After thawing 1 tube of Tb-labeled AT1R/AT2R cells in a 37° C. water bath, the cells were quickly transferred to the 1×TLB in step 4), mixed gently, and centrifuged at 1200 g for 5 minutes at room temperature.6) The supernatant was aspirated gently, and the cells were resuspended and mixed in 2.7 ml 1×TLB, and then placed at room temperature until use.7) 10 μl cells were added to all test wells, and 5 μl 4× working solution of the compound from step 2) was added to the corresponding test wells. 5 μl 4× Tag-lite angiotensin receptor red agonist well diluted in step 3) was added to all test wells.8) After leaving the reaction plate at room temperature for 1 h, data were measured and analyzed using Envision HTRF Reader, and the half inhibitory concentration (IC50) of the compound on AT1R/AT2R was calculated with the GraphPad Prism four-parameter equation.";"B";"BAO_0000019";"assay format";"Homo sapiens";"None";"None";"None";"None";"";"";"";"CHEMBL227";"Type-1 angiotensin II receptor";"Homo sapiens";"SINGLE PROTEIN";"CHEMBL5729340";"37";"BindingDB Patent Bioactivity Data";"";"2022";"None";"";"";"";"10000.0"
"CHEMBL5861407";"";"None";"533.03";"2";"5.45";"BDBM573745";"CN(Cc1ccc(Cl)cc1)C(=O)N1[C@H]2CC[C@@H]1[C@@H](C(=O)O)N(C(=O)N(c1ccccc1)c1ccccc1)C2";"IC50";"'>'";"10000.0";"nM";"";"";"1210634";"UO_0000065";"";"";"";"";"0";"CHEMBL5738515";"Biological Assay: Measurement of Inhibitory Activity on AT1 Receptor (AT4R)/AT2 Receptor (AT2R)Through the following steps, the inhibitory activity of the compound on AT1R/AT2R (IC50 value) was determined:1) An appropriate amount of 1×TLB (Tag-lite Buffer) was prepared and well mixed for use.2) The compound was diluted by 10 times with ddH2O or DMSO. The compound was then dilute to 4 times of the working concentration with 1×TLB and mixed well for use.3) 8600 nM Tag-lite angiotensin receptor red agonist was diluted to 12 nM (4×Kd) with 1×TLB.4) 5 ml 1×TLB was taken into a 15 ml centrifuge tube.5) After thawing 1 tube of Tb-labeled AT1R/AT2R cells in a 37° C. water bath, the cells were quickly transferred to the 1×TLB in step 4), mixed gently, and centrifuged at 1200 g for 5 minutes at room temperature.6) The supernatant was aspirated gently, and the cells were resuspended and mixed in 2.7 ml 1×TLB, and then placed at room temperature until use.7) 10 μl cells were added to all test wells, and 5 μl 4× working solution of the compound from step 2) was added to the corresponding test wells. 5 μl 4× Tag-lite angiotensin receptor red agonist well diluted in step 3) was added to all test wells.8) After leaving the reaction plate at room temperature for 1 h, data were measured and analyzed using Envision HTRF Reader, and the half inhibitory concentration (IC50) of the compound on AT1R/AT2R was calculated with the GraphPad Prism four-parameter equation.";"B";"BAO_0000019";"assay format";"Homo sapiens";"None";"None";"None";"None";"";"";"";"CHEMBL227";"Type-1 angiotensin II receptor";"Homo sapiens";"SINGLE PROTEIN";"CHEMBL5729340";"37";"BindingDB Patent Bioactivity Data";"";"2022";"None";"";"";"";"10000.0"
"CHEMBL5759014";"";"None";"544.65";"2";"5.31";"BDBM573342";"O=C(O)[C@@H]1[C@H]2CC[C@@H](CN1C(=O)C(c1ccccc1)c1ccccc1)N2C(=O)C(c1ccccc1)c1ccccc1";"IC50";"'>'";"10000.0";"nM";"";"";"1210562";"UO_0000065";"";"";"";"";"0";"CHEMBL5738515";"Biological Assay: Measurement of Inhibitory Activity on AT1 Receptor (AT4R)/AT2 Receptor (AT2R)Through the following steps, the inhibitory activity of the compound on AT1R/AT2R (IC50 value) was determined:1) An appropriate amount of 1×TLB (Tag-lite Buffer) was prepared and well mixed for use.2) The compound was diluted by 10 times with ddH2O or DMSO. The compound was then dilute to 4 times of the working concentration with 1×TLB and mixed well for use.3) 8600 nM Tag-lite angiotensin receptor red agonist was diluted to 12 nM (4×Kd) with 1×TLB.4) 5 ml 1×TLB was taken into a 15 ml centrifuge tube.5) After thawing 1 tube of Tb-labeled AT1R/AT2R cells in a 37° C. water bath, the cells were quickly transferred to the 1×TLB in step 4), mixed gently, and centrifuged at 1200 g for 5 minutes at room temperature.6) The supernatant was aspirated gently, and the cells were resuspended and mixed in 2.7 ml 1×TLB, and then placed at room temperature until use.7) 10 μl cells were added to all test wells, and 5 μl 4× working solution of the compound from step 2) was added to the corresponding test wells. 5 μl 4× Tag-lite angiotensin receptor red agonist well diluted in step 3) was added to all test wells.8) After leaving the reaction plate at room temperature for 1 h, data were measured and analyzed using Envision HTRF Reader, and the half inhibitory concentration (IC50) of the compound on AT1R/AT2R was calculated with the GraphPad Prism four-parameter equation.";"B";"BAO_0000019";"assay format";"Homo sapiens";"None";"None";"None";"None";"";"";"";"CHEMBL227";"Type-1 angiotensin II receptor";"Homo sapiens";"SINGLE PROTEIN";"CHEMBL5729340";"37";"BindingDB Patent Bioactivity Data";"";"2022";"None";"";"";"";"10000.0"
"CHEMBL5888625";"";"None";"546.63";"2";"6.50";"BDBM573693";"O=C(O)[C@@H]1[C@H]2CC[C@@H](CN1C(=O)N(c1ccccc1)c1ccccc1)N2C(=O)N(c1ccccc1)c1ccccc1";"IC50";"'>'";"10000.0";"nM";"";"";"1210567";"UO_0000065";"";"";"";"";"0";"CHEMBL5738515";"Biological Assay: Measurement of Inhibitory Activity on AT1 Receptor (AT4R)/AT2 Receptor (AT2R)Through the following steps, the inhibitory activity of the compound on AT1R/AT2R (IC50 value) was determined:1) An appropriate amount of 1×TLB (Tag-lite Buffer) was prepared and well mixed for use.2) The compound was diluted by 10 times with ddH2O or DMSO. The compound was then dilute to 4 times of the working concentration with 1×TLB and mixed well for use.3) 8600 nM Tag-lite angiotensin receptor red agonist was diluted to 12 nM (4×Kd) with 1×TLB.4) 5 ml 1×TLB was taken into a 15 ml centrifuge tube.5) After thawing 1 tube of Tb-labeled AT1R/AT2R cells in a 37° C. water bath, the cells were quickly transferred to the 1×TLB in step 4), mixed gently, and centrifuged at 1200 g for 5 minutes at room temperature.6) The supernatant was aspirated gently, and the cells were resuspended and mixed in 2.7 ml 1×TLB, and then placed at room temperature until use.7) 10 μl cells were added to all test wells, and 5 μl 4× working solution of the compound from step 2) was added to the corresponding test wells. 5 μl 4× Tag-lite angiotensin receptor red agonist well diluted in step 3) was added to all test wells.8) After leaving the reaction plate at room temperature for 1 h, data were measured and analyzed using Envision HTRF Reader, and the half inhibitory concentration (IC50) of the compound on AT1R/AT2R was calculated with the GraphPad Prism four-parameter equation.";"B";"BAO_0000019";"assay format";"Homo sapiens";"None";"None";"None";"None";"";"";"";"CHEMBL227";"Type-1 angiotensin II receptor";"Homo sapiens";"SINGLE PROTEIN";"CHEMBL5729340";"37";"BindingDB Patent Bioactivity Data";"";"2022";"None";"";"";"";"10000.0"
"CHEMBL5959829";"";"None";"569.66";"2";"6.39";"BDBM573696";"O=C(O)[C@@H]1[C@H]2CC[C@@H](CN1C(=O)N1c3ccccc3C=Cc3ccccc31)N2C(=O)C(c1ccccc1)c1ccccc1";"IC50";"'>'";"10000.0";"nM";"";"";"1210571";"UO_0000065";"";"";"";"";"0";"CHEMBL5738515";"Biological Assay: Measurement of Inhibitory Activity on AT1 Receptor (AT4R)/AT2 Receptor (AT2R)Through the following steps, the inhibitory activity of the compound on AT1R/AT2R (IC50 value) was determined:1) An appropriate amount of 1×TLB (Tag-lite Buffer) was prepared and well mixed for use.2) The compound was diluted by 10 times with ddH2O or DMSO. The compound was then dilute to 4 times of the working concentration with 1×TLB and mixed well for use.3) 8600 nM Tag-lite angiotensin receptor red agonist was diluted to 12 nM (4×Kd) with 1×TLB.4) 5 ml 1×TLB was taken into a 15 ml centrifuge tube.5) After thawing 1 tube of Tb-labeled AT1R/AT2R cells in a 37° C. water bath, the cells were quickly transferred to the 1×TLB in step 4), mixed gently, and centrifuged at 1200 g for 5 minutes at room temperature.6) The supernatant was aspirated gently, and the cells were resuspended and mixed in 2.7 ml 1×TLB, and then placed at room temperature until use.7) 10 μl cells were added to all test wells, and 5 μl 4× working solution of the compound from step 2) was added to the corresponding test wells. 5 μl 4× Tag-lite angiotensin receptor red agonist well diluted in step 3) was added to all test wells.8) After leaving the reaction plate at room temperature for 1 h, data were measured and analyzed using Envision HTRF Reader, and the half inhibitory concentration (IC50) of the compound on AT1R/AT2R was calculated with the GraphPad Prism four-parameter equation.";"B";"BAO_0000019";"assay format";"Homo sapiens";"None";"None";"None";"None";"";"";"";"CHEMBL227";"Type-1 angiotensin II receptor";"Homo sapiens";"SINGLE PROTEIN";"CHEMBL5729340";"37";"BindingDB Patent Bioactivity Data";"";"2022";"None";"";"";"";"10000.0"
"CHEMBL5916091";"";"None";"545.64";"2";"5.91";"BDBM573697";"O=C(O)[C@@H]1[C@H]2CC[C@@H](CN1C(=O)N(c1ccccc1)c1ccccc1)N2C(=O)C(c1ccccc1)c1ccccc1";"IC50";"'>'";"10000.0";"nM";"";"";"1210573";"UO_0000065";"";"";"";"";"0";"CHEMBL5738515";"Biological Assay: Measurement of Inhibitory Activity on AT1 Receptor (AT4R)/AT2 Receptor (AT2R)Through the following steps, the inhibitory activity of the compound on AT1R/AT2R (IC50 value) was determined:1) An appropriate amount of 1×TLB (Tag-lite Buffer) was prepared and well mixed for use.2) The compound was diluted by 10 times with ddH2O or DMSO. The compound was then dilute to 4 times of the working concentration with 1×TLB and mixed well for use.3) 8600 nM Tag-lite angiotensin receptor red agonist was diluted to 12 nM (4×Kd) with 1×TLB.4) 5 ml 1×TLB was taken into a 15 ml centrifuge tube.5) After thawing 1 tube of Tb-labeled AT1R/AT2R cells in a 37° C. water bath, the cells were quickly transferred to the 1×TLB in step 4), mixed gently, and centrifuged at 1200 g for 5 minutes at room temperature.6) The supernatant was aspirated gently, and the cells were resuspended and mixed in 2.7 ml 1×TLB, and then placed at room temperature until use.7) 10 μl cells were added to all test wells, and 5 μl 4× working solution of the compound from step 2) was added to the corresponding test wells. 5 μl 4× Tag-lite angiotensin receptor red agonist well diluted in step 3) was added to all test wells.8) After leaving the reaction plate at room temperature for 1 h, data were measured and analyzed using Envision HTRF Reader, and the half inhibitory concentration (IC50) of the compound on AT1R/AT2R was calculated with the GraphPad Prism four-parameter equation.";"B";"BAO_0000019";"assay format";"Homo sapiens";"None";"None";"None";"None";"";"";"";"CHEMBL227";"Type-1 angiotensin II receptor";"Homo sapiens";"SINGLE PROTEIN";"CHEMBL5729340";"37";"BindingDB Patent Bioactivity Data";"";"2022";"None";"";"";"";"10000.0"
